Id,Name,Tier__c,CustomerPriority__c,SLA__c,Industry,Region__c,ContractStatus__c,ContractStartDate__c,ContractEndDate__c,AnnualContractValue__c,ProductLine__c,CreatedDate,BillingCountry,NumberOfEmployees,Website,AccountSource
001000000000000000,Helios Fabric Co,SMB,High,Bronze,Biotech,EMEA,Expired,2025-04-18,2026-04-18,56714,AI Studio,2019-12-12,DE,17344,www.helios.com,Event
001000000000000001,PioneerSignal Partners,SMB,High,Bronze,Healthcare,APAC,Expired,2025-02-16,2026-02-16,40941,AI Studio,2025-03-04,UK,26619,www.pioneersignal.com,Inbound
001000000000000002,SummitSphere Group,SMB,High,Bronze,Retail,NA-East,Expired,2025-04-03,2026-04-03,43900,AI Studio,2025-01-06,AU,6393,www.summitsphere.com,Event
001000000000000003,Standard Logic Group,SMB,High,Bronze,Biotech,NA-East,Expired,2025-02-19,2026-02-19,111978,AI Studio,2023-01-12,DE,34254,www.standard.com,Outbound
001000000000000004,GraniteCompute Technologies,SMB,High,Bronze,Healthcare,NA-West,Expired,2025-02-09,2026-02-09,94740,Edge Connect,2024-01-04,DE,34717,www.granitecompute.com,Event
001000000000000005,CedarMetric Holdings,SMB,Medium,Bronze,Healthcare,APAC,Active,2026-10-01,2027-10-01,42722,Analytics Suite,2024-08-27,FR,54174,www.cedarmetric.com,Event
001000000000000006,Standard Pulse Solutions,Enterprise,Low,Bronze,Public Sector,APAC,Active,2026-08-30,2027-08-30,628099,Data Sync,2020-01-12,JP,4385,www.standard.com,Event
001000000000000007,VertexSystems LLC,Enterprise,High,Silver,Energy,APAC,Active,2026-05-31,2027-05-31,1114032,Edge Connect,2023-07-12,UK,20034,www.vertexsystems.com,Partner
001000000000000008,Helios Sphere Solutions,Enterprise,Medium,Bronze,Manufacturing,LATAM,Expired,2024-12-31,2025-12-31,171617,Core Platform,2022-07-14,DE,58525,www.helios.com,Outbound
001000000000000009,CrownByte Partners,SMB,High,Gold,Energy,APAC,Expired,2024-10-30,2025-10-30,14515,AI Studio,2019-08-01,FR,20153,www.crownbyte.com,Partner
001000000000000010,CedarStream Solutions,SMB,High,Gold,Public Sector,NA-West,Active,2026-01-24,2027-01-24,12659,Data Sync,2021-01-18,AU,33399,www.cedarstream.com,Outbound
001000000000000011,BrightNetworks Holdings,Enterprise,High,Gold,Education,EMEA,Active,2026-12-13,2027-12-13,120858,Edge Connect,2020-08-16,US,57294,www.brightnetworks.com,Partner
001000000000000012,SableCloud Corp,Enterprise,Low,Gold,Healthcare,NA-West,Active,2025-09-13,2026-09-13,1026586,Analytics Suite,2023-08-20,IN,47684,www.sablecloud.com,Outbound
001000000000000013,NovaCore Technologies,SMB,Low,Bronze,Manufacturing,APAC,Active,2025-10-21,2026-10-21,41509,AI Studio,2020-03-18,SG,58074,www.novacore.com,Outbound
001000000000000014,CobaltLabs Corp,SMB,Low,Silver,Healthcare,NA-East,Expired,2024-10-23,2025-10-23,52010,AI Studio,2025-01-10,IN,57315,www.cobaltlabs.com,Partner
001000000000000015,EmeraldAnalytics Solutions,Enterprise,Medium,Gold,Energy,NA-East,Active,2026-10-02,2027-10-02,755587,Core Platform,2020-10-04,SG,49543,www.emeraldanalytics.com,Event
001000000000000016,BrightFabric Solutions,Enterprise,Low,Silver,Biotech,EMEA,Active,2026-06-03,2027-06-03,864409,Analytics Suite,2022-11-11,IN,37761,www.brightfabric.com,Event
001000000000000017,AuroraVector Systems,Enterprise,Medium,Platinum,Biotech,EMEA,Active,2025-08-03,2026-08-03,94110,Data Sync,2022-11-05,SG,46700,www.auroravector.com,Event
001000000000000018,SterlingLink Partners,Enterprise,High,Platinum,Manufacturing,APAC,Active,2025-10-17,2026-10-17,644703,Data Sync,2025-03-20,JP,22558,www.sterlinglink.com,Partner
001000000000000019,CopperFabric Group,Enterprise,Medium,Silver,Manufacturing,EMEA,Active,2026-07-14,2027-07-14,1113752,Edge Connect,2023-08-07,US,19683,www.copperfabric.com,Outbound
001000000000000020,HarborLoop Global,Enterprise,Medium,Gold,Education,EMEA,Active,2025-08-01,2026-08-01,1057511,Core Platform,2024-09-28,US,12253,www.harborloop.com,Outbound
001000000000000021,EmeraldCloud Solutions,SMB,Medium,Silver,Telecom,APAC,Active,2026-11-28,2027-11-28,48829,Core Platform,2020-09-30,UK,36929,www.emeraldcloud.com,Partner
001000000000000022,Standard Micro Inc,Enterprise,Medium,Bronze,Retail,LATAM,Active,2026-09-05,2027-09-05,894872,Edge Connect,2021-10-21,UK,39244,www.standard.com,Inbound
001000000000000023,GraniteSoft Group,Enterprise,Low,Silver,Logistics,EMEA,Active,2026-10-06,2027-10-06,129534,Edge Connect,2024-09-17,US,50616,www.granitesoft.com,Outbound
001000000000000024,CrownCore Co,SMB,Medium,Bronze,Logistics,NA-East,Active,2025-07-31,2026-07-31,54554,Data Sync,2022-09-23,BR,42756,www.crowncore.com,Inbound
001000000000000025,TitanWorks Corp,Enterprise,Medium,Silver,Energy,NA-East,Active,2025-08-06,2026-08-06,708052,Edge Connect,2020-06-10,SG,9564,www.titanworks.com,Outbound
001000000000000026,PacificWave Corp,SMB,Low,Bronze,Manufacturing,NA-East,Active,2026-08-23,2027-08-23,59807,Data Sync,2022-03-12,IN,54331,www.pacificwave.com,Partner
001000000000000027,PacificWave Group,SMB,Medium,Silver,Biotech,NA-East,Active,2025-07-23,2026-07-23,24891,Analytics Suite,2023-10-05,AU,25504,www.pacificwave.com,Inbound
001000000000000028,TitanSphere Holdings,Enterprise,High,Silver,Logistics,APAC,Active,2025-09-04,2026-09-04,426263,Analytics Suite,2020-01-09,DE,42662,www.titansphere.com,Outbound
001000000000000029,CascadeDynamics Solutions,SMB,Low,Silver,Biotech,LATAM,Active,2026-02-18,2027-02-18,17737,Analytics Suite,2020-07-22,SG,5369,www.cascadedynamics.com,Outbound
001000000000000030,SableAnalytics Solutions,Enterprise,Medium,Silver,Energy,NA-East,Active,2025-12-06,2026-12-06,397971,Edge Connect,2020-02-01,FR,14087,www.sableanalytics.com,Partner
001000000000000031,MapleLink Solutions,SMB,High,Gold,Manufacturing,NA-West,Active,2025-08-21,2026-08-21,49596,AI Studio,2020-01-20,FR,2905,www.maplelink.com,Event
001000000000000032,LarkWave Inc,Enterprise,High,Silver,Media,NA-East,Expired,2025-05-25,2026-05-25,295159,Core Platform,2023-10-01,JP,53732,www.larkwave.com,Outbound
001000000000000033,CrownVision LLC,Enterprise,High,Silver,Biotech,NA-East,Active,2026-12-15,2027-12-15,913873,AI Studio,2021-02-23,BR,9964,www.crownvision.com,Event
001000000000000034,SilverMetric Industries,SMB,Low,Silver,Education,NA-West,Active,2025-07-31,2026-07-31,63769,Analytics Suite,2023-05-25,JP,36853,www.silvermetric.com,Event
001000000000000035,IronCore Co,SMB,High,Gold,Media,EMEA,Active,2026-03-12,2027-03-12,45772,Data Sync,2020-03-10,IN,26450,www.ironcore.com,Outbound
001000000000000036,GraniteLabs Co,Enterprise,Low,Platinum,Energy,NA-East,Active,2026-05-02,2027-05-02,713108,Edge Connect,2022-09-20,SG,23629,www.granitelabs.com,Outbound
001000000000000037,VanguardSignal Corp,Enterprise,High,Silver,Education,NA-East,Active,2025-07-22,2026-07-22,395527,Core Platform,2021-09-05,US,13302,www.vanguardsignal.com,Inbound
001000000000000038,Helios Labs LLC,SMB,High,Gold,Education,APAC,Active,2025-08-20,2026-08-20,13223,Core Platform,2024-02-24,UK,55462,www.helios.com,Event
001000000000000039,CedarStream Systems,Enterprise,Medium,Gold,Technology,LATAM,Active,2026-09-28,2027-09-28,1110399,AI Studio,2019-08-25,FR,30357,www.cedarstream.com,Event
001000000000000040,OnyxPulse Holdings,SMB,Low,Gold,Media,LATAM,Active,2025-07-19,2026-07-19,28022,Analytics Suite,2024-08-07,BR,50137,www.onyxpulse.com,Outbound
001000000000000041,TitanVector Partners,Enterprise,Low,Bronze,Retail,LATAM,Expired,2024-09-21,2025-09-21,785824,Edge Connect,2023-01-27,IN,37548,www.titanvector.com,Outbound
001000000000000042,MapleLogic Industries,SMB,High,Silver,Financial Services,LATAM,Active,2026-08-18,2027-08-18,47148,Edge Connect,2023-11-05,DE,43104,www.maplelogic.com,Outbound
001000000000000043,PioneerLabs Solutions,SMB,Low,Gold,Public Sector,NA-West,Active,2025-07-26,2026-07-26,59081,AI Studio,2025-04-27,FR,8024,www.pioneerlabs.com,Inbound
001000000000000044,CrownFabric Systems,SMB,Low,Gold,Financial Services,NA-East,Active,2025-11-05,2026-11-05,45335,Data Sync,2020-06-18,JP,38947,www.crownfabric.com,Event
001000000000000045,QuantumVision Group,SMB,Medium,Silver,Media,APAC,Active,2025-09-29,2026-09-29,48839,AI Studio,2019-12-20,AU,51796,www.quantumvision.com,Partner
001000000000000046,CedarTech Solutions,Enterprise,Medium,Platinum,Healthcare,NA-East,Active,2025-08-20,2026-08-20,685722,Analytics Suite,2025-02-16,AU,10727,www.cedartech.com,Inbound
001000000000000047,RidgeSphere LLC,Enterprise,Medium,Gold,Healthcare,LATAM,Active,2025-08-05,2026-08-05,234326,Edge Connect,2020-11-08,IN,11060,www.ridgesphere.com,Event
001000000000000048,GraniteWave Industries,Enterprise,High,Gold,Biotech,NA-East,Active,2026-03-18,2027-03-18,232108,Data Sync,2025-01-15,US,32502,www.granitewave.com,Inbound
001000000000000049,KeystoneWorks Co,SMB,Medium,Gold,Logistics,APAC,Active,2026-04-20,2027-04-20,49149,Data Sync,2019-11-30,DE,45722,www.keystoneworks.com,Inbound
001000000000000050,AtlasFabric LLC,Enterprise,Medium,Bronze,Media,EMEA,Active,2026-06-07,2027-06-07,592963,Core Platform,2021-02-16,UK,45469,www.atlasfabric.com,Inbound
001000000000000051,PioneerCore Global,SMB,High,Silver,Healthcare,NA-East,Expired,2024-12-08,2025-12-08,60970,AI Studio,2024-08-13,AU,15532,www.pioneercore.com,Outbound
001000000000000052,NovaTech Co,SMB,High,Silver,Healthcare,APAC,Active,2025-09-23,2026-09-23,40543,Data Sync,2025-04-24,SG,7791,www.novatech.com,Partner
001000000000000053,AtlasFabric Technologies,SMB,Medium,Gold,Logistics,NA-West,Active,2025-12-19,2026-12-19,32764,Data Sync,2025-02-08,AU,51728,www.atlasfabric.com,Partner
001000000000000054,PioneerGrid Solutions,Enterprise,Medium,Silver,Telecom,APAC,Expired,2025-01-29,2026-01-29,1176756,Data Sync,2020-07-05,UK,50705,www.pioneergrid.com,Inbound
001000000000000055,BrightCloud Inc,SMB,Low,Bronze,Technology,NA-East,Active,2025-11-02,2026-11-02,24461,Core Platform,2020-07-13,AU,1256,www.brightcloud.com,Outbound
001000000000000056,CobaltStream Co,SMB,High,Bronze,Technology,NA-East,Active,2025-09-25,2026-09-25,29425,Data Sync,2025-05-12,DE,42816,www.cobaltstream.com,Inbound
001000000000000057,RidgeStream Partners,Enterprise,High,Gold,Telecom,APAC,Expired,2024-11-30,2025-11-30,201994,Edge Connect,2019-12-02,BR,42266,www.ridgestream.com,Event
001000000000000058,BeaconVector LLC,SMB,Medium,Platinum,Public Sector,EMEA,Expired,2024-12-25,2025-12-25,8049,Core Platform,2022-09-07,UK,57779,www.beaconvector.com,Inbound
001000000000000059,NorthPulse Group,Enterprise,High,Bronze,Public Sector,NA-East,Active,2025-11-10,2026-11-10,814653,Data Sync,2023-06-24,JP,26425,www.northpulse.com,Event
001000000000000060,QuantumStream Systems,SMB,High,Silver,Education,NA-East,Active,2025-08-22,2026-08-22,18817,Edge Connect,2024-05-21,BR,41046,www.quantumstream.com,Inbound
001000000000000061,VertexFabric Systems,Enterprise,High,Silver,Telecom,NA-East,Active,2025-07-31,2026-07-31,1050254,Core Platform,2020-04-29,FR,20734,www.vertexfabric.com,Outbound
001000000000000062,GraniteVision Group,Enterprise,Low,Gold,Energy,APAC,Active,2026-02-18,2027-02-18,767930,Core Platform,2020-09-13,DE,11270,www.granitevision.com,Outbound
001000000000000063,RidgeMicro Systems,Enterprise,Low,Bronze,Biotech,EMEA,Active,2025-09-22,2026-09-22,443381,AI Studio,2021-07-25,AU,43392,www.ridgemicro.com,Inbound
001000000000000064,BrightVision Industries,Enterprise,Medium,Gold,Technology,EMEA,Active,2026-04-06,2027-04-06,734496,Data Sync,2023-02-13,JP,17921,www.brightvision.com,Inbound
001000000000000065,ApexMetric Technologies,Enterprise,Medium,Silver,Energy,LATAM,Active,2026-11-21,2027-11-21,679920,Data Sync,2019-08-14,JP,48580,www.apexmetric.com,Inbound
001000000000000066,IronPulse Group,SMB,High,Silver,Retail,LATAM,Active,2025-08-25,2026-08-25,11468,Analytics Suite,2020-01-07,BR,41758,www.ironpulse.com,Outbound
001000000000000067,BlueLogic Inc,Enterprise,Medium,Gold,Energy,LATAM,Expired,2025-05-14,2026-05-14,976997,Core Platform,2024-05-16,FR,11282,www.bluelogic.com,Inbound
001000000000000068,IronSoft Industries,Enterprise,Medium,Silver,Manufacturing,APAC,Active,2026-06-25,2027-06-25,388773,Core Platform,2022-06-15,SG,35815,www.ironsoft.com,Event
001000000000000069,NovaMetric Technologies,SMB,Medium,Silver,Biotech,NA-West,Active,2025-08-24,2026-08-24,30775,Analytics Suite,2021-07-01,AU,32454,www.novametric.com,Outbound
001000000000000070,QuantumVector LLC,Enterprise,Low,Silver,Retail,NA-West,Active,2026-08-07,2027-08-07,1012723,AI Studio,2021-01-24,BR,2815,www.quantumvector.com,Partner
001000000000000071,SterlingLink Holdings,SMB,Medium,Platinum,Healthcare,LATAM,Active,2026-01-25,2027-01-25,68644,Data Sync,2023-05-01,JP,42206,www.sterlinglink.com,Event
001000000000000072,MeridianNexus Co,Enterprise,Low,Platinum,Public Sector,LATAM,Active,2025-09-29,2026-09-29,1083814,Analytics Suite,2021-03-24,IN,18331,www.meridiannexus.com,Inbound
001000000000000073,UnionTech LLC,Enterprise,High,Silver,Media,APAC,Active,2025-08-07,2026-08-07,801620,Edge Connect,2020-01-23,US,48354,www.uniontech.com,Event
001000000000000074,EmeraldWorks Holdings,Enterprise,High,Bronze,Biotech,LATAM,Active,2025-12-09,2026-12-09,473320,AI Studio,2024-10-27,DE,4105,www.emeraldworks.com,Outbound
001000000000000075,GraniteMetric Group,SMB,High,Gold,Media,NA-East,Active,2026-10-07,2027-10-07,25699,Data Sync,2021-03-24,JP,6600,www.granitemetric.com,Partner
001000000000000076,BlueStream Global,SMB,High,Gold,Financial Services,APAC,Active,2026-05-30,2027-05-30,48105,Core Platform,2024-06-16,JP,18993,www.bluestream.com,Partner
001000000000000077,RidgeStream Solutions,Enterprise,Low,Bronze,Education,EMEA,Active,2025-11-06,2026-11-06,130648,Data Sync,2021-03-28,SG,12519,www.ridgestream.com,Partner
001000000000000078,AuroraMetric LLC,SMB,High,Silver,Media,NA-East,Active,2025-09-27,2026-09-27,29738,AI Studio,2021-12-09,SG,35997,www.aurorametric.com,Inbound
001000000000000079,OrchardVision Solutions,SMB,Medium,Platinum,Education,NA-West,Active,2025-09-26,2026-09-26,29104,Edge Connect,2021-07-19,BR,13948,www.orchardvision.com,Outbound
001000000000000080,BrightSphere Systems,SMB,High,Silver,Media,LATAM,Active,2025-08-26,2026-08-26,46798,Analytics Suite,2019-10-27,BR,34937,www.brightsphere.com,Inbound
001000000000000081,BluePulse Inc,Enterprise,Low,Platinum,Media,APAC,Active,2025-07-20,2026-07-20,453113,Core Platform,2024-02-10,BR,13698,www.bluepulse.com,Inbound
001000000000000082,GraniteByte Industries,Enterprise,High,Gold,Technology,APAC,Active,2025-08-11,2026-08-11,975009,Analytics Suite,2019-08-07,AU,8330,www.granitebyte.com,Outbound
001000000000000083,HarborNetworks Solutions,SMB,High,Gold,Healthcare,NA-East,Expired,2025-02-22,2026-02-22,5396,Data Sync,2023-07-14,US,14013,www.harbornetworks.com,Inbound
001000000000000084,UnionByte Inc,SMB,High,Bronze,Media,LATAM,Active,2026-11-02,2027-11-02,9088,Data Sync,2022-02-16,UK,24805,www.unionbyte.com,Partner
001000000000000085,TitanNetworks Industries,Enterprise,Low,Silver,Manufacturing,LATAM,Expired,2025-06-01,2026-06-01,171917,Edge Connect,2023-01-11,FR,1822,www.titannetworks.com,Inbound
001000000000000086,Standard Metric Partners,Enterprise,Low,Silver,Public Sector,NA-East,Active,2025-07-31,2026-07-31,150014,Core Platform,2023-05-01,AU,58011,www.standard.com,Event
001000000000000087,CopperCompute Inc,Enterprise,Low,Gold,Technology,APAC,Active,2025-10-22,2026-10-22,175514,Core Platform,2021-07-26,UK,55111,www.coppercompute.com,Inbound
001000000000000088,SummitNetworks Corp,Enterprise,Medium,Silver,Education,EMEA,Active,2025-08-25,2026-08-25,389792,Analytics Suite,2020-11-24,JP,12783,www.summitnetworks.com,Inbound
001000000000000089,QuantumSignal Industries,Enterprise,High,Bronze,Manufacturing,NA-East,Active,2026-05-03,2027-05-03,804428,Core Platform,2024-06-26,FR,33258,www.quantumsignal.com,Partner
001000000000000090,DeltaLoop LLC,SMB,Medium,Bronze,Logistics,LATAM,Active,2026-10-18,2027-10-18,32265,Data Sync,2022-09-06,UK,2316,www.deltaloop.com,Partner
001000000000000091,Standard Micro Group,Enterprise,High,Silver,Energy,NA-West,Active,2026-08-11,2027-08-11,863981,AI Studio,2023-11-26,AU,38742,www.standard.com,Inbound
001000000000000092,BlueCompute Inc,SMB,High,Platinum,Telecom,NA-East,Active,2026-11-01,2027-11-01,60239,Edge Connect,2020-04-13,SG,22571,www.bluecompute.com,Event
001000000000000093,CrownVector Holdings,Enterprise,High,Silver,Technology,NA-East,Active,2026-09-12,2027-09-12,152243,Edge Connect,2023-05-10,US,24705,www.crownvector.com,Event
001000000000000094,SableLogic Technologies,Enterprise,Medium,Silver,Media,APAC,Active,2025-08-05,2026-08-05,162534,Analytics Suite,2024-03-23,US,45105,www.sablelogic.com,Outbound
001000000000000095,UnionDynamics Industries,SMB,Low,Platinum,Education,EMEA,Active,2025-12-23,2026-12-23,39152,AI Studio,2023-01-26,DE,17729,www.uniondynamics.com,Partner
001000000000000096,PioneerCore Group,Enterprise,High,Gold,Logistics,APAC,Active,2026-04-22,2027-04-22,1175131,Core Platform,2023-08-30,FR,57179,www.pioneercore.com,Outbound
001000000000000097,EmeraldByte Corp,SMB,Medium,Silver,Telecom,NA-East,Active,2026-05-02,2027-05-02,33778,Data Sync,2025-02-14,AU,54676,www.emeraldbyte.com,Partner
001000000000000098,MeridianCompute Technologies,Enterprise,Low,Silver,Logistics,LATAM,Active,2026-11-06,2027-11-06,618474,Analytics Suite,2021-09-19,SG,42473,www.meridiancompute.com,Inbound
001000000000000099,Allied Digital Co,SMB,Low,Bronze,Manufacturing,LATAM,Expired,2025-05-02,2026-05-02,40674,Data Sync,2021-11-22,AU,51969,www.allied.com,Inbound
001000000000000100,CascadeLink Partners,SMB,Medium,Bronze,Technology,EMEA,Active,2025-11-12,2026-11-12,49856,Data Sync,2021-03-16,DE,26065,www.cascadelink.com,Event
001000000000000101,NorthFabric LLC,Enterprise,Low,Silver,Healthcare,NA-East,Active,2025-08-12,2026-08-12,130272,Analytics Suite,2021-02-25,JP,58770,www.northfabric.com,Outbound
001000000000000102,PacificLoop Inc,Enterprise,High,Silver,Financial Services,APAC,Active,2026-08-09,2027-08-09,554051,Core Platform,2019-07-03,BR,56209,www.pacificloop.com,Partner
001000000000000103,SableVector Co,SMB,Medium,Bronze,Financial Services,APAC,Expired,2025-06-30,2026-06-30,45309,Core Platform,2021-05-31,SG,55106,www.sablevector.com,Outbound
001000000000000104,KeystoneMicro Holdings,Enterprise,Medium,Silver,Media,NA-East,Active,2026-12-13,2027-12-13,512497,Edge Connect,2019-09-16,AU,38887,www.keystonemicro.com,Inbound
001000000000000105,SummitNetworks Solutions,Enterprise,Low,Bronze,Telecom,NA-West,Active,2026-09-24,2027-09-24,887219,Core Platform,2020-06-30,IN,19515,www.summitnetworks.com,Event
001000000000000106,CedarAnalytics Co,Enterprise,High,Silver,Healthcare,NA-West,Active,2026-04-17,2027-04-17,538324,Core Platform,2021-09-26,BR,38960,www.cedaranalytics.com,Outbound
001000000000000107,MeridianMetric Corp,Enterprise,Medium,Platinum,Energy,EMEA,Active,2025-07-24,2026-07-24,613573,Data Sync,2022-01-24,AU,40877,www.meridianmetric.com,Outbound
001000000000000108,GraniteStream Industries,Enterprise,Medium,Gold,Manufacturing,NA-West,Active,2026-02-12,2027-02-12,1083744,Analytics Suite,2023-09-10,BR,37017,www.granitestream.com,Outbound
001000000000000109,TitanDigital Systems,Enterprise,High,Silver,Biotech,NA-East,Active,2025-12-18,2026-12-18,913389,Edge Connect,2023-08-25,FR,22983,www.titandigital.com,Inbound
001000000000000110,UnionVision LLC,Enterprise,Low,Gold,Logistics,EMEA,Active,2025-08-26,2026-08-26,1106753,Data Sync,2019-07-02,AU,13880,www.unionvision.com,Inbound
001000000000000111,QuantumVision Technologies,Enterprise,Low,Silver,Technology,NA-West,Active,2025-08-17,2026-08-17,965190,Data Sync,2023-12-11,US,40973,www.quantumvision.com,Outbound
001000000000000112,Pan-Atlantic Analytics Holdings,Enterprise,High,Silver,Healthcare,APAC,Active,2025-08-13,2026-08-13,1172401,Edge Connect,2022-10-09,IN,10428,www.pan-atlantic.com,Partner
001000000000000113,CrownLoop LLC,SMB,High,Bronze,Education,NA-East,Active,2026-06-21,2027-06-21,40242,Data Sync,2020-07-25,DE,8808,www.crownloop.com,Inbound
001000000000000114,LarkWorks Co,Enterprise,High,Bronze,Biotech,APAC,Active,2026-12-06,2027-12-06,309464,Data Sync,2024-07-06,AU,36675,www.larkworks.com,Outbound
001000000000000115,UnionWorks Technologies,Enterprise,High,Silver,Biotech,EMEA,Expired,2025-03-10,2026-03-10,433942,Edge Connect,2021-02-24,US,57207,www.unionworks.com,Partner
001000000000000116,SableWorks Industries,Enterprise,High,Silver,Logistics,NA-West,Active,2025-10-09,2026-10-09,1141847,Core Platform,2019-08-29,UK,325,www.sableworks.com,Partner
001000000000000117,CascadeGrid Solutions,SMB,Medium,Silver,Logistics,LATAM,Active,2025-08-07,2026-08-07,16631,Edge Connect,2020-09-30,AU,4346,www.cascadegrid.com,Event
001000000000000118,CedarLogic Group,Enterprise,Medium,Silver,Logistics,LATAM,Active,2026-08-21,2027-08-21,603430,Core Platform,2021-01-30,DE,13307,www.cedarlogic.com,Inbound
001000000000000119,TitanMetric Co,Enterprise,High,Platinum,Media,EMEA,Expired,2025-06-28,2026-06-28,678238,AI Studio,2025-06-06,BR,25280,www.titanmetric.com,Inbound
001000000000000120,CrownLink Technologies,Enterprise,Medium,Gold,Public Sector,NA-West,Active,2026-06-05,2027-06-05,899811,Core Platform,2020-09-15,IN,52488,www.crownlink.com,Inbound
001000000000000121,GraniteTech Solutions,Enterprise,Low,Platinum,Retail,NA-West,Active,2025-09-26,2026-09-26,293855,Analytics Suite,2023-11-13,FR,57460,www.granitetech.com,Inbound
001000000000000122,DeltaWorks Solutions,SMB,Medium,Silver,Technology,NA-East,Active,2025-07-28,2026-07-28,44402,Analytics Suite,2022-10-12,UK,45935,www.deltaworks.com,Partner
001000000000000123,Standard Analytics Corp,Enterprise,Low,Silver,Financial Services,LATAM,Active,2025-08-22,2026-08-22,731217,Core Platform,2024-08-18,US,16588,www.standard.com,Partner
001000000000000124,NovaData Global,Enterprise,High,Platinum,Energy,NA-East,Expired,2025-05-02,2026-05-02,1133490,Edge Connect,2021-11-14,SG,413,www.novadata.com,Event
001000000000000125,TitanDynamics Inc,Enterprise,Medium,Silver,Logistics,NA-West,Active,2025-10-04,2026-10-04,1187934,Data Sync,2024-09-04,FR,12352,www.titandynamics.com,Outbound
001000000000000126,VanguardLabs Holdings,SMB,High,Gold,Technology,NA-East,Active,2026-10-14,2027-10-14,60976,AI Studio,2020-06-02,DE,47160,www.vanguardlabs.com,Partner
001000000000000127,QuantumWave Industries,Enterprise,High,Silver,Retail,LATAM,Active,2026-01-25,2027-01-25,1082311,Data Sync,2021-11-01,JP,12924,www.quantumwave.com,Outbound
001000000000000128,VertexNexus Co,SMB,High,Silver,Biotech,NA-West,Expired,2025-06-22,2026-06-22,53629,Edge Connect,2020-09-30,BR,48038,www.vertexnexus.com,Inbound
001000000000000129,EmeraldGrid Technologies,Enterprise,Medium,Bronze,Education,EMEA,Active,2025-07-17,2026-07-17,260708,Edge Connect,2020-01-11,FR,56973,www.emeraldgrid.com,Inbound
001000000000000130,MeridianWave Technologies,SMB,High,Bronze,Media,APAC,Active,2025-08-09,2026-08-09,58090,Data Sync,2020-10-18,FR,15676,www.meridianwave.com,Event
001000000000000131,BeaconGrid Partners,Enterprise,Medium,Gold,Public Sector,NA-East,Active,2026-07-18,2027-07-18,853057,Core Platform,2023-09-05,DE,27957,www.beacongrid.com,Inbound
001000000000000132,NovaCompute Co,SMB,High,Gold,Retail,APAC,Active,2026-10-23,2027-10-23,53344,Edge Connect,2024-08-01,AU,58187,www.novacompute.com,Event
001000000000000133,ApexLink Industries,SMB,Low,Gold,Technology,NA-East,Active,2026-11-05,2027-11-05,58707,Data Sync,2023-04-08,BR,56729,www.apexlink.com,Outbound
001000000000000134,UnionLink Corp,Enterprise,High,Silver,Healthcare,NA-East,Active,2025-11-05,2026-11-05,911251,Core Platform,2019-08-26,JP,19302,www.unionlink.com,Outbound
001000000000000135,RidgeData Systems,SMB,High,Silver,Retail,NA-West,Expired,2025-06-27,2026-06-27,35336,Analytics Suite,2020-01-21,AU,9758,www.ridgedata.com,Partner
001000000000000136,CrownWave Group,SMB,High,Silver,Technology,APAC,Active,2025-08-14,2026-08-14,9648,AI Studio,2020-10-04,DE,48708,www.crownwave.com,Event
001000000000000137,BeaconSphere Co,SMB,High,Gold,Energy,NA-East,Active,2026-07-21,2027-07-21,24589,Analytics Suite,2025-03-26,BR,56894,www.beaconsphere.com,Partner
001000000000000138,CopperData LLC,SMB,High,Gold,Financial Services,APAC,Active,2025-08-16,2026-08-16,52416,Data Sync,2022-08-24,SG,46556,www.copperdata.com,Event
001000000000000139,SilverVision Partners,SMB,High,Gold,Education,NA-West,Active,2026-08-07,2027-08-07,57057,Data Sync,2020-07-25,AU,39882,www.silvervision.com,Partner
001000000000000140,VertexWorks Group,Enterprise,Low,Silver,Technology,APAC,Expired,2025-01-02,2026-01-02,169847,Data Sync,2019-10-02,FR,33934,www.vertexworks.com,Event
001000000000000141,AuroraSystems Holdings,SMB,Low,Gold,Healthcare,APAC,Active,2026-10-02,2027-10-02,19137,Edge Connect,2024-12-15,AU,10799,www.aurorasystems.com,Inbound
001000000000000142,IronVision Co,Enterprise,Low,Gold,Media,LATAM,Active,2026-07-24,2027-07-24,441169,Data Sync,2021-06-02,JP,7888,www.ironvision.com,Partner
001000000000000143,CedarPulse Group,SMB,High,Bronze,Manufacturing,APAC,Active,2026-07-07,2027-07-07,63256,Edge Connect,2019-07-13,AU,56670,www.cedarpulse.com,Outbound
001000000000000144,CobaltNetworks Corp,SMB,Low,Gold,Retail,APAC,Active,2025-07-23,2026-07-23,28488,Data Sync,2025-03-21,IN,39173,www.cobaltnetworks.com,Inbound
001000000000000145,CobaltDigital Holdings,Enterprise,High,Silver,Logistics,NA-East,Active,2026-09-03,2027-09-03,86688,Data Sync,2023-05-14,US,37212,www.cobaltdigital.com,Inbound
001000000000000146,NovaForge Technologies,SMB,High,Bronze,Public Sector,APAC,Expired,2025-05-22,2026-05-22,63897,Analytics Suite,2021-11-01,UK,12821,www.novaforge.com,Event
001000000000000147,NorthDynamics Group,SMB,Medium,Bronze,Healthcare,NA-West,Active,2025-08-09,2026-08-09,28859,AI Studio,2019-08-29,UK,1604,www.northdynamics.com,Partner
001000000000000148,PacificSystems Industries,SMB,Low,Bronze,Retail,LATAM,Active,2025-08-02,2026-08-02,31023,Edge Connect,2021-11-03,AU,51547,www.pacificsystems.com,Outbound
001000000000000149,ApexVision Corp,Enterprise,High,Gold,Education,NA-East,Active,2026-09-20,2027-09-20,358464,Analytics Suite,2023-03-03,AU,55976,www.apexvision.com,Outbound
001000000000000150,NorthDigital Solutions,Enterprise,Medium,Silver,Healthcare,NA-West,Active,2025-12-24,2026-12-24,495180,Edge Connect,2022-01-24,US,8831,www.northdigital.com,Partner
001000000000000151,AuroraLink Group,Enterprise,Low,Silver,Media,APAC,Active,2026-12-12,2027-12-12,1179131,Analytics Suite,2025-05-20,SG,41446,www.auroralink.com,Inbound
001000000000000152,PioneerDigital Technologies,SMB,Medium,Gold,Energy,NA-West,Active,2025-10-27,2026-10-27,49058,Core Platform,2022-04-04,SG,44073,www.pioneerdigital.com,Outbound
001000000000000153,NorthLogic Partners,Enterprise,Medium,Silver,Public Sector,NA-West,Active,2025-07-23,2026-07-23,970794,Analytics Suite,2021-02-16,US,31948,www.northlogic.com,Event
001000000000000154,LarkMetric Industries,Enterprise,Medium,Bronze,Biotech,NA-West,Active,2026-03-27,2027-03-27,890946,Edge Connect,2020-10-01,IN,16359,www.larkmetric.com,Partner
001000000000000155,BrightLink Industries,SMB,High,Gold,Biotech,APAC,Active,2025-08-24,2026-08-24,20805,Edge Connect,2024-04-03,BR,30370,www.brightlink.com,Partner
001000000000000156,Consolidated Stream Co,Enterprise,Low,Silver,Energy,LATAM,Active,2025-10-07,2026-10-07,286036,AI Studio,2021-01-29,AU,24463,www.consolidated.com,Outbound
001000000000000157,MeridianData Systems,Enterprise,High,Bronze,Telecom,NA-West,Active,2026-06-11,2027-06-11,724878,Data Sync,2020-05-05,US,44143,www.meridiandata.com,Partner
001000000000000158,AuroraCompute Solutions,Enterprise,High,Gold,Healthcare,NA-West,Active,2026-06-26,2027-06-26,1123994,Analytics Suite,2022-05-05,IN,47554,www.auroracompute.com,Partner
001000000000000159,KeystoneWorks Global,Enterprise,Low,Gold,Healthcare,NA-East,Active,2025-12-25,2026-12-25,811467,Edge Connect,2019-10-22,JP,58846,www.keystoneworks.com,Inbound
001000000000000160,VertexNetworks Technologies,Enterprise,Medium,Bronze,Public Sector,NA-West,Active,2026-05-31,2027-05-31,1095722,Core Platform,2020-09-01,FR,48537,www.vertexnetworks.com,Inbound
001000000000000161,KeystoneLink Systems,Enterprise,Low,Silver,Media,APAC,Active,2025-08-12,2026-08-12,880111,Edge Connect,2021-03-24,BR,36310,www.keystonelink.com,Outbound
001000000000000162,ApexStream Co,Enterprise,Low,Gold,Financial Services,EMEA,Expired,2025-02-19,2026-02-19,717183,AI Studio,2022-12-21,DE,42381,www.apexstream.com,Event
001000000000000163,BeaconAnalytics Corp,Enterprise,Low,Gold,Logistics,LATAM,Expired,2024-11-03,2025-11-03,217539,Core Platform,2022-10-12,BR,29261,www.beaconanalytics.com,Partner
001000000000000164,AtlasNetworks Partners,Enterprise,High,Platinum,Retail,LATAM,Expired,2024-11-22,2025-11-22,500201,Data Sync,2023-02-15,IN,51050,www.atlasnetworks.com,Inbound
001000000000000165,DeltaStream Technologies,Enterprise,High,Silver,Retail,NA-West,Active,2026-05-20,2027-05-20,621483,Data Sync,2022-11-22,BR,35324,www.deltastream.com,Partner
001000000000000166,Pan-Atlantic Dynamics Group,SMB,Medium,Silver,Retail,NA-West,Active,2025-12-20,2026-12-20,53435,Edge Connect,2020-02-02,IN,51973,www.pan-atlantic.com,Event
001000000000000167,BeaconLoop LLC,SMB,Low,Silver,Technology,EMEA,Active,2026-07-27,2027-07-27,34403,Edge Connect,2024-09-11,JP,27,www.beaconloop.com,Outbound
001000000000000168,ApexVector Partners,Enterprise,Medium,Silver,Financial Services,APAC,Active,2025-11-29,2026-11-29,826812,AI Studio,2024-12-25,DE,36925,www.apexvector.com,Partner
001000000000000169,VertexLogic Corp,SMB,Medium,Platinum,Financial Services,APAC,Active,2025-11-11,2026-11-11,32744,Data Sync,2024-11-10,US,43496,www.vertexlogic.com,Partner
001000000000000170,CopperPulse Corp,Enterprise,High,Silver,Telecom,LATAM,Expired,2025-04-28,2026-04-28,636729,Core Platform,2019-08-12,BR,31820,www.copperpulse.com,Outbound
001000000000000171,VanguardMicro Corp,SMB,Medium,Gold,Public Sector,LATAM,Active,2025-09-12,2026-09-12,42428,Data Sync,2023-11-26,IN,6533,www.vanguardmicro.com,Event
001000000000000172,PacificPulse Corp,Enterprise,High,Silver,Manufacturing,LATAM,Active,2026-08-22,2027-08-22,912541,Edge Connect,2021-02-04,BR,19099,www.pacificpulse.com,Event
001000000000000173,CrownData Solutions,SMB,High,Gold,Public Sector,NA-West,Active,2025-08-13,2026-08-13,44929,Analytics Suite,2023-03-06,SG,59674,www.crowndata.com,Partner
001000000000000174,CopperNetworks Technologies,Enterprise,High,Silver,Education,LATAM,Expired,2024-10-23,2025-10-23,1141078,Data Sync,2021-09-08,DE,25174,www.coppernetworks.com,Outbound
001000000000000175,MapleTech Group,Enterprise,Medium,Bronze,Retail,EMEA,Active,2025-11-21,2026-11-21,931854,Edge Connect,2019-06-20,US,32265,www.mapletech.com,Event
001000000000000176,BeaconCore Industries,Enterprise,Low,Gold,Retail,APAC,Expired,2025-04-30,2026-04-30,627436,Edge Connect,2023-06-20,JP,53270,www.beaconcore.com,Outbound
001000000000000177,GraniteSignal Holdings,Enterprise,Low,Silver,Telecom,EMEA,Expired,2024-10-06,2025-10-06,706918,Analytics Suite,2020-08-29,JP,10862,www.granitesignal.com,Inbound
001000000000000178,Consolidated Metric Solutions,Enterprise,Low,Silver,Media,NA-West,Active,2025-09-17,2026-09-17,440997,Core Platform,2021-04-16,JP,55433,www.consolidated.com,Partner
001000000000000179,UnionGrid Holdings,Enterprise,Low,Silver,Energy,APAC,Active,2026-04-27,2027-04-27,261374,Core Platform,2024-04-15,DE,47134,www.uniongrid.com,Inbound
001000000000000180,DeltaCore LLC,Enterprise,High,Silver,Technology,APAC,Expired,2024-09-28,2025-09-28,704138,Data Sync,2022-02-09,UK,57153,www.deltacore.com,Inbound
001000000000000181,SterlingCloud Partners,SMB,High,Silver,Telecom,APAC,Active,2026-05-06,2027-05-06,53643,Edge Connect,2020-07-23,UK,37439,www.sterlingcloud.com,Inbound
001000000000000182,DeltaFabric Corp,Enterprise,Medium,Platinum,Public Sector,LATAM,Active,2026-06-18,2027-06-18,228292,Edge Connect,2020-10-02,US,50633,www.deltafabric.com,Event
001000000000000183,QuantumNetworks LLC,SMB,Medium,Platinum,Biotech,APAC,Expired,2025-02-18,2026-02-18,19522,Core Platform,2022-09-21,UK,3854,www.quantumnetworks.com,Event
001000000000000184,AtlasLogic Holdings,Enterprise,Medium,Platinum,Biotech,LATAM,Active,2025-07-24,2026-07-24,283088,AI Studio,2022-10-19,US,42773,www.atlaslogic.com,Inbound
001000000000000185,ApexSignal Solutions,Enterprise,Medium,Silver,Education,NA-West,Active,2026-10-10,2027-10-10,382282,Data Sync,2024-01-26,DE,17262,www.apexsignal.com,Outbound
001000000000000186,AtlasNexus LLC,SMB,Medium,Bronze,Technology,APAC,Active,2026-04-16,2027-04-16,38994,Edge Connect,2021-10-14,US,41072,www.atlasnexus.com,Outbound
001000000000000187,KeystoneNetworks Corp,SMB,Medium,Silver,Healthcare,NA-East,Expired,2025-04-21,2026-04-21,26261,Core Platform,2023-11-14,AU,25276,www.keystonenetworks.com,Partner
001000000000000188,MeridianNetworks Corp,Enterprise,Medium,Silver,Media,APAC,Active,2025-10-04,2026-10-04,970056,AI Studio,2024-02-01,AU,46740,www.meridiannetworks.com,Partner
001000000000000189,CopperSignal Industries,SMB,Medium,Gold,Energy,LATAM,Active,2026-06-19,2027-06-19,7095,Data Sync,2020-03-01,BR,19409,www.coppersignal.com,Inbound
001000000000000190,VertexNexus Solutions,SMB,Low,Platinum,Energy,NA-West,Active,2026-10-03,2027-10-03,11965,Analytics Suite,2020-04-30,SG,6328,www.vertexnexus.com,Partner
001000000000000191,Consolidated Stream Global,SMB,High,Bronze,Manufacturing,NA-East,Active,2025-07-21,2026-07-21,48849,Core Platform,2020-06-01,JP,577,www.consolidated.com,Inbound
001000000000000192,PacificVector Global,SMB,Low,Silver,Healthcare,APAC,Active,2025-11-11,2026-11-11,8333,Edge Connect,2024-09-03,AU,29521,www.pacificvector.com,Inbound
001000000000000193,CascadeLabs LLC,Enterprise,High,Silver,Telecom,NA-West,Expired,2024-12-04,2025-12-04,550003,Data Sync,2025-06-03,SG,576,www.cascadelabs.com,Event
001000000000000194,Pan-Atlantic Byte Systems,SMB,Medium,Gold,Financial Services,APAC,Expired,2024-09-23,2025-09-23,6307,Core Platform,2022-08-30,IN,2124,www.pan-atlantic.com,Inbound
001000000000000195,LarkStream Global,SMB,High,Gold,Biotech,NA-West,Active,2025-08-15,2026-08-15,37874,Data Sync,2023-04-07,JP,44337,www.larkstream.com,Partner
001000000000000196,BeaconByte Group,Enterprise,High,Bronze,Manufacturing,LATAM,Active,2026-01-01,2027-01-01,951800,Analytics Suite,2021-01-10,JP,13023,www.beaconbyte.com,Inbound
001000000000000197,QuantumLogic Industries,SMB,Low,Gold,Education,LATAM,Active,2025-07-22,2026-07-22,39088,Edge Connect,2019-08-15,DE,27985,www.quantumlogic.com,Outbound
001000000000000198,TitanNexus Partners,Enterprise,High,Silver,Financial Services,EMEA,Active,2025-08-16,2026-08-16,894241,Analytics Suite,2024-08-31,SG,218,www.titannexus.com,Outbound
001000000000000199,VertexSignal Corp,Enterprise,Low,Gold,Logistics,NA-West,Expired,2024-12-04,2025-12-04,846020,Analytics Suite,2020-09-24,SG,3046,www.vertexsignal.com,Outbound
001000000000000200,PioneerMicro Partners,Enterprise,Medium,Platinum,Logistics,LATAM,Active,2026-02-01,2027-02-01,610368,Edge Connect,2020-08-26,UK,56888,www.pioneermicro.com,Partner
001000000000000201,HarborLoop Technologies,SMB,Medium,Silver,Technology,NA-East,Active,2025-08-26,2026-08-26,58415,Core Platform,2022-09-03,US,38132,www.harborloop.com,Inbound
001000000000000202,HarborDynamics Group,Enterprise,Medium,Gold,Telecom,EMEA,Active,2025-11-28,2026-11-28,127754,Edge Connect,2023-09-22,SG,37323,www.harbordynamics.com,Inbound
001000000000000203,OrchardDigital Technologies,SMB,Low,Silver,Logistics,APAC,Expired,2024-12-21,2025-12-21,16514,AI Studio,2022-08-31,US,53283,www.orcharddigital.com,Inbound
001000000000000204,SableSignal Group,Enterprise,High,Bronze,Manufacturing,EMEA,Active,2025-08-13,2026-08-13,297828,Edge Connect,2020-12-10,BR,20526,www.sablesignal.com,Inbound
001000000000000205,PacificNetworks Corp,Enterprise,Medium,Silver,Technology,NA-East,Active,2025-07-24,2026-07-24,259711,Core Platform,2023-02-21,DE,55288,www.pacificnetworks.com,Event
001000000000000206,BlueByte Industries,Enterprise,High,Gold,Retail,NA-East,Active,2026-07-04,2027-07-04,261545,Analytics Suite,2022-10-06,SG,16303,www.bluebyte.com,Inbound
001000000000000207,BeaconLogic Holdings,Enterprise,Medium,Silver,Manufacturing,NA-West,Active,2026-08-23,2027-08-23,848416,Edge Connect,2021-10-16,UK,59209,www.beaconlogic.com,Inbound
001000000000000208,SummitCore Solutions,Enterprise,Medium,Silver,Manufacturing,NA-East,Active,2025-12-18,2026-12-18,474508,AI Studio,2024-08-01,JP,20507,www.summitcore.com,Event
001000000000000209,DeltaForge LLC,SMB,High,Platinum,Manufacturing,EMEA,Active,2025-10-14,2026-10-14,62119,AI Studio,2024-04-26,JP,23236,www.deltaforge.com,Partner
001000000000000210,VanguardFabric Partners,Enterprise,High,Bronze,Energy,APAC,Active,2025-09-16,2026-09-16,1017275,Core Platform,2024-03-31,FR,23470,www.vanguardfabric.com,Outbound
001000000000000211,CopperFabric Systems,Enterprise,High,Bronze,Telecom,EMEA,Active,2025-11-11,2026-11-11,810610,Core Platform,2021-11-11,DE,19456,www.copperfabric.com,Partner
001000000000000212,Meridian Sphere Solutions,SMB,Medium,Silver,Financial Services,NA-East,Expired,2025-01-26,2026-01-26,16649,Core Platform,2023-10-31,IN,23899,www.meridian.com,Outbound
001000000000000213,KeystoneSignal Technologies,SMB,Medium,Silver,Manufacturing,EMEA,Expired,2025-04-11,2026-04-11,45088,Data Sync,2019-08-14,IN,54444,www.keystonesignal.com,Partner
001000000000000214,HarborStream Technologies,SMB,Medium,Silver,Financial Services,LATAM,Active,2026-09-19,2027-09-19,59532,Data Sync,2022-07-01,FR,31876,www.harborstream.com,Outbound
001000000000000215,QuantumWorks Corp,Enterprise,High,Bronze,Technology,LATAM,Active,2025-07-20,2026-07-20,119544,AI Studio,2023-04-28,JP,58000,www.quantumworks.com,Inbound
001000000000000216,DeltaMicro Solutions,Enterprise,High,Bronze,Manufacturing,APAC,Active,2026-09-15,2027-09-15,278797,AI Studio,2022-10-20,FR,16509,www.deltamicro.com,Partner
001000000000000217,AtlasNetworks Global,Enterprise,High,Silver,Education,NA-East,Active,2025-09-30,2026-09-30,325354,Analytics Suite,2020-12-09,DE,4321,www.atlasnetworks.com,Event
001000000000000218,CedarSystems Global,SMB,Low,Bronze,Media,NA-West,Active,2026-07-10,2027-07-10,5651,Edge Connect,2023-11-07,IN,48678,www.cedarsystems.com,Inbound
001000000000000219,PacificGrid Inc,Enterprise,Low,Silver,Technology,APAC,Active,2026-09-17,2027-09-17,1096530,Core Platform,2019-07-08,DE,55326,www.pacificgrid.com,Inbound
001000000000000220,OrchardLogic Corp,SMB,High,Silver,Energy,NA-West,Active,2026-02-04,2027-02-04,5265,Core Platform,2025-03-18,DE,11358,www.orchardlogic.com,Partner
001000000000000221,PacificStream Co,SMB,Medium,Gold,Media,NA-East,Active,2026-12-17,2027-12-17,12862,AI Studio,2025-02-03,SG,31181,www.pacificstream.com,Partner
001000000000000222,CedarGrid Group,Enterprise,Low,Silver,Retail,LATAM,Active,2025-10-02,2026-10-02,834298,Core Platform,2022-08-07,BR,55396,www.cedargrid.com,Partner
001000000000000223,CopperStream LLC,Enterprise,High,Bronze,Telecom,EMEA,Active,2025-12-31,2026-12-31,749344,AI Studio,2019-07-09,SG,33011,www.copperstream.com,Partner
001000000000000224,UnionNexus Corp,SMB,Medium,Platinum,Manufacturing,LATAM,Active,2026-10-09,2027-10-09,23935,Edge Connect,2021-12-13,JP,32036,www.unionnexus.com,Inbound
001000000000000225,LarkNetworks Corp,SMB,Medium,Silver,Energy,NA-West,Active,2026-08-07,2027-08-07,45995,AI Studio,2024-02-07,SG,22764,www.larknetworks.com,Inbound
001000000000000226,SilverNexus Systems,Enterprise,Medium,Bronze,Public Sector,LATAM,Active,2026-04-07,2027-04-07,624342,Data Sync,2022-05-03,JP,10329,www.silvernexus.com,Inbound
001000000000000227,OrchardWave Solutions,SMB,High,Gold,Healthcare,LATAM,Active,2026-07-19,2027-07-19,62023,Edge Connect,2023-09-17,BR,21775,www.orchardwave.com,Event
001000000000000228,SummitTech Group,Enterprise,Medium,Silver,Technology,NA-East,Active,2026-10-05,2027-10-05,136420,Analytics Suite,2021-12-10,IN,11642,www.summittech.com,Inbound
001000000000000229,CobaltDigital LLC,Enterprise,Medium,Gold,Technology,NA-East,Active,2026-10-31,2027-10-31,851800,Data Sync,2021-12-14,UK,30859,www.cobaltdigital.com,Event
001000000000000230,MeridianVision Corp,Enterprise,High,Gold,Financial Services,NA-East,Active,2026-11-29,2027-11-29,651578,Edge Connect,2020-11-05,BR,53821,www.meridianvision.com,Inbound
001000000000000231,RidgeByte Group,SMB,Medium,Gold,Technology,LATAM,Active,2025-08-27,2026-08-27,43244,Data Sync,2022-03-21,BR,34820,www.ridgebyte.com,Outbound
001000000000000232,NovaTech Inc,SMB,High,Gold,Telecom,EMEA,Active,2025-08-15,2026-08-15,27680,Edge Connect,2021-11-16,JP,3439,www.novatech.com,Event
001000000000000233,SilverLoop Holdings,Enterprise,High,Platinum,Financial Services,LATAM,Active,2025-08-27,2026-08-27,380931,AI Studio,2020-08-29,JP,31387,www.silverloop.com,Inbound
001000000000000234,EmeraldCloud Systems,Enterprise,High,Bronze,Telecom,NA-East,Active,2026-04-30,2027-04-30,762716,Edge Connect,2022-04-14,US,10718,www.emeraldcloud.com,Partner
001000000000000235,SableTech Inc,SMB,High,Gold,Biotech,EMEA,Expired,2025-01-23,2026-01-23,6816,Analytics Suite,2019-07-07,AU,58366,www.sabletech.com,Outbound
001000000000000236,CedarDynamics Partners,Enterprise,High,Gold,Media,NA-East,Active,2026-09-21,2027-09-21,335737,Core Platform,2021-08-29,US,31422,www.cedardynamics.com,Outbound
001000000000000237,SableLabs Industries,Enterprise,Medium,Bronze,Financial Services,LATAM,Active,2025-10-24,2026-10-24,175639,Data Sync,2024-05-24,FR,39376,www.sablelabs.com,Event
001000000000000238,GraniteAnalytics Solutions,Enterprise,High,Platinum,Healthcare,NA-East,Active,2025-08-31,2026-08-31,1144957,Core Platform,2020-02-20,BR,12280,www.graniteanalytics.com,Inbound
001000000000000239,AtlasSphere LLC,Enterprise,High,Gold,Energy,NA-West,Expired,2025-06-19,2026-06-19,649796,Core Platform,2020-05-06,AU,13170,www.atlassphere.com,Partner
001000000000000240,TitanSphere Global,Enterprise,High,Silver,Manufacturing,NA-West,Active,2026-02-27,2027-02-27,667156,Analytics Suite,2020-06-17,JP,45804,www.titansphere.com,Inbound
001000000000000241,BrightLoop Holdings,Enterprise,Low,Platinum,Technology,NA-East,Active,2026-03-22,2027-03-22,953545,Analytics Suite,2022-06-14,BR,52337,www.brightloop.com,Outbound
001000000000000242,QuantumMetric Solutions,SMB,Low,Gold,Energy,LATAM,Active,2026-08-22,2027-08-22,13037,Analytics Suite,2021-08-11,JP,25188,www.quantummetric.com,Outbound
001000000000000243,QuantumTech Technologies,SMB,Low,Bronze,Telecom,NA-East,Active,2025-07-17,2026-07-17,5331,AI Studio,2022-06-30,BR,53966,www.quantumtech.com,Outbound
001000000000000244,CobaltDigital Partners,SMB,Medium,Silver,Financial Services,LATAM,Active,2025-08-26,2026-08-26,31280,Edge Connect,2021-01-24,JP,8504,www.cobaltdigital.com,Event
001000000000000245,CobaltLoop Technologies,SMB,Medium,Gold,Biotech,NA-East,Active,2025-10-12,2026-10-12,38211,Edge Connect,2019-12-20,UK,2570,www.cobaltloop.com,Event
001000000000000246,SterlingLoop Corp,SMB,Medium,Platinum,Public Sector,NA-West,Active,2025-10-13,2026-10-13,69896,Core Platform,2020-03-05,UK,49696,www.sterlingloop.com,Inbound
001000000000000247,OnyxData Corp,SMB,Low,Gold,Telecom,LATAM,Active,2025-08-13,2026-08-13,41923,AI Studio,2022-07-30,UK,58783,www.onyxdata.com,Event
001000000000000248,Helios Soft Partners,Enterprise,Low,Platinum,Financial Services,LATAM,Active,2025-10-09,2026-10-09,832591,Edge Connect,2019-11-22,IN,22632,www.helios.com,Inbound
001000000000000249,IronSystems Inc,Enterprise,Low,Silver,Healthcare,NA-East,Expired,2025-06-02,2026-06-02,623614,AI Studio,2022-05-13,UK,20472,www.ironsystems.com,Outbound
001000000000000250,KeystoneWorks Corp,SMB,Medium,Silver,Financial Services,NA-East,Active,2026-06-10,2027-06-10,10438,Edge Connect,2023-02-21,BR,15521,www.keystoneworks.com,Outbound
001000000000000251,CobaltFabric Global,Enterprise,High,Gold,Logistics,APAC,Expired,2025-04-13,2026-04-13,1072124,Data Sync,2022-03-20,JP,43297,www.cobaltfabric.com,Event
001000000000000252,ApexFabric Holdings,SMB,Low,Silver,Energy,EMEA,Active,2025-09-14,2026-09-14,65863,Data Sync,2019-09-16,FR,54163,www.apexfabric.com,Event
001000000000000253,DeltaCloud Co,Enterprise,Medium,Gold,Education,LATAM,Active,2025-09-15,2026-09-15,1191259,AI Studio,2019-12-06,AU,2869,www.deltacloud.com,Partner
001000000000000254,NovaLink Global,SMB,Medium,Silver,Biotech,NA-East,Active,2025-08-12,2026-08-12,18530,Analytics Suite,2020-08-03,JP,9217,www.novalink.com,Event
001000000000000255,OnyxVision Corp,Enterprise,Medium,Platinum,Manufacturing,LATAM,Active,2025-09-29,2026-09-29,1103413,Core Platform,2022-03-26,FR,58473,www.onyxvision.com,Event
001000000000000256,SterlingWave Inc,SMB,High,Gold,Healthcare,LATAM,Expired,2025-01-14,2026-01-14,33547,Edge Connect,2023-03-26,UK,24339,www.sterlingwave.com,Event
001000000000000257,PacificLink Technologies,Enterprise,Low,Silver,Education,NA-West,Active,2026-04-06,2027-04-06,345680,AI Studio,2021-12-24,JP,25550,www.pacificlink.com,Outbound
001000000000000258,MapleVector Partners,Enterprise,High,Silver,Biotech,EMEA,Active,2025-12-27,2026-12-27,421750,Analytics Suite,2023-03-14,BR,27936,www.maplevector.com,Outbound
001000000000000259,SableStream Industries,Enterprise,High,Gold,Financial Services,EMEA,Active,2025-10-01,2026-10-01,145902,Data Sync,2021-07-15,DE,19901,www.sablestream.com,Event
001000000000000260,OnyxAnalytics Group,Enterprise,Low,Gold,Technology,NA-East,Active,2026-04-17,2027-04-17,362213,Analytics Suite,2021-05-06,IN,56564,www.onyxanalytics.com,Partner
001000000000000261,MapleAnalytics Group,Enterprise,Low,Gold,Logistics,NA-East,Active,2025-11-01,2026-11-01,131565,AI Studio,2020-12-10,BR,59793,www.mapleanalytics.com,Inbound
001000000000000262,TitanGrid Group,Enterprise,Medium,Silver,Logistics,NA-East,Active,2026-09-23,2027-09-23,599126,AI Studio,2021-03-15,DE,4745,www.titangrid.com,Outbound
001000000000000263,GraniteSignal Global,SMB,Medium,Bronze,Manufacturing,APAC,Active,2026-03-12,2027-03-12,14095,AI Studio,2022-05-29,JP,4263,www.granitesignal.com,Partner
001000000000000264,TitanSystems LLC,SMB,High,Gold,Biotech,LATAM,Active,2026-02-02,2027-02-02,19808,Core Platform,2021-09-26,IN,32407,www.titansystems.com,Outbound
001000000000000265,AuroraMicro Global,SMB,Low,Bronze,Manufacturing,NA-East,Expired,2024-10-05,2025-10-05,57000,Edge Connect,2020-03-28,JP,18130,www.auroramicro.com,Partner
001000000000000266,VanguardVision Systems,Enterprise,High,Bronze,Telecom,EMEA,Active,2026-09-18,2027-09-18,404129,Data Sync,2019-08-15,SG,45483,www.vanguardvision.com,Outbound
001000000000000267,KeystoneLabs Systems,SMB,High,Platinum,Public Sector,NA-East,Active,2025-10-20,2026-10-20,55918,Edge Connect,2024-03-28,IN,30395,www.keystonelabs.com,Outbound
001000000000000268,GraniteWave Co,SMB,Medium,Silver,Energy,APAC,Active,2026-01-31,2027-01-31,64146,AI Studio,2021-06-29,JP,13432,www.granitewave.com,Outbound
001000000000000269,CopperStream Global,Enterprise,Medium,Bronze,Media,APAC,Active,2025-07-31,2026-07-31,1162713,Data Sync,2019-06-09,JP,51564,www.copperstream.com,Outbound
001000000000000270,IronGrid Holdings,SMB,High,Platinum,Education,LATAM,Active,2025-07-25,2026-07-25,43122,AI Studio,2025-04-25,FR,25561,www.irongrid.com,Inbound
001000000000000271,TitanFabric Systems,Enterprise,Low,Gold,Public Sector,APAC,Active,2025-07-24,2026-07-24,407406,Data Sync,2021-01-22,IN,6557,www.titanfabric.com,Inbound
001000000000000272,LarkWorks LLC,Enterprise,High,Platinum,Retail,APAC,Expired,2025-01-09,2026-01-09,517859,Data Sync,2023-04-12,JP,53386,www.larkworks.com,Partner
001000000000000273,AuroraVector Partners,Enterprise,Medium,Silver,Logistics,LATAM,Active,2026-01-15,2027-01-15,280597,Edge Connect,2024-06-30,DE,28411,www.auroravector.com,Partner
001000000000000274,SilverFabric Systems,SMB,High,Silver,Media,NA-West,Active,2025-08-08,2026-08-08,34446,AI Studio,2024-03-31,BR,18041,www.silverfabric.com,Event
001000000000000275,DeltaLoop Technologies,Enterprise,Low,Silver,Public Sector,LATAM,Active,2026-04-05,2027-04-05,953672,Edge Connect,2025-02-22,US,25640,www.deltaloop.com,Event
001000000000000276,LarkPulse Systems,Enterprise,High,Gold,Logistics,NA-East,Active,2026-01-04,2027-01-04,1003494,AI Studio,2020-03-30,AU,51858,www.larkpulse.com,Partner
001000000000000277,ApexAnalytics Solutions,SMB,Medium,Platinum,Telecom,NA-East,Active,2026-10-05,2027-10-05,66984,Data Sync,2024-06-01,DE,7084,www.apexanalytics.com,Inbound
001000000000000278,PacificFabric Solutions,SMB,Low,Silver,Healthcare,APAC,Active,2025-09-08,2026-09-08,20726,Edge Connect,2024-01-28,JP,39081,www.pacificfabric.com,Inbound
001000000000000279,BlueStream Solutions,SMB,Low,Silver,Technology,APAC,Active,2026-05-24,2027-05-24,12949,Analytics Suite,2022-01-04,BR,29088,www.bluestream.com,Partner
001000000000000280,CopperNexus Technologies,SMB,Medium,Gold,Education,APAC,Active,2025-07-26,2026-07-26,8040,Core Platform,2020-12-24,BR,51243,www.coppernexus.com,Inbound
001000000000000281,LarkSystems Inc,SMB,Medium,Bronze,Technology,APAC,Active,2025-07-28,2026-07-28,10100,Edge Connect,2023-04-03,DE,3725,www.larksystems.com,Inbound
001000000000000282,CascadeCore Global,Enterprise,High,Silver,Public Sector,APAC,Active,2026-11-12,2027-11-12,345433,AI Studio,2021-07-30,JP,23727,www.cascadecore.com,Inbound
001000000000000283,Meridian Core LLC,Enterprise,Low,Gold,Healthcare,NA-East,Active,2026-03-02,2027-03-02,255398,AI Studio,2024-02-17,DE,1025,www.meridian.com,Outbound
001000000000000284,Allied Analytics Solutions,Enterprise,High,Silver,Retail,APAC,Active,2026-10-01,2027-10-01,669758,Analytics Suite,2022-08-31,UK,38087,www.allied.com,Inbound
001000000000000285,SilverWorks Solutions,SMB,Low,Gold,Healthcare,EMEA,Expired,2025-01-27,2026-01-27,14990,Core Platform,2023-06-16,JP,25538,www.silverworks.com,Outbound
001000000000000286,TitanTech Holdings,SMB,Low,Gold,Financial Services,EMEA,Active,2026-09-25,2027-09-25,11325,Data Sync,2020-03-03,SG,25480,www.titantech.com,Partner
001000000000000287,DeltaPulse Group,SMB,High,Gold,Manufacturing,APAC,Expired,2025-03-15,2026-03-15,8642,Core Platform,2020-08-23,FR,15970,www.deltapulse.com,Event
001000000000000288,Pan-Atlantic Micro Corp,Enterprise,High,Silver,Telecom,EMEA,Active,2025-10-15,2026-10-15,904530,Data Sync,2022-08-28,JP,13958,www.pan-atlantic.com,Event
001000000000000289,ApexMetric Holdings,Enterprise,Medium,Silver,Retail,EMEA,Active,2025-07-22,2026-07-22,985540,Core Platform,2019-12-10,SG,19725,www.apexmetric.com,Event
001000000000000290,CascadeStream Global,Enterprise,High,Gold,Energy,LATAM,Active,2026-11-18,2027-11-18,259419,Analytics Suite,2024-11-22,SG,46489,www.cascadestream.com,Outbound
001000000000000291,MapleWave Technologies,Enterprise,High,Bronze,Media,APAC,Active,2025-07-23,2026-07-23,628592,Analytics Suite,2025-02-25,SG,8124,www.maplewave.com,Inbound
001000000000000292,ApexMetric Global,Enterprise,Low,Platinum,Manufacturing,NA-East,Active,2025-12-04,2026-12-04,194209,Core Platform,2025-01-19,IN,39404,www.apexmetric.com,Event
001000000000000293,BlueVision Inc,Enterprise,High,Silver,Technology,APAC,Active,2025-12-04,2026-12-04,898299,Core Platform,2024-07-16,FR,39266,www.bluevision.com,Event
001000000000000294,DeltaStream Holdings,SMB,Medium,Platinum,Public Sector,APAC,Active,2026-02-23,2027-02-23,47157,Core Platform,2024-04-27,SG,15750,www.deltastream.com,Partner
001000000000000295,BeaconPulse Industries,SMB,High,Silver,Retail,NA-West,Active,2025-08-15,2026-08-15,30106,Analytics Suite,2021-03-20,UK,53490,www.beaconpulse.com,Event
001000000000000296,VertexMetric LLC,Enterprise,High,Platinum,Media,NA-West,Active,2026-01-02,2027-01-02,894956,Core Platform,2023-10-12,BR,15617,www.vertexmetric.com,Partner
001000000000000297,SilverLogic Partners,Enterprise,High,Platinum,Public Sector,LATAM,Active,2026-06-13,2027-06-13,666781,AI Studio,2023-12-01,DE,31280,www.silverlogic.com,Partner
001000000000000298,NorthDigital Global,SMB,Medium,Gold,Biotech,EMEA,Active,2025-09-04,2026-09-04,49836,Analytics Suite,2024-12-07,IN,6676,www.northdigital.com,Partner
001000000000000299,Helios Labs Solutions,Enterprise,Medium,Bronze,Logistics,EMEA,Expired,2025-07-04,2026-07-04,294575,Core Platform,2023-01-28,IN,8495,www.helios.com,Outbound
001000000000000300,SilverTech Partners,SMB,High,Platinum,Healthcare,EMEA,Active,2026-04-20,2027-04-20,38501,Data Sync,2023-09-02,SG,24296,www.silvertech.com,Event
001000000000000301,RidgeLoop Inc,Enterprise,Medium,Platinum,Manufacturing,NA-East,Active,2025-12-20,2026-12-20,354782,Data Sync,2023-12-31,DE,46816,www.ridgeloop.com,Event
001000000000000302,IronSphere Global,SMB,Medium,Bronze,Healthcare,NA-West,Expired,2024-11-24,2025-11-24,69907,Core Platform,2024-05-10,US,5633,www.ironsphere.com,Partner
001000000000000303,BrightData Global,Enterprise,Low,Bronze,Financial Services,NA-East,Active,2025-09-03,2026-09-03,1165026,Analytics Suite,2020-05-01,FR,44535,www.brightdata.com,Event
001000000000000304,NorthData Co,SMB,Low,Platinum,Media,APAC,Expired,2025-04-13,2026-04-13,32991,Core Platform,2024-07-24,UK,55341,www.northdata.com,Inbound
001000000000000305,MapleDigital Partners,SMB,Medium,Silver,Education,NA-West,Active,2025-07-16,2026-07-16,40550,Core Platform,2021-05-21,SG,20917,www.mapledigital.com,Outbound
001000000000000306,TitanStream Inc,Enterprise,High,Platinum,Retail,NA-West,Active,2026-09-04,2027-09-04,193705,Edge Connect,2023-05-22,FR,27657,www.titanstream.com,Outbound
001000000000000307,TitanPulse Corp,SMB,Medium,Silver,Technology,APAC,Active,2026-01-15,2027-01-15,61145,AI Studio,2021-10-14,US,29672,www.titanpulse.com,Inbound
001000000000000308,HarborCloud LLC,SMB,High,Gold,Manufacturing,NA-East,Active,2026-08-19,2027-08-19,8037,Analytics Suite,2022-09-27,IN,18510,www.harborcloud.com,Outbound
001000000000000309,CopperSoft Industries,Enterprise,Medium,Silver,Technology,LATAM,Active,2026-03-10,2027-03-10,1197519,AI Studio,2022-06-06,SG,33576,www.coppersoft.com,Outbound
001000000000000310,NovaCompute Inc,SMB,Medium,Gold,Telecom,LATAM,Expired,2024-10-22,2025-10-22,57165,Analytics Suite,2020-07-17,UK,6923,www.novacompute.com,Event
001000000000000311,OrchardSystems Systems,SMB,Low,Silver,Energy,LATAM,Expired,2025-05-08,2026-05-08,64551,Analytics Suite,2021-01-25,UK,41968,www.orchardsystems.com,Outbound
001000000000000312,PacificDynamics Systems,Enterprise,Medium,Gold,Technology,EMEA,Active,2025-09-26,2026-09-26,981274,Edge Connect,2022-11-25,US,39430,www.pacificdynamics.com,Outbound
001000000000000313,HarborSignal Technologies,Enterprise,Low,Silver,Healthcare,EMEA,Active,2025-10-27,2026-10-27,1193269,Core Platform,2025-06-10,DE,36265,www.harborsignal.com,Inbound
001000000000000314,SableSoft Partners,SMB,Medium,Platinum,Technology,LATAM,Active,2025-08-05,2026-08-05,30945,Edge Connect,2019-11-29,FR,22106,www.sablesoft.com,Inbound
001000000000000315,GraniteByte Technologies,Enterprise,Low,Gold,Healthcare,NA-West,Active,2025-08-03,2026-08-03,319998,Analytics Suite,2020-01-05,BR,28874,www.granitebyte.com,Partner
001000000000000316,CobaltMetric Inc,Enterprise,Low,Platinum,Media,APAC,Active,2026-02-20,2027-02-20,452192,Edge Connect,2019-07-30,SG,43097,www.cobaltmetric.com,Event
001000000000000317,VanguardDigital Partners,Enterprise,Medium,Gold,Healthcare,LATAM,Active,2025-09-12,2026-09-12,378223,Edge Connect,2020-05-19,JP,20266,www.vanguarddigital.com,Inbound
001000000000000318,MeridianSignal Systems,Enterprise,Low,Silver,Logistics,APAC,Active,2025-09-05,2026-09-05,1146129,AI Studio,2020-03-01,FR,28950,www.meridiansignal.com,Event
001000000000000319,AuroraLabs Technologies,Enterprise,Medium,Gold,Financial Services,EMEA,Active,2026-06-01,2027-06-01,1046678,Analytics Suite,2024-03-01,US,41971,www.auroralabs.com,Partner
001000000000000320,HarborWorks Global,SMB,Medium,Gold,Telecom,APAC,Expired,2024-10-02,2025-10-02,39652,Core Platform,2025-01-22,FR,45221,www.harborworks.com,Inbound
001000000000000321,PioneerData Global,Enterprise,Low,Bronze,Biotech,NA-East,Active,2025-12-17,2026-12-17,517923,AI Studio,2020-04-02,FR,10746,www.pioneerdata.com,Inbound
001000000000000322,ApexData Global,Enterprise,High,Silver,Public Sector,NA-West,Expired,2025-05-05,2026-05-05,287739,Analytics Suite,2023-07-06,JP,348,www.apexdata.com,Inbound
001000000000000323,Consolidated Stream Group,SMB,Medium,Gold,Financial Services,APAC,Active,2026-07-31,2027-07-31,16662,AI Studio,2020-08-02,AU,12982,www.consolidated.com,Event
001000000000000324,SummitWorks Industries,Enterprise,Medium,Silver,Logistics,NA-East,Active,2026-07-09,2027-07-09,724903,Edge Connect,2025-04-25,FR,37420,www.summitworks.com,Inbound
001000000000000325,Meridian Digital Corp,Enterprise,Medium,Silver,Biotech,NA-West,Expired,2025-02-16,2026-02-16,1044488,Core Platform,2022-08-04,SG,36264,www.meridian.com,Event
001000000000000326,IronCloud Co,Enterprise,High,Gold,Manufacturing,NA-West,Active,2026-10-01,2027-10-01,343524,Edge Connect,2024-09-14,IN,19387,www.ironcloud.com,Event
001000000000000327,NovaTech Industries,SMB,High,Silver,Technology,APAC,Expired,2025-05-17,2026-05-17,13682,Core Platform,2025-02-19,SG,55459,www.novatech.com,Outbound
001000000000000328,HarborCompute Co,SMB,High,Gold,Biotech,EMEA,Active,2026-03-21,2027-03-21,19915,AI Studio,2023-11-14,JP,44552,www.harborcompute.com,Outbound
001000000000000329,TitanLogic Technologies,SMB,High,Bronze,Healthcare,APAC,Active,2026-05-10,2027-05-10,52310,Core Platform,2023-02-10,IN,45309,www.titanlogic.com,Outbound
001000000000000330,Meridian Nexus Holdings,SMB,Medium,Gold,Technology,NA-West,Expired,2024-11-23,2025-11-23,31468,Data Sync,2019-10-17,SG,11221,www.meridian.com,Inbound
001000000000000331,SterlingByte Global,SMB,Medium,Silver,Education,NA-West,Active,2026-06-26,2027-06-26,50475,Edge Connect,2024-03-27,DE,6142,www.sterlingbyte.com,Partner
001000000000000332,SterlingCompute Holdings,Enterprise,High,Silver,Manufacturing,EMEA,Expired,2024-09-24,2025-09-24,623736,Data Sync,2023-12-10,JP,9306,www.sterlingcompute.com,Event
001000000000000333,MeridianPulse Group,Enterprise,Medium,Gold,Retail,APAC,Active,2025-07-23,2026-07-23,1071942,AI Studio,2022-01-12,FR,21990,www.meridianpulse.com,Inbound
001000000000000334,BlueFabric Partners,Enterprise,Medium,Silver,Financial Services,LATAM,Active,2025-08-17,2026-08-17,1051746,Analytics Suite,2024-05-02,AU,13636,www.bluefabric.com,Partner
001000000000000335,BeaconVision Systems,Enterprise,Low,Gold,Financial Services,EMEA,Active,2026-02-02,2027-02-02,951564,Analytics Suite,2025-05-30,JP,13789,www.beaconvision.com,Inbound
001000000000000336,AuroraLabs Co,Enterprise,Low,Platinum,Energy,LATAM,Expired,2025-06-24,2026-06-24,729387,AI Studio,2023-07-11,IN,59877,www.auroralabs.com,Event
001000000000000337,MeridianDynamics Inc,Enterprise,Low,Platinum,Manufacturing,NA-East,Active,2026-06-23,2027-06-23,983851,Data Sync,2023-12-02,DE,33456,www.meridiandynamics.com,Event
001000000000000338,NovaByte Inc,SMB,Medium,Silver,Energy,NA-West,Expired,2025-04-16,2026-04-16,16277,Edge Connect,2021-04-25,SG,58509,www.novabyte.com,Event
001000000000000339,BlueLink Systems,SMB,Medium,Silver,Media,LATAM,Active,2026-07-12,2027-07-12,47490,Analytics Suite,2019-09-17,JP,24375,www.bluelink.com,Inbound
001000000000000340,NorthPulse Co,SMB,High,Silver,Financial Services,APAC,Active,2025-09-13,2026-09-13,69502,Edge Connect,2024-12-11,BR,26575,www.northpulse.com,Outbound
001000000000000341,CascadeLink LLC,SMB,High,Platinum,Media,APAC,Active,2026-05-22,2027-05-22,33277,AI Studio,2021-10-28,US,7474,www.cascadelink.com,Outbound
001000000000000342,PacificWorks Technologies,Enterprise,Medium,Gold,Media,NA-West,Active,2026-07-06,2027-07-06,866698,AI Studio,2022-09-21,AU,12848,www.pacificworks.com,Partner
001000000000000343,CascadeStream Technologies,SMB,High,Gold,Media,NA-East,Active,2026-11-14,2027-11-14,59402,AI Studio,2025-06-09,BR,32908,www.cascadestream.com,Inbound
001000000000000344,Standard Networks Industries,Enterprise,Low,Silver,Healthcare,NA-East,Expired,2024-09-23,2025-09-23,792959,Edge Connect,2023-03-07,IN,56260,www.standard.com,Event
001000000000000345,NovaNexus LLC,SMB,Medium,Gold,Biotech,APAC,Active,2026-04-25,2027-04-25,10096,Analytics Suite,2022-04-16,FR,14126,www.novanexus.com,Outbound
001000000000000346,MapleByte Global,Enterprise,Low,Silver,Technology,APAC,Active,2026-07-08,2027-07-08,1013553,Analytics Suite,2019-11-21,AU,49504,www.maplebyte.com,Partner
001000000000000347,PacificWave Solutions,Enterprise,Medium,Bronze,Retail,APAC,Active,2026-02-13,2027-02-13,537865,Analytics Suite,2019-08-24,SG,58218,www.pacificwave.com,Inbound
001000000000000348,Pan-Atlantic Analytics LLC,SMB,Medium,Gold,Education,LATAM,Active,2026-10-13,2027-10-13,65898,AI Studio,2020-10-09,UK,54020,www.pan-atlantic.com,Partner
001000000000000349,BrightFabric Systems,Enterprise,Medium,Gold,Technology,NA-West,Active,2026-03-24,2027-03-24,613045,Data Sync,2024-09-21,DE,26213,www.brightfabric.com,Event
001000000000000350,SterlingVector Technologies,Enterprise,High,Bronze,Education,APAC,Active,2025-09-07,2026-09-07,731706,Analytics Suite,2020-07-15,DE,22222,www.sterlingvector.com,Inbound
001000000000000351,HarborMetric Group,SMB,Medium,Silver,Manufacturing,NA-East,Active,2025-08-12,2026-08-12,25994,Data Sync,2022-11-14,BR,54900,www.harbormetric.com,Inbound
001000000000000352,IronSoft Systems,Enterprise,Low,Platinum,Retail,EMEA,Expired,2025-03-11,2026-03-11,227849,AI Studio,2025-05-27,DE,34025,www.ironsoft.com,Partner
001000000000000353,DeltaData Partners,SMB,Medium,Silver,Financial Services,EMEA,Active,2026-10-05,2027-10-05,49938,Data Sync,2019-06-24,BR,51868,www.deltadata.com,Outbound
001000000000000354,VertexWorks Systems,SMB,High,Gold,Media,NA-East,Expired,2024-09-29,2025-09-29,40492,Analytics Suite,2021-11-28,US,18054,www.vertexworks.com,Partner
001000000000000355,SilverAnalytics Technologies,Enterprise,Medium,Bronze,Technology,LATAM,Active,2026-07-29,2027-07-29,241698,Edge Connect,2022-08-12,UK,7384,www.silveranalytics.com,Partner
001000000000000356,GraniteSignal Systems,SMB,Medium,Silver,Retail,NA-West,Active,2025-09-04,2026-09-04,65022,Data Sync,2024-05-16,JP,36410,www.granitesignal.com,Event
001000000000000357,Standard Dynamics LLC,Enterprise,Medium,Gold,Energy,LATAM,Active,2026-10-14,2027-10-14,815597,Data Sync,2020-03-02,DE,45016,www.standard.com,Inbound
001000000000000358,Helios Loop Holdings,Enterprise,Low,Bronze,Media,NA-East,Expired,2024-10-14,2025-10-14,925093,Core Platform,2024-09-07,BR,11642,www.helios.com,Partner
001000000000000359,SummitWorks Technologies,SMB,Low,Silver,Biotech,EMEA,Active,2025-10-24,2026-10-24,56974,AI Studio,2022-09-15,US,13947,www.summitworks.com,Event
001000000000000360,GraniteDigital Technologies,Enterprise,Low,Gold,Technology,EMEA,Active,2026-04-08,2027-04-08,933481,Core Platform,2022-04-02,BR,20629,www.granitedigital.com,Inbound
001000000000000361,EmeraldGrid Partners,SMB,High,Silver,Manufacturing,EMEA,Active,2026-09-12,2027-09-12,37545,Edge Connect,2020-10-19,IN,11139,www.emeraldgrid.com,Event
001000000000000362,AuroraStream Technologies,Enterprise,Medium,Gold,Logistics,EMEA,Active,2025-12-30,2026-12-30,80017,Data Sync,2024-05-10,US,29084,www.aurorastream.com,Inbound
001000000000000363,NovaStream Corp,SMB,High,Gold,Telecom,EMEA,Active,2025-11-27,2026-11-27,12252,Core Platform,2021-05-23,AU,29768,www.novastream.com,Inbound
001000000000000364,SummitSystems Global,Enterprise,Low,Platinum,Technology,NA-East,Active,2025-07-29,2026-07-29,1137395,Data Sync,2025-04-26,JP,43728,www.summitsystems.com,Outbound
001000000000000365,AuroraLink LLC,Enterprise,Low,Silver,Retail,APAC,Active,2026-07-07,2027-07-07,385054,Analytics Suite,2025-05-03,FR,41562,www.auroralink.com,Partner
001000000000000366,RidgeTech Industries,SMB,Low,Silver,Financial Services,NA-East,Active,2025-10-11,2026-10-11,37300,Analytics Suite,2024-04-19,BR,56622,www.ridgetech.com,Partner
001000000000000367,QuantumCompute Global,Enterprise,High,Gold,Healthcare,LATAM,Active,2026-03-25,2027-03-25,413960,Core Platform,2022-03-17,BR,29966,www.quantumcompute.com,Outbound
001000000000000368,MeridianTech Partners,Enterprise,Medium,Gold,Education,LATAM,Active,2026-08-03,2027-08-03,257821,Data Sync,2019-11-15,BR,46663,www.meridiantech.com,Inbound
001000000000000369,OnyxData Systems,Enterprise,Medium,Silver,Retail,LATAM,Active,2025-07-23,2026-07-23,1085449,AI Studio,2020-10-26,UK,39161,www.onyxdata.com,Partner
001000000000000370,DeltaLogic Co,Enterprise,Low,Silver,Financial Services,APAC,Active,2025-08-27,2026-08-27,547631,Core Platform,2020-01-15,US,59461,www.deltalogic.com,Event
001000000000000371,KeystoneCore Holdings,SMB,Low,Platinum,Public Sector,APAC,Active,2026-06-16,2027-06-16,29890,Analytics Suite,2019-10-22,AU,479,www.keystonecore.com,Inbound
001000000000000372,GraniteCloud Co,Enterprise,Medium,Silver,Manufacturing,EMEA,Active,2026-01-14,2027-01-14,419305,Data Sync,2023-05-16,US,43933,www.granitecloud.com,Outbound
001000000000000373,VertexForge Group,Enterprise,High,Silver,Healthcare,NA-East,Active,2025-09-07,2026-09-07,1134331,Data Sync,2020-08-17,IN,36093,www.vertexforge.com,Outbound
001000000000000374,SableStream Technologies,SMB,Low,Silver,Technology,APAC,Active,2025-08-10,2026-08-10,41204,Edge Connect,2020-10-15,BR,6599,www.sablestream.com,Event
001000000000000375,MapleGrid Corp,SMB,Low,Gold,Logistics,LATAM,Expired,2025-06-03,2026-06-03,20279,Analytics Suite,2022-12-02,FR,57268,www.maplegrid.com,Event
001000000000000376,NovaSoft Holdings,SMB,Medium,Platinum,Energy,EMEA,Active,2026-12-01,2027-12-01,43487,Analytics Suite,2025-05-02,UK,52799,www.novasoft.com,Outbound
001000000000000377,BlueAnalytics Holdings,SMB,High,Gold,Public Sector,NA-West,Active,2025-08-14,2026-08-14,41658,Analytics Suite,2023-11-07,US,19019,www.blueanalytics.com,Event
001000000000000378,SummitSystems Partners,Enterprise,Low,Gold,Logistics,NA-West,Active,2025-10-04,2026-10-04,234927,AI Studio,2021-02-24,US,26024,www.summitsystems.com,Event
001000000000000379,NorthTech Partners,Enterprise,Low,Bronze,Media,LATAM,Active,2026-11-07,2027-11-07,1009645,Data Sync,2021-08-05,IN,6125,www.northtech.com,Event
001000000000000380,SableSignal Technologies,SMB,Low,Gold,Manufacturing,LATAM,Active,2025-07-21,2026-07-21,40433,Edge Connect,2021-04-05,JP,42293,www.sablesignal.com,Partner
001000000000000381,NovaNexus Industries,SMB,High,Bronze,Retail,APAC,Expired,2024-12-14,2025-12-14,47800,AI Studio,2020-09-27,SG,57911,www.novanexus.com,Event
001000000000000382,SableForge Holdings,Enterprise,Medium,Bronze,Education,EMEA,Expired,2024-12-06,2025-12-06,502486,Core Platform,2020-11-14,US,47874,www.sableforge.com,Outbound
001000000000000383,RidgeSignal Group,SMB,High,Gold,Media,EMEA,Active,2025-07-25,2026-07-25,46743,Core Platform,2021-06-02,DE,53159,www.ridgesignal.com,Event
001000000000000384,Standard Vision Systems,SMB,High,Bronze,Logistics,EMEA,Active,2025-09-18,2026-09-18,15637,Analytics Suite,2024-11-04,DE,20999,www.standard.com,Partner
001000000000000385,UnionSystems Technologies,Enterprise,Low,Bronze,Education,EMEA,Active,2025-07-22,2026-07-22,595369,AI Studio,2022-08-26,UK,50849,www.unionsystems.com,Partner
001000000000000386,SummitNetworks Inc,Enterprise,Medium,Gold,Logistics,EMEA,Active,2026-08-19,2027-08-19,839261,Core Platform,2020-01-24,FR,42629,www.summitnetworks.com,Event
001000000000000387,DeltaVision Corp,SMB,Medium,Silver,Media,EMEA,Active,2026-09-02,2027-09-02,57149,AI Studio,2022-10-21,SG,29162,www.deltavision.com,Outbound
001000000000000388,LarkLoop Partners,Enterprise,High,Bronze,Education,APAC,Active,2025-12-30,2026-12-30,573208,Edge Connect,2021-11-23,UK,28641,www.larkloop.com,Partner
001000000000000389,NovaSignal Global,Enterprise,High,Silver,Telecom,APAC,Active,2026-05-04,2027-05-04,649993,Data Sync,2022-10-04,AU,10581,www.novasignal.com,Inbound
001000000000000390,GraniteDigital Solutions,Enterprise,Low,Bronze,Retail,LATAM,Active,2025-08-11,2026-08-11,692860,Analytics Suite,2020-04-07,IN,38163,www.granitedigital.com,Event
001000000000000391,DeltaMicro LLC,Enterprise,Medium,Silver,Retail,APAC,Active,2025-07-23,2026-07-23,752276,Analytics Suite,2021-03-18,DE,10573,www.deltamicro.com,Event
001000000000000392,BrightVision Co,SMB,Medium,Platinum,Energy,NA-West,Active,2025-09-16,2026-09-16,37083,Edge Connect,2023-04-26,BR,5815,www.brightvision.com,Partner
001000000000000393,MeridianByte Technologies,Enterprise,High,Bronze,Energy,EMEA,Active,2026-03-06,2027-03-06,452369,Analytics Suite,2023-04-21,AU,50181,www.meridianbyte.com,Event
001000000000000394,OnyxLoop Holdings,SMB,Medium,Platinum,Retail,LATAM,Active,2025-09-03,2026-09-03,12416,Core Platform,2022-05-28,IN,18705,www.onyxloop.com,Inbound
001000000000000395,AuroraForge Co,Enterprise,Medium,Bronze,Manufacturing,NA-East,Expired,2024-11-13,2025-11-13,394450,Core Platform,2022-10-30,UK,21819,www.auroraforge.com,Inbound
001000000000000396,VertexCompute Global,SMB,High,Silver,Biotech,LATAM,Active,2026-08-07,2027-08-07,63121,Analytics Suite,2025-02-24,FR,59596,www.vertexcompute.com,Event
001000000000000397,Helios Core Industries,Enterprise,Medium,Gold,Biotech,EMEA,Active,2026-03-20,2027-03-20,607532,Data Sync,2024-11-09,BR,40597,www.helios.com,Inbound
001000000000000398,Helios Networks Holdings,SMB,Low,Silver,Media,APAC,Active,2026-05-08,2027-05-08,8182,AI Studio,2019-06-27,UK,26087,www.helios.com,Outbound
001000000000000399,TitanCompute Solutions,Enterprise,High,Gold,Media,LATAM,Active,2025-09-11,2026-09-11,1182690,Analytics Suite,2024-09-09,AU,41100,www.titancompute.com,Event
001000000000000400,SableWave Holdings,SMB,Low,Silver,Energy,LATAM,Active,2025-08-28,2026-08-28,46843,Data Sync,2025-01-14,JP,27615,www.sablewave.com,Event
001000000000000401,VertexData Systems,Enterprise,High,Bronze,Financial Services,LATAM,Active,2026-08-19,2027-08-19,879376,Edge Connect,2023-01-10,DE,35523,www.vertexdata.com,Event
001000000000000402,GraniteSignal Technologies,SMB,Medium,Silver,Public Sector,LATAM,Active,2026-12-11,2027-12-11,52542,Analytics Suite,2019-08-09,US,38280,www.granitesignal.com,Event
001000000000000403,Helios Signal Group,Enterprise,High,Silver,Healthcare,LATAM,Active,2025-07-22,2026-07-22,976369,Core Platform,2022-08-07,AU,34965,www.helios.com,Partner
001000000000000404,PioneerAnalytics Corp,Enterprise,Low,Bronze,Telecom,LATAM,Expired,2024-12-20,2025-12-20,258845,Analytics Suite,2023-01-26,SG,10217,www.pioneeranalytics.com,Inbound
001000000000000405,SableDigital Global,SMB,Medium,Silver,Biotech,LATAM,Active,2025-08-31,2026-08-31,12602,Data Sync,2020-03-03,SG,48632,www.sabledigital.com,Inbound
001000000000000406,CopperSystems Systems,Enterprise,Low,Bronze,Education,LATAM,Active,2026-01-24,2027-01-24,353493,AI Studio,2020-02-18,JP,53919,www.coppersystems.com,Inbound
001000000000000407,Consolidated Logic Holdings,SMB,Low,Gold,Retail,NA-East,Active,2026-09-17,2027-09-17,11884,Data Sync,2023-06-06,JP,38768,www.consolidated.com,Outbound
001000000000000408,GraniteForge Partners,Enterprise,Low,Gold,Biotech,APAC,Active,2026-01-06,2027-01-06,191772,AI Studio,2020-02-09,US,39748,www.graniteforge.com,Outbound
001000000000000409,MeridianLogic Global,SMB,Medium,Platinum,Logistics,APAC,Expired,2025-04-02,2026-04-02,7623,Core Platform,2020-12-21,FR,2788,www.meridianlogic.com,Event
001000000000000410,SableGrid Systems,Enterprise,Medium,Platinum,Education,EMEA,Active,2026-09-11,2027-09-11,531842,Core Platform,2022-11-10,DE,6667,www.sablegrid.com,Outbound
001000000000000411,KeystoneLabs Global,SMB,Medium,Silver,Retail,EMEA,Active,2026-06-23,2027-06-23,67466,Data Sync,2025-03-26,BR,25164,www.keystonelabs.com,Inbound
001000000000000412,EmeraldWave Group,Enterprise,Low,Bronze,Energy,APAC,Active,2026-11-12,2027-11-12,1154777,Analytics Suite,2023-08-30,BR,55665,www.emeraldwave.com,Outbound
001000000000000413,LarkWorks Inc,SMB,High,Bronze,Education,EMEA,Expired,2024-11-22,2025-11-22,33016,Data Sync,2023-05-24,BR,10543,www.larkworks.com,Inbound
001000000000000414,BlueLink Holdings,Enterprise,Low,Bronze,Public Sector,EMEA,Active,2026-05-24,2027-05-24,370378,Edge Connect,2025-02-24,IN,9083,www.bluelink.com,Outbound
001000000000000415,CopperData Technologies,Enterprise,Medium,Gold,Media,APAC,Active,2026-07-14,2027-07-14,334079,Edge Connect,2025-01-26,BR,25436,www.copperdata.com,Inbound
001000000000000416,BlueForge Inc,Enterprise,Low,Gold,Public Sector,APAC,Active,2026-04-25,2027-04-25,960067,Data Sync,2022-08-05,IN,39737,www.blueforge.com,Inbound
001000000000000417,CascadeForge Corp,SMB,Low,Platinum,Healthcare,EMEA,Active,2026-01-21,2027-01-21,22221,Data Sync,2022-01-31,UK,14463,www.cascadeforge.com,Outbound
001000000000000418,AtlasVector Technologies,Enterprise,Low,Platinum,Media,APAC,Active,2025-08-18,2026-08-18,336222,Edge Connect,2020-10-06,FR,1423,www.atlasvector.com,Outbound
001000000000000419,MeridianData Solutions,Enterprise,Low,Gold,Retail,NA-West,Active,2025-09-22,2026-09-22,349425,AI Studio,2023-05-26,FR,18859,www.meridiandata.com,Event
001000000000000420,DeltaStream Industries,SMB,High,Gold,Technology,APAC,Active,2026-08-10,2027-08-10,46411,Edge Connect,2023-02-25,AU,25720,www.deltastream.com,Inbound
001000000000000421,AuroraWave Inc,SMB,High,Silver,Healthcare,LATAM,Active,2025-12-02,2026-12-02,44209,Analytics Suite,2022-03-20,US,42116,www.aurorawave.com,Outbound
001000000000000422,VertexSignal Global,SMB,High,Platinum,Logistics,LATAM,Active,2025-07-16,2026-07-16,46473,Data Sync,2024-11-19,FR,41982,www.vertexsignal.com,Event
001000000000000423,VertexLabs Inc,Enterprise,Low,Platinum,Public Sector,EMEA,Active,2025-08-25,2026-08-25,926657,Edge Connect,2024-04-02,UK,55659,www.vertexlabs.com,Partner
001000000000000424,SilverWave Group,Enterprise,Medium,Silver,Energy,NA-East,Active,2026-09-17,2027-09-17,733441,Core Platform,2023-06-03,UK,42531,www.silverwave.com,Partner
001000000000000425,BrightCompute Systems,Enterprise,High,Gold,Media,NA-East,Active,2025-10-02,2026-10-02,576173,AI Studio,2022-08-15,DE,48572,www.brightcompute.com,Event
001000000000000426,AuroraVision Industries,SMB,High,Gold,Media,EMEA,Active,2025-09-12,2026-09-12,30484,AI Studio,2022-02-09,JP,30905,www.auroravision.com,Inbound
001000000000000427,PioneerLink Systems,Enterprise,Low,Silver,Technology,APAC,Active,2025-07-20,2026-07-20,1149553,Edge Connect,2024-05-11,JP,27224,www.pioneerlink.com,Inbound
001000000000000428,CopperCore Industries,SMB,Low,Silver,Energy,APAC,Active,2025-07-21,2026-07-21,62832,Analytics Suite,2024-06-26,JP,11334,www.coppercore.com,Inbound
001000000000000429,ApexSystems Inc,Enterprise,Medium,Gold,Financial Services,EMEA,Active,2026-05-30,2027-05-30,528564,Core Platform,2023-07-12,AU,56427,www.apexsystems.com,Event
001000000000000430,IronNetworks Systems,SMB,Medium,Silver,Biotech,NA-East,Active,2026-01-22,2027-01-22,51674,Edge Connect,2023-03-25,FR,19883,www.ironnetworks.com,Outbound
001000000000000431,MapleLogic Partners,Enterprise,Medium,Platinum,Energy,NA-West,Expired,2025-02-20,2026-02-20,1155705,Edge Connect,2023-12-01,UK,51833,www.maplelogic.com,Inbound
001000000000000432,SummitData Co,Enterprise,High,Silver,Education,APAC,Active,2025-12-09,2026-12-09,149704,Analytics Suite,2024-03-07,BR,56490,www.summitdata.com,Inbound
001000000000000433,CopperCore Group,SMB,Low,Bronze,Public Sector,NA-West,Expired,2024-11-07,2025-11-07,34506,Core Platform,2024-12-27,IN,19912,www.coppercore.com,Partner
001000000000000434,PioneerWorks Partners,SMB,Low,Platinum,Healthcare,NA-East,Active,2026-08-29,2027-08-29,60146,Core Platform,2022-04-06,US,25749,www.pioneerworks.com,Inbound
001000000000000435,RidgeForge Global,SMB,Medium,Gold,Logistics,EMEA,Active,2025-09-09,2026-09-09,53820,Edge Connect,2021-04-28,UK,42892,www.ridgeforge.com,Outbound
001000000000000436,CopperFabric Global,Enterprise,High,Gold,Public Sector,APAC,Active,2026-04-10,2027-04-10,1101067,Analytics Suite,2024-03-07,US,4153,www.copperfabric.com,Event
001000000000000437,BlueVector Corp,Enterprise,Medium,Platinum,Education,EMEA,Active,2025-09-28,2026-09-28,499747,Analytics Suite,2020-07-21,IN,51281,www.bluevector.com,Partner
001000000000000438,MapleWorks Co,Enterprise,Low,Silver,Public Sector,LATAM,Active,2026-01-25,2027-01-25,231110,AI Studio,2023-07-30,IN,49749,www.mapleworks.com,Event
001000000000000439,CobaltLogic Co,Enterprise,Low,Gold,Manufacturing,EMEA,Expired,2024-12-02,2025-12-02,94762,Edge Connect,2022-03-10,IN,27768,www.cobaltlogic.com,Partner
001000000000000440,AuroraMetric Group,Enterprise,Low,Gold,Manufacturing,NA-West,Active,2026-02-17,2027-02-17,1139913,Edge Connect,2022-07-06,US,39006,www.aurorametric.com,Inbound
001000000000000441,VertexDigital Systems,SMB,High,Gold,Education,NA-West,Active,2025-08-28,2026-08-28,47824,AI Studio,2019-09-11,SG,5519,www.vertexdigital.com,Partner
001000000000000442,DeltaNetworks Holdings,Enterprise,Medium,Silver,Technology,EMEA,Expired,2025-05-11,2026-05-11,624060,Analytics Suite,2023-02-17,SG,13009,www.deltanetworks.com,Partner
001000000000000443,SableWorks Co,Enterprise,High,Bronze,Healthcare,EMEA,Expired,2025-01-10,2026-01-10,644757,Analytics Suite,2025-02-11,BR,57321,www.sableworks.com,Inbound
001000000000000444,KeystoneAnalytics LLC,Enterprise,High,Bronze,Media,APAC,Active,2025-07-20,2026-07-20,977259,Edge Connect,2023-12-01,BR,58048,www.keystoneanalytics.com,Outbound
001000000000000445,MeridianPulse LLC,SMB,Medium,Gold,Media,NA-West,Active,2026-12-08,2027-12-08,15433,Edge Connect,2023-07-04,JP,52019,www.meridianpulse.com,Partner
001000000000000446,CascadeDigital Partners,Enterprise,High,Bronze,Education,LATAM,Expired,2025-04-23,2026-04-23,925510,AI Studio,2025-03-21,SG,11870,www.cascadedigital.com,Event
001000000000000447,TitanDigital Group,Enterprise,Medium,Bronze,Logistics,APAC,Active,2025-10-09,2026-10-09,346180,Data Sync,2025-04-16,SG,31888,www.titandigital.com,Partner
001000000000000448,Meridian Sphere Global,Enterprise,Low,Silver,Technology,LATAM,Expired,2025-01-30,2026-01-30,840006,Core Platform,2023-12-11,JP,21463,www.meridian.com,Partner
001000000000000449,HarborDynamics Holdings,Enterprise,High,Platinum,Retail,NA-West,Expired,2024-12-30,2025-12-30,217682,Core Platform,2022-06-10,JP,25400,www.harbordynamics.com,Inbound
001000000000000450,RidgeCloud Corp,Enterprise,High,Bronze,Energy,NA-West,Active,2026-03-08,2027-03-08,788587,Analytics Suite,2020-02-06,SG,10047,www.ridgecloud.com,Outbound
001000000000000451,SterlingAnalytics Solutions,Enterprise,High,Platinum,Manufacturing,EMEA,Active,2025-10-01,2026-10-01,923927,Edge Connect,2025-02-16,SG,30033,www.sterlinganalytics.com,Partner
001000000000000452,VanguardNexus Holdings,Enterprise,High,Bronze,Media,EMEA,Active,2025-08-18,2026-08-18,834038,AI Studio,2021-06-23,UK,39030,www.vanguardnexus.com,Event
001000000000000453,AuroraWave Technologies,SMB,Medium,Bronze,Manufacturing,NA-East,Active,2025-09-07,2026-09-07,31595,Analytics Suite,2019-12-09,BR,26553,www.aurorawave.com,Partner
001000000000000454,MapleMicro Technologies,SMB,Low,Bronze,Retail,LATAM,Active,2025-08-22,2026-08-22,46214,Edge Connect,2019-11-13,SG,4975,www.maplemicro.com,Event
001000000000000455,GranitePulse Group,Enterprise,Medium,Gold,Financial Services,NA-West,Active,2026-12-16,2027-12-16,281014,Analytics Suite,2020-01-01,UK,24616,www.granitepulse.com,Outbound
001000000000000456,CopperDynamics Inc,Enterprise,Low,Silver,Technology,LATAM,Active,2026-11-07,2027-11-07,426712,Core Platform,2022-08-21,UK,13008,www.copperdynamics.com,Event
001000000000000457,Helios Stream Global,SMB,High,Gold,Healthcare,EMEA,Active,2025-12-05,2026-12-05,59704,Data Sync,2020-02-16,US,49183,www.helios.com,Outbound
001000000000000458,Consolidated Nexus Partners,SMB,Low,Silver,Healthcare,EMEA,Active,2026-08-29,2027-08-29,42684,Core Platform,2019-09-07,DE,19152,www.consolidated.com,Event
001000000000000459,SterlingCore Group,Enterprise,High,Silver,Education,LATAM,Active,2026-03-16,2027-03-16,206294,Analytics Suite,2021-02-05,UK,32435,www.sterlingcore.com,Inbound
001000000000000460,KeystoneMetric Corp,Enterprise,High,Platinum,Energy,APAC,Active,2026-03-23,2027-03-23,1078745,Analytics Suite,2023-05-10,BR,617,www.keystonemetric.com,Outbound
001000000000000461,VanguardDynamics Systems,Enterprise,High,Gold,Energy,NA-East,Active,2025-09-10,2026-09-10,640372,AI Studio,2022-07-23,FR,31838,www.vanguarddynamics.com,Event
001000000000000462,OrchardWorks Co,SMB,Low,Silver,Technology,APAC,Active,2026-01-17,2027-01-17,66810,AI Studio,2020-10-17,JP,24191,www.orchardworks.com,Outbound
001000000000000463,AuroraMicro Corp,Enterprise,Medium,Platinum,Telecom,APAC,Active,2025-09-18,2026-09-18,1054460,Analytics Suite,2023-11-20,SG,44852,www.auroramicro.com,Inbound
001000000000000464,Pan-Atlantic Vector Group,SMB,Low,Silver,Biotech,LATAM,Expired,2025-02-23,2026-02-23,57434,Edge Connect,2019-08-22,SG,13309,www.pan-atlantic.com,Outbound
001000000000000465,BeaconDigital LLC,SMB,Low,Bronze,Healthcare,LATAM,Active,2025-10-05,2026-10-05,11885,Edge Connect,2023-02-01,US,42604,www.beacondigital.com,Inbound
001000000000000466,AtlasStream Systems,SMB,Low,Gold,Telecom,LATAM,Active,2026-03-18,2027-03-18,48467,Data Sync,2021-04-30,AU,38475,www.atlasstream.com,Event
001000000000000467,LarkCore Systems,Enterprise,High,Gold,Telecom,APAC,Active,2025-07-30,2026-07-30,141498,AI Studio,2023-05-12,DE,45959,www.larkcore.com,Outbound
001000000000000468,CrownWorks LLC,SMB,Medium,Bronze,Healthcare,APAC,Active,2026-10-04,2027-10-04,25335,Analytics Suite,2020-06-13,BR,22386,www.crownworks.com,Inbound
001000000000000469,SableSoft Global,Enterprise,Medium,Bronze,Telecom,APAC,Active,2026-11-05,2027-11-05,738713,Edge Connect,2019-07-20,AU,59427,www.sablesoft.com,Event
001000000000000470,Helios Networks LLC,Enterprise,High,Silver,Logistics,EMEA,Active,2025-08-07,2026-08-07,903916,Core Platform,2023-08-06,DE,59132,www.helios.com,Inbound
001000000000000471,DeltaDigital Co,SMB,High,Gold,Financial Services,EMEA,Active,2025-07-23,2026-07-23,11393,Core Platform,2024-01-18,IN,38220,www.deltadigital.com,Inbound
001000000000000472,ApexLoop Partners,Enterprise,Low,Silver,Healthcare,LATAM,Active,2026-02-12,2027-02-12,299420,Analytics Suite,2023-07-12,BR,23789,www.apexloop.com,Inbound
001000000000000473,MapleData Systems,Enterprise,Medium,Platinum,Media,NA-East,Active,2025-08-12,2026-08-12,1008598,Analytics Suite,2021-03-23,UK,31092,www.mapledata.com,Partner
001000000000000474,NovaPulse Systems,SMB,Medium,Silver,Retail,NA-East,Active,2026-10-01,2027-10-01,37771,Data Sync,2019-09-29,UK,51565,www.novapulse.com,Outbound
001000000000000475,Meridian Analytics Group,Enterprise,Medium,Silver,Energy,EMEA,Active,2025-07-26,2026-07-26,907597,Edge Connect,2023-11-15,US,30091,www.meridian.com,Event
001000000000000476,QuantumSphere LLC,Enterprise,High,Bronze,Technology,EMEA,Expired,2025-03-15,2026-03-15,764196,Data Sync,2021-04-02,IN,44314,www.quantumsphere.com,Event
001000000000000477,CopperLogic Solutions,Enterprise,Low,Gold,Education,EMEA,Expired,2025-01-01,2026-01-01,1058352,AI Studio,2022-09-10,FR,59160,www.copperlogic.com,Partner
001000000000000478,BeaconCloud LLC,SMB,Medium,Bronze,Manufacturing,LATAM,Active,2026-09-16,2027-09-16,60131,Data Sync,2021-02-23,BR,6000,www.beaconcloud.com,Event
001000000000000479,DeltaLogic Systems,SMB,High,Silver,Logistics,APAC,Active,2026-07-01,2027-07-01,22701,Core Platform,2022-08-17,BR,5605,www.deltalogic.com,Inbound
001000000000000480,CascadeMetric Co,Enterprise,Medium,Gold,Telecom,NA-East,Active,2026-11-29,2027-11-29,781525,Core Platform,2019-10-15,AU,59823,www.cascademetric.com,Inbound
001000000000000481,CascadeMetric LLC,Enterprise,High,Gold,Healthcare,NA-West,Active,2025-09-12,2026-09-12,1129277,Data Sync,2024-03-26,BR,6049,www.cascademetric.com,Partner
001000000000000482,PioneerData Systems,Enterprise,High,Gold,Technology,NA-West,Active,2026-03-01,2027-03-01,924326,Analytics Suite,2020-07-01,US,58280,www.pioneerdata.com,Partner
001000000000000483,BeaconDynamics Holdings,Enterprise,High,Gold,Financial Services,EMEA,Active,2025-08-30,2026-08-30,1096603,Data Sync,2024-08-25,AU,1150,www.beacondynamics.com,Outbound
001000000000000484,SilverDynamics Group,Enterprise,Low,Silver,Education,NA-West,Active,2026-08-11,2027-08-11,627441,Core Platform,2024-08-31,SG,31795,www.silverdynamics.com,Partner
001000000000000485,SilverVector Co,SMB,Medium,Silver,Manufacturing,NA-East,Expired,2025-01-17,2026-01-17,34143,Core Platform,2023-04-02,AU,15276,www.silvervector.com,Outbound
001000000000000486,IronCloud Inc,SMB,Medium,Bronze,Healthcare,NA-West,Active,2026-10-01,2027-10-01,58631,Data Sync,2022-08-08,JP,39948,www.ironcloud.com,Partner
001000000000000487,VertexLabs Holdings,SMB,Medium,Silver,Technology,NA-West,Active,2026-04-16,2027-04-16,38231,AI Studio,2023-02-28,IN,47158,www.vertexlabs.com,Event
001000000000000488,SableSystems Co,Enterprise,High,Silver,Public Sector,LATAM,Active,2025-08-25,2026-08-25,949009,AI Studio,2021-08-11,SG,34945,www.sablesystems.com,Inbound
001000000000000489,SterlingDynamics LLC,Enterprise,High,Gold,Retail,LATAM,Expired,2024-09-24,2025-09-24,1151278,AI Studio,2020-04-27,AU,47092,www.sterlingdynamics.com,Inbound
001000000000000490,RidgeFabric Group,SMB,Low,Silver,Telecom,LATAM,Expired,2025-01-28,2026-01-28,63758,Data Sync,2021-08-09,FR,18415,www.ridgefabric.com,Inbound
001000000000000491,SummitVision Systems,SMB,Medium,Silver,Education,EMEA,Active,2025-09-02,2026-09-02,8168,Core Platform,2020-03-17,UK,27281,www.summitvision.com,Inbound
001000000000000492,PacificSphere Co,SMB,Medium,Gold,Manufacturing,LATAM,Active,2025-07-22,2026-07-22,14646,AI Studio,2020-10-30,BR,15990,www.pacificsphere.com,Event
001000000000000493,SterlingDynamics Industries,SMB,Low,Gold,Education,EMEA,Active,2026-03-05,2027-03-05,58623,Data Sync,2021-12-02,AU,9525,www.sterlingdynamics.com,Outbound
001000000000000494,Allied Core Holdings,SMB,Medium,Silver,Telecom,APAC,Active,2026-09-18,2027-09-18,6592,Edge Connect,2019-11-18,BR,14169,www.allied.com,Partner
001000000000000495,CrownCompute Holdings,SMB,Medium,Gold,Healthcare,NA-East,Active,2025-07-29,2026-07-29,63512,Edge Connect,2023-05-11,IN,52298,www.crowncompute.com,Partner
001000000000000496,SilverCloud Inc,SMB,High,Silver,Retail,NA-West,Active,2025-08-04,2026-08-04,29431,Data Sync,2020-10-16,BR,8725,www.silvercloud.com,Outbound
001000000000000497,Consolidated Cloud Holdings,SMB,Medium,Bronze,Energy,LATAM,Active,2025-09-22,2026-09-22,44989,Edge Connect,2020-02-09,DE,12367,www.consolidated.com,Inbound
001000000000000498,MeridianMicro Inc,SMB,Medium,Gold,Education,LATAM,Active,2026-12-02,2027-12-02,13218,AI Studio,2020-01-18,US,32226,www.meridianmicro.com,Partner
001000000000000499,RidgeLink Global,SMB,Low,Gold,Education,EMEA,Active,2026-06-21,2027-06-21,65853,Core Platform,2019-09-16,JP,42420,www.ridgelink.com,Outbound
001000000000000500,CedarWorks Corp,Enterprise,Medium,Gold,Public Sector,EMEA,Active,2025-10-08,2026-10-08,1013575,Data Sync,2022-08-15,FR,8634,www.cedarworks.com,Event
001000000000000501,Meridian Data Partners,SMB,High,Silver,Public Sector,LATAM,Active,2025-07-18,2026-07-18,48228,Data Sync,2024-02-02,IN,51243,www.meridian.com,Partner
001000000000000502,Standard Tech LLC,SMB,Medium,Gold,Media,APAC,Expired,2025-05-17,2026-05-17,37006,Core Platform,2024-07-12,IN,33729,www.standard.com,Partner
001000000000000503,SableForge Corp,Enterprise,Medium,Silver,Media,NA-East,Active,2025-10-11,2026-10-11,276460,Edge Connect,2025-05-21,SG,880,www.sableforge.com,Inbound
001000000000000504,ApexMicro Corp,SMB,High,Bronze,Healthcare,APAC,Expired,2025-05-04,2026-05-04,18709,Core Platform,2024-07-20,IN,30253,www.apexmicro.com,Event
001000000000000505,Meridian Analytics Systems,Enterprise,Low,Bronze,Financial Services,APAC,Active,2025-08-03,2026-08-03,543000,Data Sync,2021-05-28,BR,50624,www.meridian.com,Outbound
001000000000000506,BeaconFabric Global,SMB,Low,Silver,Manufacturing,NA-East,Active,2026-01-25,2027-01-25,69182,Analytics Suite,2024-01-15,DE,57229,www.beaconfabric.com,Outbound
001000000000000507,CopperMetric LLC,Enterprise,High,Bronze,Technology,EMEA,Expired,2025-03-08,2026-03-08,806788,AI Studio,2023-12-07,IN,59626,www.coppermetric.com,Outbound
001000000000000508,EmeraldAnalytics Industries,Enterprise,Medium,Gold,Manufacturing,LATAM,Active,2026-02-04,2027-02-04,773804,Core Platform,2022-02-24,US,36554,www.emeraldanalytics.com,Partner
001000000000000509,SummitSoft Co,Enterprise,Medium,Gold,Logistics,NA-West,Active,2026-11-15,2027-11-15,341518,Core Platform,2023-12-31,SG,7835,www.summitsoft.com,Outbound
001000000000000510,BrightLabs Corp,Enterprise,Low,Silver,Technology,EMEA,Active,2025-08-03,2026-08-03,637316,Analytics Suite,2022-11-16,IN,54569,www.brightlabs.com,Outbound
001000000000000511,SummitLoop Technologies,Enterprise,Medium,Platinum,Media,NA-West,Expired,2025-06-30,2026-06-30,965337,Core Platform,2019-09-14,US,42923,www.summitloop.com,Inbound
001000000000000512,OnyxNexus Holdings,Enterprise,Medium,Silver,Financial Services,LATAM,Active,2026-11-09,2027-11-09,956182,Edge Connect,2024-07-22,JP,4489,www.onyxnexus.com,Event
001000000000000513,TitanLogic Corp,Enterprise,High,Silver,Public Sector,LATAM,Expired,2024-09-22,2025-09-22,680303,Core Platform,2020-02-03,UK,10424,www.titanlogic.com,Event
001000000000000514,NorthSignal Solutions,Enterprise,Medium,Silver,Telecom,NA-West,Active,2026-04-28,2027-04-28,428166,Analytics Suite,2023-11-11,IN,21824,www.northsignal.com,Partner
001000000000000515,Pan-Atlantic Wave Inc,Enterprise,Low,Gold,Energy,EMEA,Active,2026-09-28,2027-09-28,617512,Analytics Suite,2023-01-22,US,4530,www.pan-atlantic.com,Outbound
001000000000000516,CascadeDigital Co,Enterprise,Low,Gold,Manufacturing,NA-East,Active,2026-05-31,2027-05-31,1031282,Data Sync,2024-06-14,US,16016,www.cascadedigital.com,Outbound
001000000000000517,CascadeWave Industries,Enterprise,Medium,Bronze,Energy,NA-East,Active,2026-12-11,2027-12-11,914990,Edge Connect,2020-03-26,AU,46737,www.cascadewave.com,Event
001000000000000518,SterlingGrid Holdings,SMB,Low,Platinum,Public Sector,LATAM,Active,2025-11-14,2026-11-14,13500,AI Studio,2024-07-22,SG,20192,www.sterlinggrid.com,Partner
001000000000000519,AuroraMicro Industries,SMB,Low,Bronze,Public Sector,NA-West,Expired,2024-12-17,2025-12-17,49245,Core Platform,2020-09-23,US,52442,www.auroramicro.com,Inbound
001000000000000520,DeltaCompute Industries,Enterprise,High,Gold,Biotech,NA-East,Expired,2025-03-02,2026-03-02,1107564,Data Sync,2023-04-08,BR,12209,www.deltacompute.com,Partner
001000000000000521,QuantumNetworks Corp,Enterprise,High,Bronze,Logistics,LATAM,Active,2025-12-05,2026-12-05,1091588,Data Sync,2024-05-27,UK,15728,www.quantumnetworks.com,Inbound
001000000000000522,CascadeCloud Co,Enterprise,Medium,Silver,Manufacturing,NA-West,Active,2025-09-15,2026-09-15,667989,Edge Connect,2021-07-12,SG,18871,www.cascadecloud.com,Event
001000000000000523,CopperDigital LLC,Enterprise,High,Gold,Public Sector,LATAM,Expired,2025-06-03,2026-06-03,742775,Edge Connect,2025-02-07,BR,20567,www.copperdigital.com,Outbound
001000000000000524,IronWave Corp,SMB,High,Bronze,Media,NA-West,Active,2026-08-29,2027-08-29,36354,Analytics Suite,2021-07-14,UK,38276,www.ironwave.com,Partner
001000000000000525,TitanVision Co,Enterprise,High,Gold,Energy,APAC,Active,2026-01-16,2027-01-16,641746,Data Sync,2023-02-08,JP,21755,www.titanvision.com,Outbound
001000000000000526,GraniteNexus Technologies,Enterprise,High,Silver,Biotech,EMEA,Active,2026-07-06,2027-07-06,280296,Data Sync,2024-02-08,JP,17943,www.granitenexus.com,Outbound
001000000000000527,CobaltCore Systems,Enterprise,Medium,Silver,Media,NA-East,Active,2025-08-12,2026-08-12,523282,AI Studio,2022-07-01,JP,14118,www.cobaltcore.com,Inbound
001000000000000528,GraniteCloud Group,SMB,Medium,Silver,Technology,EMEA,Active,2025-08-01,2026-08-01,20236,Core Platform,2023-10-10,IN,51880,www.granitecloud.com,Event
001000000000000529,GraniteLoop Group,Enterprise,High,Silver,Public Sector,NA-East,Expired,2025-06-29,2026-06-29,597400,Core Platform,2020-03-10,IN,45439,www.graniteloop.com,Event
001000000000000530,Meridian Signal LLC,SMB,Low,Silver,Media,EMEA,Active,2026-07-20,2027-07-20,49966,AI Studio,2022-07-30,DE,38477,www.meridian.com,Event
001000000000000531,DeltaDigital Corp,SMB,High,Silver,Telecom,NA-East,Expired,2025-04-07,2026-04-07,68258,AI Studio,2021-04-28,IN,29765,www.deltadigital.com,Partner
001000000000000532,UnionCore Group,SMB,Low,Gold,Retail,LATAM,Active,2026-11-15,2027-11-15,65985,AI Studio,2024-07-13,FR,52518,www.unioncore.com,Event
001000000000000533,PacificCore Co,Enterprise,Medium,Platinum,Public Sector,NA-West,Active,2026-06-21,2027-06-21,862486,AI Studio,2023-11-18,US,26354,www.pacificcore.com,Inbound
001000000000000534,SummitGrid Industries,Enterprise,High,Bronze,Healthcare,LATAM,Active,2025-08-19,2026-08-19,548229,Analytics Suite,2021-07-22,FR,55742,www.summitgrid.com,Inbound
001000000000000535,SterlingData Technologies,SMB,Low,Silver,Biotech,LATAM,Active,2025-09-04,2026-09-04,34066,Edge Connect,2019-12-18,DE,6669,www.sterlingdata.com,Inbound
001000000000000536,QuantumCloud Co,Enterprise,Medium,Platinum,Financial Services,LATAM,Active,2025-08-02,2026-08-02,266931,Data Sync,2024-05-22,SG,44133,www.quantumcloud.com,Outbound
001000000000000537,PacificPulse Group,Enterprise,Medium,Gold,Public Sector,APAC,Active,2026-03-08,2027-03-08,731951,Analytics Suite,2022-02-10,JP,40976,www.pacificpulse.com,Inbound
001000000000000538,DeltaSphere Holdings,Enterprise,High,Gold,Education,NA-East,Active,2025-08-17,2026-08-17,651566,Data Sync,2020-11-18,AU,13075,www.deltasphere.com,Partner
001000000000000539,MapleSignal Corp,SMB,Low,Silver,Public Sector,EMEA,Active,2026-09-12,2027-09-12,51289,Core Platform,2024-10-10,DE,788,www.maplesignal.com,Event
001000000000000540,AuroraVector Group,SMB,High,Platinum,Energy,LATAM,Active,2026-12-17,2027-12-17,8855,Data Sync,2024-12-29,SG,53946,www.auroravector.com,Event
001000000000000541,Standard Data Corp,Enterprise,High,Gold,Technology,NA-West,Active,2026-03-02,2027-03-02,672387,Core Platform,2019-06-08,AU,15196,www.standard.com,Outbound
001000000000000542,PioneerNetworks LLC,SMB,High,Platinum,Healthcare,LATAM,Active,2026-01-04,2027-01-04,47492,Analytics Suite,2022-09-07,JP,54669,www.pioneernetworks.com,Partner
001000000000000543,OrchardCompute Holdings,SMB,High,Gold,Public Sector,EMEA,Active,2026-11-01,2027-11-01,28641,Core Platform,2024-04-30,UK,6681,www.orchardcompute.com,Outbound
001000000000000544,UnionData Partners,Enterprise,High,Silver,Financial Services,LATAM,Active,2025-08-28,2026-08-28,1039254,Analytics Suite,2025-04-20,BR,7638,www.uniondata.com,Outbound
001000000000000545,HarborTech Partners,Enterprise,Low,Silver,Logistics,NA-East,Active,2026-09-01,2027-09-01,455977,AI Studio,2025-01-07,JP,13143,www.harbortech.com,Inbound
001000000000000546,UnionCloud Industries,SMB,High,Silver,Public Sector,NA-West,Active,2025-12-04,2026-12-04,17072,Core Platform,2020-03-31,DE,18218,www.unioncloud.com,Inbound
001000000000000547,Consolidated Systems Corp,Enterprise,Medium,Bronze,Energy,LATAM,Active,2026-09-10,2027-09-10,555035,Analytics Suite,2020-04-26,US,44878,www.consolidated.com,Partner
001000000000000548,EmeraldLink Partners,Enterprise,Low,Platinum,Technology,APAC,Active,2026-10-13,2027-10-13,634704,Analytics Suite,2021-09-20,DE,40848,www.emeraldlink.com,Partner
001000000000000549,TitanData Group,SMB,Medium,Platinum,Telecom,NA-West,Expired,2025-02-27,2026-02-27,36980,Core Platform,2020-08-20,IN,19127,www.titandata.com,Partner
001000000000000550,SilverFabric Global,Enterprise,High,Bronze,Financial Services,NA-West,Active,2025-07-27,2026-07-27,1141350,AI Studio,2022-09-25,DE,52903,www.silverfabric.com,Partner
001000000000000551,LarkMicro Corp,SMB,High,Bronze,Retail,NA-West,Active,2025-09-07,2026-09-07,23023,AI Studio,2019-10-05,US,5659,www.larkmicro.com,Outbound
001000000000000552,OrchardSoft Partners,SMB,Low,Silver,Education,NA-West,Active,2026-06-27,2027-06-27,24426,Edge Connect,2024-09-15,IN,1764,www.orchardsoft.com,Event
001000000000000553,CrownVision Systems,SMB,Medium,Silver,Retail,LATAM,Active,2026-11-13,2027-11-13,50220,Analytics Suite,2020-08-05,BR,51573,www.crownvision.com,Outbound
001000000000000554,ApexSignal Group,Enterprise,Medium,Gold,Retail,NA-West,Active,2025-07-18,2026-07-18,1063813,Edge Connect,2024-08-04,AU,2927,www.apexsignal.com,Inbound
001000000000000555,Allied Wave Co,Enterprise,High,Silver,Biotech,EMEA,Active,2025-08-14,2026-08-14,1046515,AI Studio,2025-02-09,FR,57314,www.allied.com,Partner
001000000000000556,AtlasLink Partners,SMB,Low,Silver,Healthcare,NA-East,Expired,2025-05-04,2026-05-04,31759,Edge Connect,2024-08-25,FR,15042,www.atlaslink.com,Inbound
001000000000000557,IronWave Global,SMB,Low,Gold,Energy,APAC,Active,2026-01-02,2027-01-02,66041,Core Platform,2023-12-20,BR,46004,www.ironwave.com,Event
001000000000000558,ApexNexus Technologies,SMB,Medium,Silver,Healthcare,NA-East,Active,2026-01-20,2027-01-20,57062,Data Sync,2021-09-29,AU,12149,www.apexnexus.com,Inbound
001000000000000559,SilverLoop Technologies,Enterprise,Medium,Bronze,Retail,NA-West,Active,2025-08-05,2026-08-05,500037,Core Platform,2023-08-24,BR,22120,www.silverloop.com,Inbound
001000000000000560,Pan-Atlantic Systems Group,SMB,High,Silver,Media,EMEA,Active,2026-07-01,2027-07-01,61319,Data Sync,2024-09-11,BR,55008,www.pan-atlantic.com,Partner
001000000000000561,QuantumLink Inc,Enterprise,High,Silver,Logistics,NA-East,Active,2026-06-26,2027-06-26,409570,Core Platform,2020-03-05,IN,30937,www.quantumlink.com,Outbound
001000000000000562,Allied Forge Industries,Enterprise,Medium,Silver,Technology,EMEA,Active,2025-09-11,2026-09-11,192725,Core Platform,2019-06-04,JP,55596,www.allied.com,Event
001000000000000563,MapleFabric Inc,Enterprise,Medium,Platinum,Media,LATAM,Active,2025-08-24,2026-08-24,242591,Analytics Suite,2025-05-23,DE,54769,www.maplefabric.com,Outbound
001000000000000564,SterlingLabs Partners,Enterprise,Medium,Bronze,Education,EMEA,Expired,2024-12-16,2025-12-16,988884,Core Platform,2021-05-03,SG,28143,www.sterlinglabs.com,Partner
001000000000000565,QuantumMicro Holdings,SMB,Medium,Bronze,Manufacturing,EMEA,Active,2026-09-18,2027-09-18,25453,Data Sync,2022-01-18,FR,9272,www.quantummicro.com,Outbound
001000000000000566,VanguardStream Solutions,SMB,High,Platinum,Telecom,APAC,Expired,2024-11-18,2025-11-18,32111,Data Sync,2023-04-04,BR,52881,www.vanguardstream.com,Event
001000000000000567,KeystoneDynamics Holdings,Enterprise,High,Silver,Energy,NA-East,Active,2026-02-20,2027-02-20,846310,Edge Connect,2020-10-31,US,22558,www.keystonedynamics.com,Event
001000000000000568,SableLabs Group,SMB,Medium,Silver,Telecom,NA-East,Active,2026-07-12,2027-07-12,38291,Data Sync,2023-01-26,IN,1214,www.sablelabs.com,Event
001000000000000569,BrightLogic Corp,SMB,Medium,Gold,Media,NA-East,Active,2025-10-06,2026-10-06,61836,Core Platform,2019-12-25,FR,53437,www.brightlogic.com,Outbound
001000000000000570,PacificSphere Corp,SMB,Low,Bronze,Telecom,NA-East,Active,2025-09-19,2026-09-19,48738,Core Platform,2023-04-26,US,7237,www.pacificsphere.com,Partner
001000000000000571,BlueStream Partners,SMB,Low,Platinum,Telecom,NA-East,Active,2025-10-12,2026-10-12,38724,Edge Connect,2021-12-02,IN,3987,www.bluestream.com,Event
001000000000000572,IronMicro Partners,SMB,Low,Silver,Technology,APAC,Active,2026-02-26,2027-02-26,33581,Edge Connect,2022-02-27,IN,3034,www.ironmicro.com,Partner
001000000000000573,MapleAnalytics Inc,Enterprise,Medium,Silver,Retail,NA-West,Active,2026-03-06,2027-03-06,747825,AI Studio,2020-10-20,UK,3771,www.mapleanalytics.com,Event
001000000000000574,DeltaNetworks LLC,SMB,Medium,Silver,Telecom,LATAM,Active,2025-10-05,2026-10-05,48576,AI Studio,2020-01-29,JP,29271,www.deltanetworks.com,Outbound
001000000000000575,CobaltNetworks LLC,Enterprise,Medium,Silver,Healthcare,NA-West,Active,2026-12-01,2027-12-01,643302,Core Platform,2022-10-02,SG,21047,www.cobaltnetworks.com,Outbound
001000000000000576,NovaCloud Global,Enterprise,Low,Gold,Logistics,NA-East,Expired,2024-10-19,2025-10-19,794540,Analytics Suite,2020-06-13,UK,24731,www.novacloud.com,Partner
001000000000000577,CascadeDigital Solutions,Enterprise,High,Gold,Logistics,LATAM,Active,2026-07-12,2027-07-12,189220,Edge Connect,2024-10-14,FR,21325,www.cascadedigital.com,Inbound
001000000000000578,SummitFabric Holdings,SMB,Medium,Silver,Media,EMEA,Active,2025-09-09,2026-09-09,30314,Core Platform,2023-02-19,IN,21450,www.summitfabric.com,Partner
001000000000000579,BrightWave Global,SMB,Medium,Gold,Telecom,APAC,Active,2026-09-08,2027-09-08,48394,Edge Connect,2020-07-26,FR,36328,www.brightwave.com,Outbound
001000000000000580,SummitLink Corp,Enterprise,Low,Bronze,Logistics,NA-West,Active,2025-08-31,2026-08-31,105719,Analytics Suite,2019-12-07,DE,1073,www.summitlink.com,Outbound
001000000000000581,AuroraVision Co,SMB,Medium,Silver,Retail,APAC,Active,2026-07-20,2027-07-20,12087,Core Platform,2025-06-08,SG,41395,www.auroravision.com,Outbound
001000000000000582,EmeraldSoft Global,Enterprise,High,Bronze,Biotech,NA-East,Expired,2024-12-12,2025-12-12,810197,Edge Connect,2022-02-07,AU,582,www.emeraldsoft.com,Event
001000000000000583,CascadeSoft LLC,Enterprise,High,Silver,Technology,EMEA,Active,2025-07-20,2026-07-20,875599,Data Sync,2023-11-27,SG,7411,www.cascadesoft.com,Partner
001000000000000584,SableStream LLC,Enterprise,High,Platinum,Energy,APAC,Active,2026-05-01,2027-05-01,1112293,Edge Connect,2022-01-21,SG,17362,www.sablestream.com,Inbound
001000000000000585,Standard Digital Group,SMB,Low,Silver,Education,EMEA,Active,2025-08-08,2026-08-08,19961,AI Studio,2022-09-04,UK,30585,www.standard.com,Inbound
001000000000000586,AtlasAnalytics Industries,Enterprise,Medium,Silver,Manufacturing,LATAM,Active,2025-08-20,2026-08-20,353647,Edge Connect,2019-12-09,US,16771,www.atlasanalytics.com,Inbound
001000000000000587,MeridianDynamics LLC,Enterprise,Low,Bronze,Media,APAC,Active,2026-01-26,2027-01-26,335804,Edge Connect,2022-07-12,FR,52164,www.meridiandynamics.com,Outbound
001000000000000588,GraniteGrid Partners,Enterprise,Medium,Silver,Biotech,EMEA,Active,2026-06-19,2027-06-19,370390,Core Platform,2020-07-24,DE,9487,www.granitegrid.com,Event
001000000000000589,NovaSphere Co,SMB,High,Gold,Media,NA-West,Active,2025-10-11,2026-10-11,36728,Data Sync,2019-12-29,DE,9966,www.novasphere.com,Outbound
001000000000000590,VertexSignal Solutions,Enterprise,Low,Gold,Media,APAC,Active,2025-07-19,2026-07-19,445163,Data Sync,2022-07-09,IN,39461,www.vertexsignal.com,Inbound
001000000000000591,CedarWave Partners,Enterprise,High,Gold,Healthcare,NA-West,Active,2026-06-21,2027-06-21,548755,Core Platform,2020-07-12,JP,3651,www.cedarwave.com,Inbound
001000000000000592,HarborSphere Global,Enterprise,High,Platinum,Public Sector,LATAM,Active,2025-07-20,2026-07-20,1111421,Analytics Suite,2022-06-24,US,30072,www.harborsphere.com,Event
001000000000000593,OrchardVector Global,Enterprise,Low,Silver,Logistics,NA-West,Active,2025-07-20,2026-07-20,361812,Analytics Suite,2019-07-11,DE,18361,www.orchardvector.com,Outbound
001000000000000594,SilverSystems Inc,Enterprise,High,Silver,Financial Services,NA-East,Active,2026-04-29,2027-04-29,419763,Core Platform,2025-06-10,SG,28650,www.silversystems.com,Outbound
001000000000000595,SableStream Co,SMB,Medium,Silver,Manufacturing,APAC,Active,2025-10-02,2026-10-02,36752,Data Sync,2023-08-28,IN,21992,www.sablestream.com,Inbound
001000000000000596,SummitWave Inc,Enterprise,High,Gold,Retail,NA-East,Active,2026-06-27,2027-06-27,860599,Analytics Suite,2023-01-01,FR,4200,www.summitwave.com,Outbound
001000000000000597,CopperStream Co,SMB,Low,Platinum,Financial Services,APAC,Active,2025-09-22,2026-09-22,33720,Analytics Suite,2025-03-21,DE,54462,www.copperstream.com,Inbound
001000000000000598,DeltaSystems Global,SMB,High,Gold,Retail,LATAM,Expired,2025-07-04,2026-07-04,60474,Analytics Suite,2019-10-30,US,6499,www.deltasystems.com,Event
001000000000000599,BeaconFabric Technologies,Enterprise,Medium,Bronze,Energy,NA-West,Active,2025-11-29,2026-11-29,670862,Data Sync,2021-05-24,BR,823,www.beaconfabric.com,Inbound
001000000000000600,EmeraldNetworks Inc,Enterprise,High,Silver,Financial Services,EMEA,Active,2026-08-02,2027-08-02,556276,Data Sync,2025-05-24,UK,10827,www.emeraldnetworks.com,Event
001000000000000601,BrightPulse Inc,Enterprise,High,Platinum,Technology,NA-West,Expired,2024-10-29,2025-10-29,988146,Analytics Suite,2019-10-28,JP,26452,www.brightpulse.com,Event
001000000000000602,VertexLogic Global,Enterprise,High,Gold,Logistics,NA-West,Expired,2025-05-10,2026-05-10,396953,AI Studio,2023-10-22,DE,41741,www.vertexlogic.com,Partner
001000000000000603,SummitSignal Systems,Enterprise,High,Platinum,Public Sector,NA-East,Active,2025-10-18,2026-10-18,827639,AI Studio,2020-05-10,BR,21613,www.summitsignal.com,Event
001000000000000604,BrightNexus Holdings,Enterprise,Low,Platinum,Telecom,NA-East,Active,2026-01-03,2027-01-03,823362,Edge Connect,2020-05-09,BR,6763,www.brightnexus.com,Inbound
001000000000000605,EmeraldSoft Inc,Enterprise,High,Platinum,Manufacturing,NA-West,Active,2025-08-30,2026-08-30,688660,AI Studio,2019-09-13,US,34756,www.emeraldsoft.com,Event
001000000000000606,SableMicro Corp,Enterprise,High,Gold,Media,NA-West,Active,2026-11-08,2027-11-08,326000,Analytics Suite,2021-09-26,UK,16193,www.sablemicro.com,Partner
001000000000000607,CedarCore Partners,Enterprise,High,Platinum,Manufacturing,APAC,Expired,2024-12-06,2025-12-06,715345,Edge Connect,2020-08-08,UK,27353,www.cedarcore.com,Outbound
001000000000000608,PioneerMicro Co,Enterprise,Medium,Gold,Media,LATAM,Active,2025-09-11,2026-09-11,80619,Data Sync,2021-03-11,IN,5983,www.pioneermicro.com,Event
001000000000000609,KeystoneNexus Solutions,Enterprise,High,Platinum,Financial Services,NA-East,Active,2026-02-17,2027-02-17,1067707,AI Studio,2023-11-22,UK,44093,www.keystonenexus.com,Event
001000000000000610,SterlingSystems Group,SMB,High,Gold,Financial Services,EMEA,Active,2026-11-28,2027-11-28,19498,Analytics Suite,2019-06-27,SG,58034,www.sterlingsystems.com,Outbound
001000000000000611,EmeraldVector Industries,SMB,High,Bronze,Education,APAC,Active,2026-10-06,2027-10-06,20232,AI Studio,2019-10-10,UK,18048,www.emeraldvector.com,Event
001000000000000612,NovaByte Technologies,Enterprise,High,Gold,Education,NA-East,Active,2026-11-08,2027-11-08,191967,Data Sync,2022-05-29,JP,35280,www.novabyte.com,Inbound
001000000000000613,CedarWave Industries,SMB,Medium,Silver,Education,APAC,Active,2026-01-31,2027-01-31,38023,Edge Connect,2023-10-17,US,11354,www.cedarwave.com,Event
001000000000000614,UnionByte Partners,Enterprise,Low,Platinum,Logistics,APAC,Active,2025-07-16,2026-07-16,533200,Core Platform,2023-01-05,DE,478,www.unionbyte.com,Event
001000000000000615,BeaconLoop Group,SMB,High,Silver,Technology,NA-East,Active,2025-09-13,2026-09-13,39432,AI Studio,2019-08-12,DE,19733,www.beaconloop.com,Inbound
001000000000000616,OrchardStream Systems,Enterprise,High,Gold,Education,EMEA,Active,2025-11-17,2026-11-17,1081389,Core Platform,2020-02-16,JP,37869,www.orchardstream.com,Partner
001000000000000617,QuantumAnalytics Inc,Enterprise,High,Silver,Technology,NA-West,Active,2026-09-30,2027-09-30,291943,Core Platform,2024-12-23,DE,27245,www.quantumanalytics.com,Partner
001000000000000618,CrownSystems Inc,Enterprise,High,Platinum,Telecom,APAC,Active,2025-07-31,2026-07-31,479341,Data Sync,2023-02-03,IN,52668,www.crownsystems.com,Inbound
001000000000000619,GraniteSystems Industries,Enterprise,Low,Silver,Biotech,LATAM,Expired,2025-01-06,2026-01-06,142932,Data Sync,2022-07-10,AU,26281,www.granitesystems.com,Partner
001000000000000620,BrightForge Partners,Enterprise,Medium,Bronze,Manufacturing,APAC,Active,2025-12-13,2026-12-13,529875,Edge Connect,2020-06-19,AU,30334,www.brightforge.com,Inbound
001000000000000621,SummitSoft Technologies,SMB,High,Silver,Retail,NA-East,Expired,2025-01-07,2026-01-07,45460,Core Platform,2021-05-08,SG,3015,www.summitsoft.com,Outbound
001000000000000622,OrchardVision Group,SMB,Low,Silver,Manufacturing,LATAM,Active,2026-11-11,2027-11-11,44013,Data Sync,2024-03-08,BR,19394,www.orchardvision.com,Inbound
001000000000000623,EmeraldByte LLC,Enterprise,High,Platinum,Healthcare,LATAM,Active,2026-10-12,2027-10-12,729501,Analytics Suite,2020-05-01,JP,36123,www.emeraldbyte.com,Event
001000000000000624,MeridianDynamics Group,SMB,Medium,Bronze,Healthcare,LATAM,Active,2026-11-12,2027-11-12,35942,Edge Connect,2023-05-11,FR,54320,www.meridiandynamics.com,Event
001000000000000625,PacificDynamics Inc,SMB,Low,Silver,Energy,EMEA,Active,2025-11-15,2026-11-15,46079,Analytics Suite,2019-10-30,FR,44443,www.pacificdynamics.com,Partner
001000000000000626,RidgeWorks Solutions,Enterprise,High,Gold,Media,EMEA,Active,2026-07-26,2027-07-26,874720,Edge Connect,2024-08-09,BR,56045,www.ridgeworks.com,Inbound
001000000000000627,BrightTech Holdings,Enterprise,Medium,Gold,Healthcare,NA-West,Active,2025-08-17,2026-08-17,1018876,AI Studio,2023-11-14,DE,26583,www.brighttech.com,Partner
001000000000000628,ApexMetric Corp,SMB,High,Silver,Logistics,EMEA,Active,2025-07-19,2026-07-19,50251,Edge Connect,2021-10-11,UK,15564,www.apexmetric.com,Inbound
001000000000000629,NorthStream Industries,SMB,High,Bronze,Education,NA-West,Active,2025-07-25,2026-07-25,30728,Data Sync,2021-04-06,AU,52390,www.northstream.com,Event
001000000000000630,VanguardNetworks Industries,Enterprise,Low,Bronze,Public Sector,EMEA,Active,2026-01-22,2027-01-22,508760,Data Sync,2021-05-15,US,17680,www.vanguardnetworks.com,Partner
001000000000000631,NorthLoop Co,SMB,Medium,Platinum,Financial Services,NA-East,Expired,2025-02-14,2026-02-14,6879,Data Sync,2019-06-22,BR,15374,www.northloop.com,Partner
001000000000000632,SableLink Co,SMB,High,Gold,Biotech,NA-East,Active,2026-06-03,2027-06-03,19282,Analytics Suite,2023-08-03,AU,12748,www.sablelink.com,Event
001000000000000633,DeltaDigital Technologies,Enterprise,Medium,Platinum,Logistics,LATAM,Expired,2024-09-27,2025-09-27,901960,Analytics Suite,2024-03-17,FR,31361,www.deltadigital.com,Outbound
001000000000000634,Meridian Stream Holdings,SMB,High,Platinum,Retail,EMEA,Expired,2025-05-01,2026-05-01,15117,Core Platform,2019-07-15,FR,34513,www.meridian.com,Outbound
001000000000000635,MeridianStream Co,SMB,Medium,Silver,Healthcare,NA-East,Active,2025-08-12,2026-08-12,42270,Core Platform,2022-01-20,FR,42804,www.meridianstream.com,Event
001000000000000636,CedarWave Corp,Enterprise,Medium,Gold,Healthcare,LATAM,Active,2025-07-19,2026-07-19,198383,Analytics Suite,2019-10-25,SG,20577,www.cedarwave.com,Inbound
001000000000000637,Consolidated Dynamics Systems,Enterprise,High,Platinum,Logistics,NA-East,Active,2026-11-23,2027-11-23,757230,AI Studio,2021-09-06,BR,26412,www.consolidated.com,Inbound
001000000000000638,BrightLink Technologies,Enterprise,Medium,Platinum,Manufacturing,LATAM,Active,2026-05-06,2027-05-06,277107,Edge Connect,2025-04-28,US,5096,www.brightlink.com,Inbound
001000000000000639,KeystoneWave Industries,Enterprise,High,Bronze,Education,LATAM,Active,2025-08-31,2026-08-31,122889,Analytics Suite,2023-09-16,IN,17026,www.keystonewave.com,Outbound
001000000000000640,SilverAnalytics Systems,Enterprise,High,Gold,Public Sector,APAC,Active,2025-09-25,2026-09-25,306243,AI Studio,2023-04-22,DE,20643,www.silveranalytics.com,Inbound
001000000000000641,AtlasCore Partners,Enterprise,Low,Bronze,Media,LATAM,Active,2026-02-15,2027-02-15,566790,Edge Connect,2020-02-05,JP,33608,www.atlascore.com,Event
001000000000000642,TitanByte Group,SMB,High,Bronze,Logistics,LATAM,Active,2025-07-28,2026-07-28,25331,Data Sync,2021-03-20,US,53276,www.titanbyte.com,Outbound
001000000000000643,AtlasFabric Systems,Enterprise,High,Gold,Public Sector,NA-East,Expired,2024-10-29,2025-10-29,823042,Data Sync,2020-11-25,IN,19245,www.atlasfabric.com,Partner
001000000000000644,ApexWave LLC,SMB,Low,Silver,Telecom,NA-West,Active,2025-08-19,2026-08-19,6792,Data Sync,2023-04-03,DE,13767,www.apexwave.com,Inbound
001000000000000645,VanguardCompute Group,Enterprise,Medium,Gold,Public Sector,LATAM,Active,2026-05-20,2027-05-20,1034685,Edge Connect,2019-11-27,DE,33530,www.vanguardcompute.com,Outbound
001000000000000646,VertexLoop Solutions,Enterprise,Medium,Bronze,Financial Services,LATAM,Active,2025-07-20,2026-07-20,1060583,Core Platform,2023-04-12,DE,35811,www.vertexloop.com,Partner
001000000000000647,AtlasLoop Systems,Enterprise,High,Silver,Telecom,EMEA,Expired,2024-11-22,2025-11-22,730157,Data Sync,2021-05-19,FR,30043,www.atlasloop.com,Partner
001000000000000648,QuantumSoft Partners,Enterprise,Low,Gold,Telecom,EMEA,Active,2025-07-17,2026-07-17,740224,AI Studio,2021-11-14,JP,20108,www.quantumsoft.com,Inbound
001000000000000649,AuroraSignal Systems,SMB,Medium,Gold,Education,APAC,Active,2025-07-16,2026-07-16,54561,Core Platform,2019-06-07,IN,50250,www.aurorasignal.com,Outbound
001000000000000650,Allied Forge LLC,SMB,Low,Gold,Logistics,APAC,Active,2026-10-18,2027-10-18,11055,AI Studio,2024-06-22,JP,1080,www.allied.com,Event
001000000000000651,OnyxTech Co,Enterprise,Low,Platinum,Technology,NA-East,Active,2025-10-20,2026-10-20,577659,Edge Connect,2022-01-31,UK,42305,www.onyxtech.com,Event
001000000000000652,CopperSphere Systems,SMB,Low,Silver,Telecom,NA-East,Active,2026-08-22,2027-08-22,47011,Core Platform,2020-02-05,SG,2488,www.coppersphere.com,Outbound
001000000000000653,Consolidated Grid Co,Enterprise,Low,Gold,Telecom,APAC,Active,2025-09-21,2026-09-21,122433,Data Sync,2023-03-11,BR,43770,www.consolidated.com,Event
001000000000000654,CopperNexus Inc,Enterprise,High,Silver,Manufacturing,NA-West,Expired,2025-06-27,2026-06-27,1040021,Data Sync,2023-09-15,UK,18286,www.coppernexus.com,Partner
001000000000000655,MeridianForge Industries,Enterprise,Medium,Bronze,Biotech,LATAM,Expired,2024-12-11,2025-12-11,178726,Edge Connect,2024-11-06,IN,40489,www.meridianforge.com,Outbound
001000000000000656,OnyxLoop Technologies,SMB,High,Platinum,Education,LATAM,Active,2026-08-09,2027-08-09,14780,Edge Connect,2022-11-29,FR,29837,www.onyxloop.com,Partner
001000000000000657,BrightSoft Inc,SMB,High,Platinum,Retail,EMEA,Active,2025-10-01,2026-10-01,22669,Edge Connect,2022-10-19,FR,14121,www.brightsoft.com,Outbound
001000000000000658,AtlasSystems Inc,SMB,High,Bronze,Biotech,NA-East,Expired,2025-02-26,2026-02-26,5278,Core Platform,2022-10-16,DE,56687,www.atlassystems.com,Inbound
001000000000000659,BlueVector Global,SMB,Medium,Silver,Manufacturing,NA-West,Active,2026-10-07,2027-10-07,65952,Edge Connect,2023-04-01,AU,18441,www.bluevector.com,Outbound
001000000000000660,SterlingSignal Co,SMB,Medium,Silver,Media,NA-West,Active,2026-05-10,2027-05-10,28137,Data Sync,2021-12-22,FR,30489,www.sterlingsignal.com,Event
001000000000000661,PacificSignal Technologies,Enterprise,High,Silver,Energy,EMEA,Active,2025-10-03,2026-10-03,494365,Core Platform,2022-05-09,FR,32290,www.pacificsignal.com,Inbound
001000000000000662,MapleSoft LLC,Enterprise,Low,Gold,Media,NA-East,Active,2026-03-19,2027-03-19,657797,AI Studio,2023-04-14,IN,3952,www.maplesoft.com,Inbound
001000000000000663,SterlingSphere Corp,SMB,Medium,Silver,Retail,NA-East,Active,2025-08-26,2026-08-26,21185,Core Platform,2023-12-20,BR,49228,www.sterlingsphere.com,Inbound
001000000000000664,QuantumNetworks Solutions,Enterprise,Low,Bronze,Education,LATAM,Active,2025-09-26,2026-09-26,525088,Data Sync,2024-01-18,BR,8917,www.quantumnetworks.com,Outbound
001000000000000665,SilverVision Industries,Enterprise,High,Bronze,Biotech,APAC,Active,2025-10-08,2026-10-08,914364,Core Platform,2022-07-11,FR,436,www.silvervision.com,Partner
001000000000000666,IronNexus Corp,SMB,Low,Gold,Media,NA-East,Active,2025-08-15,2026-08-15,15774,Edge Connect,2021-06-20,UK,32733,www.ironnexus.com,Partner
001000000000000667,SableCompute Inc,Enterprise,High,Silver,Public Sector,APAC,Active,2026-03-01,2027-03-01,352642,Edge Connect,2023-12-11,SG,37701,www.sablecompute.com,Inbound
001000000000000668,RidgeLabs Industries,SMB,Medium,Silver,Technology,NA-West,Active,2026-06-29,2027-06-29,13729,Analytics Suite,2023-11-18,BR,43141,www.ridgelabs.com,Event
001000000000000669,MapleLabs Industries,Enterprise,Medium,Gold,Manufacturing,APAC,Active,2026-11-17,2027-11-17,821487,Analytics Suite,2020-07-16,JP,27841,www.maplelabs.com,Outbound
001000000000000670,DeltaNexus LLC,SMB,Medium,Platinum,Biotech,NA-West,Expired,2025-01-12,2026-01-12,26115,Data Sync,2021-06-01,DE,47579,www.deltanexus.com,Event
001000000000000671,DeltaCloud Group,Enterprise,High,Gold,Public Sector,NA-East,Expired,2025-07-03,2026-07-03,286895,Core Platform,2020-09-12,UK,42136,www.deltacloud.com,Event
001000000000000672,AuroraTech Co,SMB,Medium,Gold,Public Sector,NA-East,Active,2025-08-02,2026-08-02,69390,Core Platform,2025-04-27,UK,30425,www.auroratech.com,Partner
001000000000000673,GraniteDynamics Technologies,Enterprise,Medium,Bronze,Logistics,APAC,Active,2025-11-21,2026-11-21,603402,Analytics Suite,2022-04-18,US,59574,www.granitedynamics.com,Outbound
001000000000000674,LarkWorks Technologies,SMB,Medium,Bronze,Manufacturing,NA-East,Active,2026-05-03,2027-05-03,59664,AI Studio,2021-05-08,US,17625,www.larkworks.com,Outbound
001000000000000675,RidgeWave Systems,Enterprise,Medium,Gold,Healthcare,NA-West,Active,2025-09-18,2026-09-18,671748,Analytics Suite,2024-03-05,JP,47321,www.ridgewave.com,Partner
001000000000000676,CascadeCloud Group,Enterprise,Low,Bronze,Retail,NA-West,Active,2026-10-20,2027-10-20,839292,Analytics Suite,2020-07-09,FR,15248,www.cascadecloud.com,Partner
001000000000000677,VanguardTech Holdings,SMB,High,Bronze,Retail,NA-West,Expired,2025-03-01,2026-03-01,15039,Core Platform,2020-04-12,FR,6643,www.vanguardtech.com,Inbound
001000000000000678,Standard Byte Partners,SMB,High,Gold,Manufacturing,LATAM,Active,2026-07-03,2027-07-03,22972,Analytics Suite,2022-04-05,SG,31371,www.standard.com,Outbound
001000000000000679,PacificDynamics Holdings,Enterprise,High,Silver,Manufacturing,EMEA,Active,2025-10-29,2026-10-29,540487,AI Studio,2022-05-17,AU,15674,www.pacificdynamics.com,Event
001000000000000680,HarborWave Global,SMB,High,Gold,Telecom,APAC,Expired,2025-06-23,2026-06-23,67799,Data Sync,2019-09-29,BR,3857,www.harborwave.com,Outbound
001000000000000681,UnionForge Co,SMB,Low,Platinum,Financial Services,EMEA,Active,2025-08-22,2026-08-22,18510,Data Sync,2024-02-16,IN,45391,www.unionforge.com,Event
001000000000000682,NorthLabs Systems,Enterprise,Medium,Bronze,Media,NA-West,Active,2025-08-24,2026-08-24,313472,AI Studio,2019-10-28,BR,21571,www.northlabs.com,Inbound
001000000000000683,KeystoneGrid Inc,Enterprise,High,Platinum,Financial Services,LATAM,Active,2026-09-19,2027-09-19,1060214,AI Studio,2021-11-23,SG,43030,www.keystonegrid.com,Inbound
001000000000000684,ApexAnalytics Technologies,SMB,Low,Gold,Biotech,APAC,Active,2026-08-08,2027-08-08,41291,Analytics Suite,2023-02-05,DE,58592,www.apexanalytics.com,Inbound
001000000000000685,GraniteLogic Inc,Enterprise,High,Silver,Logistics,EMEA,Expired,2025-03-06,2026-03-06,1079394,Analytics Suite,2024-07-31,BR,28245,www.granitelogic.com,Event
001000000000000686,ApexSphere Technologies,Enterprise,High,Gold,Financial Services,APAC,Active,2026-09-10,2027-09-10,211930,Data Sync,2020-11-16,BR,52942,www.apexsphere.com,Partner
001000000000000687,MapleData Co,Enterprise,Low,Platinum,Healthcare,APAC,Active,2025-07-30,2026-07-30,409211,Analytics Suite,2022-02-11,SG,2701,www.mapledata.com,Event
001000000000000688,Consolidated Systems Global,SMB,Low,Bronze,Logistics,LATAM,Active,2026-01-26,2027-01-26,40887,Data Sync,2020-04-01,UK,30651,www.consolidated.com,Partner
001000000000000689,Helios Byte Co,Enterprise,Medium,Silver,Logistics,EMEA,Active,2025-08-01,2026-08-01,119167,Data Sync,2021-03-16,FR,19574,www.helios.com,Event
001000000000000690,IronVector Holdings,SMB,Low,Silver,Retail,APAC,Active,2025-09-24,2026-09-24,42918,Analytics Suite,2020-06-04,AU,50214,www.ironvector.com,Inbound
001000000000000691,CobaltWorks Partners,Enterprise,High,Platinum,Logistics,APAC,Active,2026-07-04,2027-07-04,1134763,Edge Connect,2024-09-10,FR,45806,www.cobaltworks.com,Event
001000000000000692,OrchardMetric LLC,Enterprise,Medium,Silver,Retail,APAC,Active,2026-11-09,2027-11-09,896194,Data Sync,2023-08-25,FR,34396,www.orchardmetric.com,Outbound
001000000000000693,AuroraLabs Systems,Enterprise,Medium,Gold,Biotech,NA-East,Active,2025-11-23,2026-11-23,1023108,Data Sync,2019-09-12,AU,21227,www.auroralabs.com,Partner
001000000000000694,PioneerGrid LLC,SMB,Low,Silver,Energy,NA-West,Active,2025-07-26,2026-07-26,25148,Data Sync,2019-09-15,US,52320,www.pioneergrid.com,Outbound
001000000000000695,HarborMetric Inc,Enterprise,Medium,Platinum,Telecom,APAC,Active,2025-09-27,2026-09-27,989907,Core Platform,2022-07-09,US,53692,www.harbormetric.com,Partner
001000000000000696,HarborLabs Holdings,Enterprise,Medium,Silver,Technology,LATAM,Active,2025-11-20,2026-11-20,791209,Edge Connect,2023-12-02,IN,19638,www.harborlabs.com,Partner
001000000000000697,IronDigital Group,Enterprise,Medium,Gold,Biotech,LATAM,Active,2025-07-19,2026-07-19,980395,Analytics Suite,2022-07-02,AU,58302,www.irondigital.com,Outbound
001000000000000698,EmeraldDigital Partners,SMB,Low,Bronze,Logistics,LATAM,Active,2025-07-21,2026-07-21,32693,Core Platform,2022-10-10,DE,59799,www.emeralddigital.com,Event
001000000000000699,UnionMicro Co,Enterprise,High,Platinum,Retail,NA-West,Active,2026-08-30,2027-08-30,828530,Edge Connect,2023-11-30,FR,14884,www.unionmicro.com,Partner
001000000000000700,SableByte Inc,SMB,Low,Bronze,Manufacturing,EMEA,Expired,2025-01-02,2026-01-02,9490,AI Studio,2022-10-06,US,24890,www.sablebyte.com,Inbound
001000000000000701,SableLogic Group,SMB,High,Platinum,Technology,EMEA,Active,2026-04-30,2027-04-30,56342,Analytics Suite,2019-10-12,AU,51170,www.sablelogic.com,Event
001000000000000702,PioneerForge Holdings,SMB,High,Silver,Public Sector,APAC,Active,2026-09-16,2027-09-16,39073,Edge Connect,2019-12-19,BR,40286,www.pioneerforge.com,Outbound
001000000000000703,KeystoneStream Technologies,SMB,Low,Bronze,Healthcare,NA-East,Active,2025-09-08,2026-09-08,44539,Edge Connect,2024-09-25,IN,58049,www.keystonestream.com,Inbound
001000000000000704,IronAnalytics Systems,Enterprise,Medium,Platinum,Telecom,EMEA,Active,2025-10-15,2026-10-15,958313,Core Platform,2022-11-04,UK,30682,www.ironanalytics.com,Outbound
001000000000000705,SummitLoop Co,SMB,Medium,Silver,Public Sector,NA-West,Active,2026-10-21,2027-10-21,56334,Edge Connect,2021-12-11,JP,40201,www.summitloop.com,Partner
001000000000000706,CopperMetric Corp,SMB,Low,Bronze,Telecom,NA-East,Active,2026-08-02,2027-08-02,12291,Data Sync,2019-07-27,AU,54317,www.coppermetric.com,Outbound
001000000000000707,OrchardMicro Technologies,SMB,High,Silver,Manufacturing,LATAM,Active,2025-08-15,2026-08-15,8737,Edge Connect,2024-07-03,UK,33036,www.orchardmicro.com,Partner
001000000000000708,LarkPulse Co,Enterprise,Low,Silver,Public Sector,NA-East,Expired,2025-06-02,2026-06-02,1025610,Data Sync,2024-11-28,DE,50016,www.larkpulse.com,Event
001000000000000709,UnionLogic Systems,SMB,Low,Bronze,Public Sector,EMEA,Active,2026-11-03,2027-11-03,30330,Analytics Suite,2022-03-20,JP,27589,www.unionlogic.com,Inbound
001000000000000710,BlueNexus Partners,SMB,High,Silver,Energy,NA-West,Active,2026-10-18,2027-10-18,56363,Data Sync,2019-10-23,US,41689,www.bluenexus.com,Outbound
001000000000000711,ApexTech Solutions,Enterprise,Medium,Gold,Education,EMEA,Active,2026-11-14,2027-11-14,1038077,Core Platform,2022-10-21,SG,23138,www.apextech.com,Partner
001000000000000712,AuroraCore Group,Enterprise,High,Gold,Public Sector,APAC,Active,2026-08-23,2027-08-23,624992,Analytics Suite,2023-09-20,JP,38596,www.auroracore.com,Event
001000000000000713,ApexDynamics Holdings,Enterprise,Low,Silver,Retail,NA-West,Active,2025-08-06,2026-08-06,1025529,Analytics Suite,2022-02-07,FR,2747,www.apexdynamics.com,Inbound
001000000000000714,CrownMicro LLC,Enterprise,Medium,Silver,Telecom,LATAM,Active,2026-06-30,2027-06-30,672001,Analytics Suite,2019-11-19,SG,53792,www.crownmicro.com,Outbound
001000000000000715,HarborStream Group,SMB,High,Silver,Public Sector,NA-West,Active,2026-06-03,2027-06-03,31217,Analytics Suite,2022-05-15,BR,8182,www.harborstream.com,Event
001000000000000716,BlueWorks Partners,SMB,High,Silver,Financial Services,EMEA,Active,2026-07-20,2027-07-20,5665,AI Studio,2022-11-14,SG,29431,www.blueworks.com,Event
001000000000000717,QuantumCompute Solutions,Enterprise,High,Gold,Healthcare,EMEA,Active,2026-10-06,2027-10-06,403962,Data Sync,2022-04-09,JP,13016,www.quantumcompute.com,Outbound
001000000000000718,Helios Pulse Corp,SMB,Low,Platinum,Manufacturing,NA-East,Active,2026-10-03,2027-10-03,65717,Data Sync,2024-12-21,SG,3390,www.helios.com,Inbound
001000000000000719,SableCore Partners,SMB,High,Bronze,Telecom,NA-West,Active,2025-10-08,2026-10-08,45007,Data Sync,2022-01-04,AU,15788,www.sablecore.com,Event
001000000000000720,EmeraldLoop Solutions,Enterprise,Low,Silver,Telecom,NA-West,Active,2025-07-19,2026-07-19,427760,AI Studio,2019-07-10,AU,11202,www.emeraldloop.com,Event
001000000000000721,HarborCore Technologies,SMB,Medium,Bronze,Technology,APAC,Active,2026-01-19,2027-01-19,38935,Analytics Suite,2024-05-14,IN,5442,www.harborcore.com,Inbound
001000000000000722,BrightByte Global,Enterprise,Low,Silver,Technology,APAC,Active,2025-10-15,2026-10-15,560269,Edge Connect,2020-07-19,BR,15912,www.brightbyte.com,Outbound
001000000000000723,SilverDigital Industries,SMB,High,Gold,Education,NA-West,Active,2025-12-22,2026-12-22,36427,Analytics Suite,2021-07-21,SG,40708,www.silverdigital.com,Partner
001000000000000724,BlueGrid Inc,Enterprise,Low,Silver,Media,APAC,Active,2025-09-25,2026-09-25,373225,Core Platform,2021-02-23,SG,29611,www.bluegrid.com,Outbound
001000000000000725,HarborVision Co,SMB,Medium,Bronze,Technology,NA-West,Active,2025-08-01,2026-08-01,50440,Core Platform,2022-06-01,AU,37919,www.harborvision.com,Partner
001000000000000726,HarborVision Group,SMB,High,Silver,Healthcare,LATAM,Active,2025-11-21,2026-11-21,17203,Core Platform,2025-05-30,UK,20871,www.harborvision.com,Partner
001000000000000727,SableSystems Solutions,Enterprise,High,Platinum,Healthcare,NA-East,Active,2025-09-18,2026-09-18,125732,Edge Connect,2020-12-14,UK,45254,www.sablesystems.com,Partner
001000000000000728,PioneerWorks Global,SMB,Medium,Gold,Media,APAC,Active,2025-08-03,2026-08-03,12226,Analytics Suite,2020-08-21,AU,43691,www.pioneerworks.com,Outbound
001000000000000729,DeltaCore Global,SMB,Low,Bronze,Technology,NA-East,Active,2026-11-28,2027-11-28,18414,AI Studio,2022-05-15,DE,47976,www.deltacore.com,Inbound
001000000000000730,CrownStream Global,Enterprise,High,Platinum,Education,NA-West,Active,2025-10-02,2026-10-02,743405,Data Sync,2023-01-17,AU,58744,www.crownstream.com,Partner
001000000000000731,IronMicro LLC,Enterprise,Medium,Bronze,Energy,EMEA,Active,2026-01-26,2027-01-26,563856,Data Sync,2021-09-13,SG,51866,www.ironmicro.com,Inbound
001000000000000732,CrownSoft Industries,SMB,Medium,Gold,Education,LATAM,Active,2026-09-07,2027-09-07,64322,Core Platform,2025-04-15,SG,43507,www.crownsoft.com,Partner
001000000000000733,CrownData Corp,SMB,High,Gold,Logistics,EMEA,Expired,2024-10-04,2025-10-04,50772,AI Studio,2021-09-02,DE,25847,www.crowndata.com,Inbound
001000000000000734,MapleByte Group,SMB,Low,Silver,Telecom,LATAM,Active,2025-08-08,2026-08-08,68995,Data Sync,2021-08-31,US,32007,www.maplebyte.com,Partner
001000000000000735,CrownWorks Group,Enterprise,Low,Bronze,Manufacturing,APAC,Active,2025-07-21,2026-07-21,486722,Analytics Suite,2020-03-06,FR,47109,www.crownworks.com,Partner
001000000000000736,IronCore Global,Enterprise,Low,Bronze,Media,NA-East,Active,2025-09-01,2026-09-01,870978,Edge Connect,2024-01-02,FR,46683,www.ironcore.com,Outbound
001000000000000737,BeaconNexus Inc,SMB,High,Silver,Logistics,EMEA,Expired,2025-01-06,2026-01-06,23994,Analytics Suite,2020-12-30,AU,23227,www.beaconnexus.com,Event
001000000000000738,QuantumMicro Corp,Enterprise,Low,Gold,Media,NA-West,Active,2026-02-21,2027-02-21,257452,AI Studio,2020-10-27,DE,26256,www.quantummicro.com,Inbound
001000000000000739,KeystoneLink Industries,SMB,Medium,Bronze,Financial Services,NA-East,Active,2025-08-19,2026-08-19,37745,AI Studio,2024-04-11,BR,26785,www.keystonelink.com,Event
001000000000000740,Consolidated Cloud Technologies,SMB,Medium,Silver,Manufacturing,NA-East,Active,2025-07-26,2026-07-26,6743,Data Sync,2024-06-12,JP,25054,www.consolidated.com,Event
001000000000000741,NorthSystems Holdings,SMB,High,Silver,Biotech,LATAM,Active,2026-12-04,2027-12-04,66386,AI Studio,2022-04-12,FR,42601,www.northsystems.com,Event
001000000000000742,SilverSoft Group,SMB,Low,Silver,Media,NA-East,Active,2026-10-25,2027-10-25,5243,Edge Connect,2024-01-14,DE,43770,www.silversoft.com,Event
001000000000000743,CrownTech Systems,Enterprise,Medium,Platinum,Education,NA-West,Active,2026-11-10,2027-11-10,827271,Analytics Suite,2024-03-10,JP,33707,www.crowntech.com,Partner
001000000000000744,HarborAnalytics Partners,Enterprise,Low,Silver,Public Sector,NA-West,Expired,2024-11-18,2025-11-18,863396,AI Studio,2024-05-02,US,1094,www.harboranalytics.com,Event
001000000000000745,NovaWorks Corp,SMB,Low,Silver,Education,LATAM,Active,2025-08-31,2026-08-31,65323,Analytics Suite,2024-07-25,IN,17649,www.novaworks.com,Event
001000000000000746,BrightSystems Corp,Enterprise,High,Silver,Biotech,LATAM,Active,2025-10-02,2026-10-02,203003,Edge Connect,2024-08-27,FR,7745,www.brightsystems.com,Event
001000000000000747,PioneerPulse Group,Enterprise,Medium,Silver,Technology,APAC,Active,2025-08-09,2026-08-09,344708,AI Studio,2020-11-29,FR,1219,www.pioneerpulse.com,Inbound
001000000000000748,Allied Loop Corp,Enterprise,Low,Silver,Manufacturing,EMEA,Expired,2025-05-15,2026-05-15,621886,Data Sync,2024-07-20,DE,38497,www.allied.com,Event
001000000000000749,DeltaLink Inc,SMB,High,Silver,Manufacturing,APAC,Active,2026-10-17,2027-10-17,69755,Edge Connect,2024-08-13,FR,47150,www.deltalink.com,Inbound
001000000000000750,BlueWave Global,SMB,High,Silver,Biotech,NA-East,Active,2026-08-23,2027-08-23,10237,AI Studio,2020-06-07,FR,18418,www.bluewave.com,Partner
001000000000000751,Consolidated Soft Systems,SMB,Low,Silver,Telecom,LATAM,Active,2026-11-14,2027-11-14,15243,AI Studio,2020-05-12,BR,46375,www.consolidated.com,Inbound
001000000000000752,LarkTech LLC,Enterprise,Medium,Silver,Public Sector,APAC,Active,2026-10-25,2027-10-25,1085850,Analytics Suite,2025-03-04,IN,28966,www.larktech.com,Partner
001000000000000753,SterlingSoft Co,SMB,Low,Silver,Financial Services,APAC,Active,2025-09-03,2026-09-03,63517,Data Sync,2020-09-01,FR,37654,www.sterlingsoft.com,Inbound
001000000000000754,GraniteDynamics Solutions,Enterprise,Medium,Platinum,Telecom,NA-East,Active,2026-10-07,2027-10-07,1046123,Core Platform,2025-05-22,JP,26537,www.granitedynamics.com,Inbound
001000000000000755,BlueLoop Corp,SMB,High,Gold,Financial Services,EMEA,Active,2025-09-01,2026-09-01,37910,Analytics Suite,2020-04-12,FR,34446,www.blueloop.com,Event
001000000000000756,PacificGrid Partners,SMB,High,Gold,Energy,EMEA,Active,2025-09-01,2026-09-01,54896,Edge Connect,2023-09-05,SG,58067,www.pacificgrid.com,Partner
001000000000000757,AtlasVision Holdings,Enterprise,Low,Platinum,Financial Services,NA-West,Expired,2025-05-22,2026-05-22,217117,Data Sync,2022-08-29,JP,2221,www.atlasvision.com,Inbound
001000000000000758,VertexCloud Inc,Enterprise,Low,Platinum,Telecom,APAC,Active,2025-07-27,2026-07-27,338674,Analytics Suite,2020-12-11,IN,16372,www.vertexcloud.com,Event
001000000000000759,UnionNexus Global,Enterprise,High,Gold,Public Sector,EMEA,Active,2025-10-20,2026-10-20,569185,Data Sync,2020-06-01,FR,16166,www.unionnexus.com,Outbound
001000000000000760,SterlingFabric Solutions,SMB,High,Silver,Technology,NA-West,Active,2026-03-19,2027-03-19,21892,Core Platform,2024-06-20,FR,8888,www.sterlingfabric.com,Outbound
001000000000000761,SableWave Co,Enterprise,High,Silver,Technology,NA-East,Active,2025-09-08,2026-09-08,834729,Data Sync,2020-07-20,DE,44803,www.sablewave.com,Outbound
001000000000000762,CedarVector LLC,SMB,High,Bronze,Logistics,NA-East,Active,2025-07-29,2026-07-29,10154,Edge Connect,2020-01-16,US,51971,www.cedarvector.com,Event
001000000000000763,PacificCompute Inc,Enterprise,Medium,Silver,Education,APAC,Active,2025-08-03,2026-08-03,668208,Edge Connect,2024-12-28,BR,17829,www.pacificcompute.com,Outbound
001000000000000764,IronVision Technologies,Enterprise,High,Silver,Energy,LATAM,Active,2025-07-26,2026-07-26,615320,Edge Connect,2019-09-04,US,14313,www.ironvision.com,Event
001000000000000765,DeltaLogic LLC,Enterprise,High,Gold,Retail,APAC,Active,2025-07-26,2026-07-26,352228,Analytics Suite,2022-08-29,UK,56604,www.deltalogic.com,Outbound
001000000000000766,MapleWorks Global,SMB,Medium,Gold,Technology,LATAM,Active,2025-10-11,2026-10-11,6707,Data Sync,2025-05-25,UK,16890,www.mapleworks.com,Outbound
001000000000000767,CascadeMicro Corp,SMB,High,Silver,Media,NA-West,Active,2025-07-19,2026-07-19,51689,Analytics Suite,2022-08-21,US,33615,www.cascademicro.com,Partner
001000000000000768,SterlingCompute Technologies,Enterprise,Low,Bronze,Education,NA-West,Expired,2024-10-31,2025-10-31,1029875,Analytics Suite,2023-12-19,US,25257,www.sterlingcompute.com,Inbound
001000000000000769,QuantumFabric Solutions,SMB,Medium,Silver,Public Sector,EMEA,Expired,2025-01-23,2026-01-23,60794,Edge Connect,2025-02-05,UK,33937,www.quantumfabric.com,Inbound
001000000000000770,MapleLabs Corp,Enterprise,High,Silver,Media,NA-East,Active,2025-10-09,2026-10-09,640789,Data Sync,2025-04-01,JP,46440,www.maplelabs.com,Event
001000000000000771,RidgeCompute Holdings,SMB,High,Platinum,Biotech,EMEA,Active,2026-08-13,2027-08-13,69036,Edge Connect,2024-04-13,JP,5049,www.ridgecompute.com,Event
001000000000000772,VertexLabs Global,Enterprise,High,Silver,Telecom,NA-East,Active,2025-10-07,2026-10-07,959079,Analytics Suite,2021-02-20,UK,41989,www.vertexlabs.com,Event
001000000000000773,BrightGrid LLC,SMB,Medium,Silver,Healthcare,APAC,Active,2026-05-19,2027-05-19,31178,AI Studio,2025-02-23,FR,36425,www.brightgrid.com,Event
001000000000000774,MeridianAnalytics Holdings,SMB,Low,Silver,Manufacturing,NA-East,Active,2025-10-30,2026-10-30,52505,Analytics Suite,2020-12-08,SG,50796,www.meridiananalytics.com,Event
001000000000000775,LarkLoop Co,SMB,High,Gold,Public Sector,APAC,Active,2025-08-10,2026-08-10,68638,Analytics Suite,2021-11-03,BR,40214,www.larkloop.com,Partner
001000000000000776,Pan-Atlantic Forge LLC,SMB,Low,Platinum,Technology,NA-East,Active,2025-08-29,2026-08-29,35225,AI Studio,2025-03-01,SG,37367,www.pan-atlantic.com,Inbound
001000000000000777,NorthFabric Industries,SMB,High,Silver,Public Sector,NA-East,Active,2026-08-19,2027-08-19,6861,Edge Connect,2022-05-31,AU,13237,www.northfabric.com,Outbound
001000000000000778,NovaSphere Solutions,SMB,Low,Gold,Manufacturing,APAC,Active,2026-03-01,2027-03-01,44549,Edge Connect,2022-02-12,FR,5521,www.novasphere.com,Partner
001000000000000779,CascadeLogic Corp,Enterprise,Medium,Gold,Telecom,LATAM,Active,2026-10-28,2027-10-28,85353,Edge Connect,2021-04-14,BR,53799,www.cascadelogic.com,Outbound
001000000000000780,EmeraldLogic Global,SMB,Low,Platinum,Public Sector,NA-West,Active,2026-04-22,2027-04-22,27934,Edge Connect,2020-01-11,JP,15644,www.emeraldlogic.com,Partner
001000000000000781,NovaCloud Solutions,Enterprise,Medium,Platinum,Logistics,EMEA,Active,2025-08-23,2026-08-23,1126041,AI Studio,2024-02-27,FR,2491,www.novacloud.com,Event
001000000000000782,AuroraByte Holdings,Enterprise,Medium,Silver,Biotech,LATAM,Expired,2025-03-23,2026-03-23,480433,Data Sync,2020-11-15,BR,18717,www.aurorabyte.com,Partner
001000000000000783,IronSphere Industries,SMB,High,Bronze,Energy,NA-West,Active,2025-07-31,2026-07-31,53355,AI Studio,2022-10-05,JP,32803,www.ironsphere.com,Event
001000000000000784,PioneerVision Technologies,SMB,High,Gold,Logistics,LATAM,Active,2025-08-06,2026-08-06,47854,Analytics Suite,2024-01-26,IN,41111,www.pioneervision.com,Partner
001000000000000785,SterlingGrid LLC,SMB,Medium,Bronze,Education,NA-East,Active,2026-08-28,2027-08-28,61504,Edge Connect,2020-12-19,UK,55321,www.sterlinggrid.com,Partner
001000000000000786,CascadeSoft Corp,SMB,Low,Bronze,Retail,NA-West,Expired,2025-04-26,2026-04-26,14842,Core Platform,2023-07-18,DE,15788,www.cascadesoft.com,Inbound
001000000000000787,LarkByte Co,Enterprise,Low,Silver,Telecom,NA-East,Expired,2025-02-13,2026-02-13,560562,AI Studio,2023-12-18,DE,13911,www.larkbyte.com,Outbound
001000000000000788,Consolidated Vision Co,SMB,High,Gold,Financial Services,LATAM,Active,2026-07-27,2027-07-27,13382,Data Sync,2023-10-23,BR,51237,www.consolidated.com,Outbound
001000000000000789,ApexFabric Group,Enterprise,Medium,Gold,Healthcare,EMEA,Active,2025-10-24,2026-10-24,1120977,Data Sync,2023-11-02,DE,12599,www.apexfabric.com,Outbound
001000000000000790,BrightDigital Inc,SMB,High,Bronze,Telecom,APAC,Active,2026-01-13,2027-01-13,13564,AI Studio,2019-06-12,FR,59252,www.brightdigital.com,Partner
001000000000000791,PioneerDynamics Global,Enterprise,Medium,Silver,Financial Services,EMEA,Active,2025-09-30,2026-09-30,445968,AI Studio,2020-06-06,FR,52264,www.pioneerdynamics.com,Inbound
001000000000000792,Meridian Micro Industries,SMB,High,Silver,Education,NA-West,Active,2025-08-09,2026-08-09,30487,Analytics Suite,2025-01-02,UK,13796,www.meridian.com,Partner
001000000000000793,HarborWorks Co,Enterprise,Low,Gold,Retail,EMEA,Active,2026-09-30,2027-09-30,1139394,AI Studio,2023-10-17,DE,12103,www.harborworks.com,Event
001000000000000794,OnyxPulse Inc,SMB,High,Silver,Public Sector,APAC,Expired,2025-03-23,2026-03-23,42623,AI Studio,2019-10-28,FR,33607,www.onyxpulse.com,Partner
001000000000000795,BeaconNexus Industries,Enterprise,Medium,Silver,Healthcare,NA-East,Active,2025-08-05,2026-08-05,594919,Core Platform,2020-11-16,BR,53458,www.beaconnexus.com,Partner
001000000000000796,BeaconNexus Technologies,Enterprise,Medium,Gold,Retail,NA-East,Active,2026-02-17,2027-02-17,1076722,Edge Connect,2023-04-26,UK,58014,www.beaconnexus.com,Outbound
001000000000000797,CrownData Inc,SMB,Medium,Silver,Financial Services,NA-East,Active,2026-01-09,2027-01-09,43107,Analytics Suite,2022-07-29,SG,48529,www.crowndata.com,Partner
001000000000000798,SilverWave Systems,Enterprise,Medium,Gold,Financial Services,LATAM,Expired,2025-01-05,2026-01-05,920518,Core Platform,2022-12-08,AU,37596,www.silverwave.com,Event
001000000000000799,TitanLink Partners,Enterprise,High,Gold,Technology,NA-West,Expired,2025-03-27,2026-03-27,922234,Edge Connect,2023-11-20,DE,48279,www.titanlink.com,Event
001000000000000800,NovaLoop Industries,SMB,High,Bronze,Financial Services,LATAM,Active,2025-08-21,2026-08-21,16000,Analytics Suite,2021-02-19,IN,42799,www.novaloop.com,Inbound
001000000000000801,AuroraCloud Group,Enterprise,High,Platinum,Energy,EMEA,Active,2026-04-02,2027-04-02,521926,Analytics Suite,2019-07-10,US,33589,www.auroracloud.com,Partner
001000000000000802,PioneerLoop Industries,Enterprise,Medium,Gold,Telecom,APAC,Expired,2025-02-12,2026-02-12,1180691,AI Studio,2020-11-21,AU,33313,www.pioneerloop.com,Partner
001000000000000803,AtlasNetworks Corp,Enterprise,Low,Silver,Energy,LATAM,Active,2025-09-26,2026-09-26,1125673,Data Sync,2024-12-24,BR,37598,www.atlasnetworks.com,Event
001000000000000804,SilverSignal Holdings,Enterprise,Medium,Silver,Manufacturing,APAC,Active,2025-10-12,2026-10-12,894940,Analytics Suite,2019-06-07,AU,55569,www.silversignal.com,Inbound
001000000000000805,IronGrid Technologies,Enterprise,Medium,Silver,Biotech,LATAM,Active,2026-05-01,2027-05-01,94354,AI Studio,2020-07-06,BR,26747,www.irongrid.com,Outbound
001000000000000806,CascadeCloud Partners,Enterprise,High,Gold,Retail,NA-East,Active,2025-12-09,2026-12-09,130559,Edge Connect,2022-03-02,UK,35454,www.cascadecloud.com,Partner
001000000000000807,SilverLoop Group,SMB,Medium,Gold,Energy,EMEA,Expired,2025-02-17,2026-02-17,40869,Core Platform,2019-08-23,JP,6242,www.silverloop.com,Inbound
001000000000000808,VertexMetric Corp,Enterprise,High,Silver,Education,EMEA,Active,2025-08-13,2026-08-13,945472,Analytics Suite,2020-12-09,JP,50276,www.vertexmetric.com,Event
001000000000000809,OnyxLink Technologies,SMB,High,Silver,Biotech,EMEA,Active,2025-08-27,2026-08-27,39594,Analytics Suite,2021-02-07,SG,3605,www.onyxlink.com,Partner
001000000000000810,CedarLoop Systems,Enterprise,Medium,Silver,Logistics,NA-East,Expired,2024-10-02,2025-10-02,639601,Core Platform,2019-07-01,US,4775,www.cedarloop.com,Event
001000000000000811,HarborLabs Solutions,SMB,Medium,Platinum,Public Sector,LATAM,Active,2026-07-22,2027-07-22,55736,Data Sync,2020-02-18,BR,37959,www.harborlabs.com,Inbound
001000000000000812,Meridian Networks Systems,Enterprise,Low,Silver,Retail,LATAM,Active,2025-11-02,2026-11-02,1182266,Edge Connect,2021-03-19,BR,42268,www.meridian.com,Event
001000000000000813,BeaconSoft Group,Enterprise,High,Gold,Financial Services,APAC,Expired,2025-01-29,2026-01-29,1178367,Core Platform,2021-06-08,UK,32702,www.beaconsoft.com,Inbound
001000000000000814,SummitWorks Partners,SMB,Medium,Gold,Telecom,LATAM,Active,2026-05-11,2027-05-11,35511,Analytics Suite,2022-02-27,JP,2224,www.summitworks.com,Partner
001000000000000815,TitanWorks Technologies,Enterprise,High,Silver,Education,NA-East,Expired,2025-03-02,2026-03-02,794141,AI Studio,2020-10-12,IN,38445,www.titanworks.com,Partner
001000000000000816,GraniteLink Partners,SMB,High,Platinum,Retail,NA-East,Active,2025-11-03,2026-11-03,58690,Data Sync,2019-09-23,IN,42796,www.granitelink.com,Inbound
001000000000000817,BrightNexus Technologies,SMB,Medium,Bronze,Financial Services,LATAM,Active,2026-12-14,2027-12-14,57078,AI Studio,2021-09-12,SG,33317,www.brightnexus.com,Inbound
001000000000000818,CobaltFabric LLC,Enterprise,High,Platinum,Telecom,EMEA,Active,2025-08-03,2026-08-03,580663,Core Platform,2024-05-20,US,20760,www.cobaltfabric.com,Partner
001000000000000819,AuroraGrid Technologies,Enterprise,Medium,Silver,Technology,LATAM,Active,2026-09-11,2027-09-11,454744,AI Studio,2024-08-20,US,46200,www.auroragrid.com,Inbound
001000000000000820,PacificNetworks Systems,SMB,Medium,Bronze,Manufacturing,NA-East,Active,2025-08-12,2026-08-12,17333,Analytics Suite,2024-08-16,DE,15846,www.pacificnetworks.com,Inbound
001000000000000821,SummitLabs LLC,SMB,Medium,Gold,Healthcare,EMEA,Active,2025-09-28,2026-09-28,52559,Analytics Suite,2024-01-07,JP,48196,www.summitlabs.com,Event
001000000000000822,RidgeTech LLC,Enterprise,Medium,Gold,Telecom,NA-West,Active,2025-08-07,2026-08-07,229363,Analytics Suite,2023-03-26,IN,44212,www.ridgetech.com,Outbound
001000000000000823,PacificSphere Group,Enterprise,High,Silver,Telecom,LATAM,Active,2025-12-05,2026-12-05,1063211,Edge Connect,2025-03-11,SG,28439,www.pacificsphere.com,Inbound
001000000000000824,MeridianGrid Inc,Enterprise,Low,Gold,Manufacturing,NA-East,Active,2025-08-04,2026-08-04,353567,Core Platform,2021-08-02,DE,39606,www.meridiangrid.com,Outbound
001000000000000825,SterlingPulse Systems,Enterprise,High,Gold,Biotech,NA-West,Active,2026-06-14,2027-06-14,835564,Core Platform,2020-05-11,IN,46919,www.sterlingpulse.com,Outbound
001000000000000826,Pan-Atlantic Digital LLC,Enterprise,High,Bronze,Media,LATAM,Expired,2024-11-02,2025-11-02,1008278,Edge Connect,2022-08-25,US,32452,www.pan-atlantic.com,Event
001000000000000827,NovaTech Technologies,SMB,Medium,Silver,Manufacturing,APAC,Active,2025-11-04,2026-11-04,11500,AI Studio,2021-06-12,UK,3390,www.novatech.com,Event
001000000000000828,BluePulse Partners,SMB,Medium,Silver,Manufacturing,EMEA,Active,2025-07-23,2026-07-23,56540,Edge Connect,2022-03-04,JP,1790,www.bluepulse.com,Event
001000000000000829,CedarNetworks LLC,SMB,High,Gold,Logistics,NA-East,Active,2025-08-14,2026-08-14,22623,AI Studio,2023-04-18,AU,54439,www.cedarnetworks.com,Outbound
001000000000000830,UnionCloud Inc,Enterprise,Medium,Gold,Technology,LATAM,Active,2025-11-20,2026-11-20,666249,Data Sync,2024-12-19,US,47263,www.unioncloud.com,Event
001000000000000831,OnyxDigital Technologies,SMB,Low,Silver,Biotech,APAC,Active,2026-11-04,2027-11-04,12118,Edge Connect,2024-07-23,DE,4588,www.onyxdigital.com,Partner
001000000000000832,ApexSphere Solutions,Enterprise,Low,Silver,Biotech,NA-East,Active,2025-11-21,2026-11-21,170915,Data Sync,2022-08-18,BR,773,www.apexsphere.com,Event
001000000000000833,KeystoneDigital Partners,SMB,Medium,Bronze,Telecom,LATAM,Active,2025-12-14,2026-12-14,9893,Core Platform,2022-02-24,BR,34927,www.keystonedigital.com,Partner
001000000000000834,NorthMetric Technologies,SMB,Low,Gold,Technology,NA-East,Active,2025-08-24,2026-08-24,27943,Data Sync,2023-01-26,FR,56049,www.northmetric.com,Outbound
001000000000000835,Pan-Atlantic Link Technologies,Enterprise,Medium,Gold,Healthcare,EMEA,Active,2025-11-04,2026-11-04,1161216,Analytics Suite,2024-04-14,IN,48679,www.pan-atlantic.com,Event
001000000000000836,SilverGrid LLC,Enterprise,High,Gold,Media,NA-East,Active,2026-10-26,2027-10-26,1199034,Analytics Suite,2023-02-23,UK,16079,www.silvergrid.com,Partner
001000000000000837,TitanCompute Industries,SMB,Low,Bronze,Energy,EMEA,Active,2026-08-19,2027-08-19,29510,Analytics Suite,2020-11-27,BR,45353,www.titancompute.com,Inbound
001000000000000838,SummitSphere Holdings,SMB,Medium,Bronze,Technology,NA-East,Active,2025-10-23,2026-10-23,23793,Analytics Suite,2023-05-18,IN,45419,www.summitsphere.com,Event
001000000000000839,PacificWorks Systems,SMB,High,Bronze,Retail,APAC,Active,2025-09-04,2026-09-04,9603,Core Platform,2021-04-09,SG,41561,www.pacificworks.com,Inbound
001000000000000840,TitanNexus Group,Enterprise,Low,Silver,Technology,NA-East,Expired,2025-02-01,2026-02-01,285098,AI Studio,2022-02-06,AU,20276,www.titannexus.com,Outbound
001000000000000841,CedarSoft Partners,Enterprise,High,Silver,Energy,EMEA,Expired,2024-09-22,2025-09-22,221553,Data Sync,2020-04-02,AU,9424,www.cedarsoft.com,Outbound
001000000000000842,OnyxSphere Global,Enterprise,Low,Silver,Telecom,NA-West,Active,2026-09-21,2027-09-21,666747,Data Sync,2023-07-26,IN,43964,www.onyxsphere.com,Inbound
001000000000000843,BrightCore Holdings,Enterprise,Medium,Silver,Logistics,EMEA,Expired,2025-01-29,2026-01-29,700519,Analytics Suite,2024-12-03,SG,36397,www.brightcore.com,Partner
001000000000000844,VertexCore Corp,Enterprise,Low,Gold,Retail,LATAM,Active,2025-12-22,2026-12-22,1170466,Analytics Suite,2020-08-22,AU,39451,www.vertexcore.com,Event
001000000000000845,DeltaFabric Partners,Enterprise,Low,Platinum,Technology,LATAM,Active,2025-07-19,2026-07-19,728692,Edge Connect,2022-11-17,UK,33841,www.deltafabric.com,Partner
001000000000000846,Meridian Wave Group,Enterprise,Medium,Gold,Logistics,NA-East,Active,2025-11-03,2026-11-03,729359,Core Platform,2024-05-29,BR,50094,www.meridian.com,Inbound
001000000000000847,SableMetric Technologies,SMB,High,Silver,Logistics,NA-East,Active,2026-11-27,2027-11-27,12519,Data Sync,2021-11-22,UK,43437,www.sablemetric.com,Event
001000000000000848,BrightCloud Systems,SMB,Medium,Platinum,Education,LATAM,Active,2025-10-31,2026-10-31,66169,Edge Connect,2020-09-24,US,45920,www.brightcloud.com,Outbound
001000000000000849,RidgeCore Solutions,Enterprise,Medium,Platinum,Media,EMEA,Expired,2025-01-31,2026-01-31,671389,Edge Connect,2020-02-10,IN,33047,www.ridgecore.com,Outbound
001000000000000850,BrightWorks Technologies,Enterprise,Low,Bronze,Education,EMEA,Active,2026-08-29,2027-08-29,107149,AI Studio,2022-04-23,JP,49184,www.brightworks.com,Outbound
001000000000000851,PacificSoft Systems,Enterprise,High,Platinum,Logistics,APAC,Expired,2025-06-07,2026-06-07,132706,Data Sync,2020-03-21,UK,56978,www.pacificsoft.com,Partner
001000000000000852,NorthMetric Systems,Enterprise,Low,Silver,Financial Services,EMEA,Active,2026-04-27,2027-04-27,347256,Core Platform,2024-06-11,AU,3149,www.northmetric.com,Event
001000000000000853,SummitAnalytics Corp,SMB,Low,Silver,Retail,EMEA,Active,2026-10-09,2027-10-09,30370,Edge Connect,2020-09-30,JP,26910,www.summitanalytics.com,Partner
001000000000000854,PioneerDynamics Partners,Enterprise,High,Bronze,Healthcare,LATAM,Expired,2025-03-17,2026-03-17,1184416,Analytics Suite,2021-01-27,BR,31720,www.pioneerdynamics.com,Outbound
001000000000000855,UnionMicro Holdings,Enterprise,Low,Silver,Public Sector,NA-East,Expired,2024-10-13,2025-10-13,275145,Edge Connect,2021-12-18,FR,55691,www.unionmicro.com,Partner
001000000000000856,NovaCore Inc,Enterprise,Medium,Platinum,Logistics,EMEA,Active,2025-08-29,2026-08-29,414062,AI Studio,2023-07-31,AU,15699,www.novacore.com,Outbound
001000000000000857,BrightDynamics Industries,Enterprise,Medium,Silver,Retail,NA-East,Active,2025-12-11,2026-12-11,971916,Data Sync,2021-10-20,IN,55810,www.brightdynamics.com,Event
001000000000000858,VertexByte Holdings,Enterprise,Low,Bronze,Financial Services,APAC,Active,2026-09-10,2027-09-10,430097,Data Sync,2024-08-14,UK,47394,www.vertexbyte.com,Inbound
001000000000000859,NorthCloud Co,Enterprise,High,Gold,Education,EMEA,Active,2026-09-17,2027-09-17,649314,Core Platform,2024-12-09,UK,42717,www.northcloud.com,Inbound
001000000000000860,RidgeFabric Global,SMB,Medium,Bronze,Healthcare,NA-West,Active,2026-05-17,2027-05-17,22864,Analytics Suite,2020-11-04,UK,52323,www.ridgefabric.com,Outbound
001000000000000861,CopperData Partners,SMB,Low,Platinum,Education,NA-East,Active,2026-01-19,2027-01-19,56457,Analytics Suite,2022-06-18,AU,49503,www.copperdata.com,Event
001000000000000862,AtlasPulse Co,SMB,High,Bronze,Biotech,EMEA,Active,2025-10-11,2026-10-11,8347,Data Sync,2019-09-28,FR,25243,www.atlaspulse.com,Inbound
001000000000000863,IronCompute LLC,Enterprise,Medium,Silver,Retail,LATAM,Active,2026-05-18,2027-05-18,215698,Data Sync,2020-10-25,BR,30431,www.ironcompute.com,Partner
001000000000000864,OrchardSphere Inc,SMB,Medium,Gold,Retail,EMEA,Expired,2024-11-09,2025-11-09,51824,Core Platform,2021-05-18,FR,53771,www.orchardsphere.com,Inbound
001000000000000865,DeltaWorks Corp,SMB,Low,Bronze,Media,LATAM,Expired,2025-03-25,2026-03-25,26504,Core Platform,2019-06-20,UK,10796,www.deltaworks.com,Event
001000000000000866,AuroraSignal LLC,Enterprise,Low,Silver,Education,APAC,Active,2025-10-10,2026-10-10,281108,Analytics Suite,2025-02-19,JP,26469,www.aurorasignal.com,Partner
001000000000000867,BlueLogic Co,Enterprise,Medium,Platinum,Retail,EMEA,Expired,2024-10-21,2025-10-21,456279,Data Sync,2019-09-11,SG,2141,www.bluelogic.com,Partner
001000000000000868,LarkVision Holdings,SMB,Medium,Silver,Education,NA-West,Active,2025-08-23,2026-08-23,34086,Core Platform,2024-07-10,AU,398,www.larkvision.com,Outbound
001000000000000869,VanguardSystems Co,Enterprise,Low,Gold,Public Sector,EMEA,Expired,2024-10-13,2025-10-13,341405,AI Studio,2023-10-18,BR,43108,www.vanguardsystems.com,Outbound
001000000000000870,UnionVision Technologies,Enterprise,High,Silver,Technology,LATAM,Active,2025-09-28,2026-09-28,761054,Core Platform,2020-01-12,IN,47083,www.unionvision.com,Inbound
001000000000000871,CobaltData Holdings,SMB,Medium,Platinum,Energy,EMEA,Active,2026-03-14,2027-03-14,33107,Edge Connect,2023-10-09,FR,45186,www.cobaltdata.com,Outbound
001000000000000872,HarborLogic Inc,Enterprise,Medium,Gold,Energy,EMEA,Active,2026-11-12,2027-11-12,955854,Analytics Suite,2024-06-09,DE,55990,www.harborlogic.com,Outbound
001000000000000873,PacificCompute Co,SMB,High,Gold,Technology,LATAM,Active,2026-07-01,2027-07-01,18289,Analytics Suite,2022-09-24,AU,24748,www.pacificcompute.com,Inbound
001000000000000874,BlueData Inc,Enterprise,Medium,Silver,Technology,NA-East,Active,2025-12-07,2026-12-07,191899,Core Platform,2020-03-13,UK,12352,www.bluedata.com,Inbound
001000000000000875,CrownCore Inc,Enterprise,Medium,Silver,Financial Services,APAC,Expired,2025-03-02,2026-03-02,377470,AI Studio,2019-07-15,BR,35243,www.crowncore.com,Outbound
001000000000000876,QuantumSphere Inc,SMB,Medium,Gold,Biotech,NA-East,Active,2025-10-14,2026-10-14,13538,Data Sync,2022-06-06,IN,4812,www.quantumsphere.com,Inbound
001000000000000877,PioneerAnalytics Systems,Enterprise,High,Bronze,Technology,LATAM,Active,2026-02-21,2027-02-21,772740,Core Platform,2022-01-27,SG,46389,www.pioneeranalytics.com,Inbound
001000000000000878,MeridianTech Technologies,Enterprise,Medium,Gold,Education,NA-West,Active,2026-09-16,2027-09-16,791360,Core Platform,2024-11-19,DE,26803,www.meridiantech.com,Inbound
001000000000000879,GraniteVision Systems,SMB,High,Gold,Technology,NA-East,Active,2025-08-17,2026-08-17,15786,Analytics Suite,2023-05-02,FR,49714,www.granitevision.com,Partner
001000000000000880,PacificDigital Industries,Enterprise,Medium,Silver,Media,NA-East,Active,2026-02-24,2027-02-24,636250,Data Sync,2023-05-17,UK,43400,www.pacificdigital.com,Outbound
001000000000000881,OnyxTech LLC,Enterprise,High,Silver,Energy,APAC,Active,2026-09-11,2027-09-11,712448,Data Sync,2024-05-01,SG,47119,www.onyxtech.com,Partner
001000000000000882,Consolidated Vector Partners,SMB,Low,Bronze,Energy,NA-East,Active,2025-07-18,2026-07-18,54573,Edge Connect,2023-04-18,AU,18724,www.consolidated.com,Outbound
001000000000000883,SterlingNetworks Inc,Enterprise,Medium,Silver,Energy,NA-East,Active,2026-09-08,2027-09-08,1107121,Core Platform,2024-08-02,US,30033,www.sterlingnetworks.com,Outbound
001000000000000884,MapleVector Holdings,Enterprise,Medium,Silver,Media,NA-East,Active,2025-10-07,2026-10-07,1006790,Core Platform,2020-06-06,BR,30677,www.maplevector.com,Outbound
001000000000000885,SterlingVector Group,SMB,Low,Gold,Technology,LATAM,Active,2025-10-01,2026-10-01,17537,Edge Connect,2024-08-03,US,20155,www.sterlingvector.com,Inbound
001000000000000886,VertexPulse Global,SMB,Medium,Gold,Biotech,NA-West,Active,2026-02-22,2027-02-22,32281,Edge Connect,2024-03-20,BR,1770,www.vertexpulse.com,Partner
001000000000000887,SummitLogic Solutions,Enterprise,Medium,Platinum,Healthcare,APAC,Active,2026-09-29,2027-09-29,520159,AI Studio,2022-04-18,FR,49061,www.summitlogic.com,Partner
001000000000000888,GraniteVision Global,SMB,Low,Platinum,Financial Services,LATAM,Active,2025-11-24,2026-11-24,37611,Core Platform,2023-03-23,UK,52527,www.granitevision.com,Outbound
001000000000000889,LarkMetric Holdings,Enterprise,High,Gold,Public Sector,APAC,Expired,2025-06-12,2026-06-12,283374,Analytics Suite,2019-12-07,IN,5252,www.larkmetric.com,Outbound
001000000000000890,KeystoneTech Inc,Enterprise,Low,Gold,Healthcare,EMEA,Active,2025-08-02,2026-08-02,361284,Analytics Suite,2024-02-04,IN,16075,www.keystonetech.com,Event
001000000000000891,CrownSystems Co,Enterprise,Low,Bronze,Energy,APAC,Active,2025-08-08,2026-08-08,1012044,Edge Connect,2023-05-25,BR,57876,www.crownsystems.com,Outbound
001000000000000892,BrightFabric Global,Enterprise,Low,Silver,Public Sector,NA-East,Active,2026-07-08,2027-07-08,211388,AI Studio,2021-02-14,UK,33795,www.brightfabric.com,Outbound
001000000000000893,CrownStream LLC,Enterprise,High,Silver,Logistics,EMEA,Active,2025-08-10,2026-08-10,108880,Core Platform,2020-01-23,US,8874,www.crownstream.com,Event
001000000000000894,AtlasMetric LLC,Enterprise,High,Silver,Media,LATAM,Active,2025-08-13,2026-08-13,1033630,Data Sync,2019-11-02,BR,3146,www.atlasmetric.com,Partner
001000000000000895,EmeraldMetric Solutions,Enterprise,High,Bronze,Technology,NA-West,Active,2025-12-11,2026-12-11,449728,AI Studio,2025-01-17,SG,35023,www.emeraldmetric.com,Inbound
001000000000000896,AuroraForge Inc,SMB,Medium,Silver,Logistics,NA-East,Active,2026-04-01,2027-04-01,25341,AI Studio,2022-12-22,IN,37316,www.auroraforge.com,Outbound
001000000000000897,BlueByte Co,SMB,Low,Gold,Biotech,NA-East,Active,2025-10-07,2026-10-07,42863,Data Sync,2021-12-03,SG,3755,www.bluebyte.com,Outbound
001000000000000898,CascadeAnalytics Solutions,SMB,High,Silver,Logistics,NA-East,Active,2025-08-26,2026-08-26,28516,AI Studio,2021-01-11,JP,28399,www.cascadeanalytics.com,Inbound
001000000000000899,SableGrid Co,SMB,Low,Silver,Public Sector,NA-East,Active,2026-07-13,2027-07-13,13132,Analytics Suite,2019-11-17,AU,31748,www.sablegrid.com,Event
001000000000000900,QuantumMicro Industries,SMB,Medium,Platinum,Biotech,APAC,Active,2025-09-12,2026-09-12,51637,Core Platform,2024-01-28,AU,7613,www.quantummicro.com,Partner
001000000000000901,OrchardByte Solutions,Enterprise,High,Bronze,Energy,NA-West,Active,2026-11-25,2027-11-25,1119551,AI Studio,2023-07-20,JP,952,www.orchardbyte.com,Inbound
001000000000000902,HarborDigital Technologies,SMB,Low,Platinum,Retail,NA-West,Active,2025-09-15,2026-09-15,26687,Core Platform,2023-11-13,AU,26006,www.harbordigital.com,Partner
001000000000000903,SterlingTech Global,Enterprise,Medium,Platinum,Manufacturing,NA-East,Active,2025-11-19,2026-11-19,1132826,Data Sync,2023-02-02,US,48952,www.sterlingtech.com,Inbound
001000000000000904,LarkSystems Systems,Enterprise,High,Silver,Telecom,EMEA,Active,2025-07-30,2026-07-30,179840,Data Sync,2020-03-05,UK,10557,www.larksystems.com,Partner
001000000000000905,PacificSystems Partners,SMB,Low,Silver,Healthcare,NA-West,Active,2025-08-06,2026-08-06,34767,Analytics Suite,2023-04-10,JP,44354,www.pacificsystems.com,Event
001000000000000906,PacificStream Group,Enterprise,High,Bronze,Retail,LATAM,Active,2025-07-17,2026-07-17,782936,Analytics Suite,2022-02-03,DE,1652,www.pacificstream.com,Inbound
001000000000000907,MapleByte Industries,Enterprise,Medium,Bronze,Energy,LATAM,Active,2025-09-26,2026-09-26,249034,AI Studio,2021-10-01,FR,2754,www.maplebyte.com,Partner
001000000000000908,CobaltGrid Technologies,SMB,High,Bronze,Biotech,LATAM,Active,2025-09-05,2026-09-05,21183,Analytics Suite,2021-07-15,UK,10651,www.cobaltgrid.com,Event
001000000000000909,AuroraPulse LLC,Enterprise,Low,Silver,Manufacturing,EMEA,Expired,2025-06-27,2026-06-27,545387,Data Sync,2025-01-03,JP,45391,www.aurorapulse.com,Outbound
001000000000000910,PioneerByte Corp,Enterprise,High,Gold,Biotech,NA-West,Expired,2024-09-29,2025-09-29,385363,Analytics Suite,2021-12-25,DE,44517,www.pioneerbyte.com,Inbound
001000000000000911,NovaVision Industries,SMB,Medium,Gold,Logistics,APAC,Active,2026-05-09,2027-05-09,64546,AI Studio,2019-11-18,UK,7295,www.novavision.com,Event
001000000000000912,CedarLink Inc,Enterprise,High,Silver,Telecom,LATAM,Expired,2024-09-25,2025-09-25,773078,Data Sync,2022-04-03,FR,855,www.cedarlink.com,Inbound
001000000000000913,GraniteData Corp,Enterprise,High,Silver,Technology,NA-West,Active,2025-07-20,2026-07-20,380333,Core Platform,2022-12-28,FR,44507,www.granitedata.com,Outbound
001000000000000914,GraniteData Inc,SMB,Medium,Bronze,Manufacturing,NA-West,Expired,2024-11-18,2025-11-18,33829,Analytics Suite,2024-11-21,IN,2628,www.granitedata.com,Event
001000000000000915,AtlasWave Partners,SMB,Low,Platinum,Public Sector,LATAM,Active,2025-10-14,2026-10-14,15695,Analytics Suite,2022-07-29,AU,4797,www.atlaswave.com,Event
001000000000000916,SilverVision LLC,Enterprise,Low,Gold,Healthcare,APAC,Active,2025-11-20,2026-11-20,866273,Edge Connect,2024-07-20,US,26345,www.silvervision.com,Partner
001000000000000917,VertexSphere Global,Enterprise,Medium,Gold,Financial Services,LATAM,Active,2025-09-29,2026-09-29,661315,Data Sync,2024-01-28,US,20736,www.vertexsphere.com,Outbound
001000000000000918,IronSphere Corp,SMB,Medium,Gold,Manufacturing,NA-East,Active,2025-10-02,2026-10-02,26491,Edge Connect,2021-05-18,IN,39805,www.ironsphere.com,Outbound
001000000000000919,RidgeNetworks Global,SMB,Medium,Gold,Public Sector,APAC,Active,2025-10-31,2026-10-31,52637,Core Platform,2022-12-26,SG,586,www.ridgenetworks.com,Outbound
001000000000000920,SterlingPulse Industries,Enterprise,High,Gold,Financial Services,NA-East,Active,2026-08-29,2027-08-29,931742,Core Platform,2023-12-03,JP,59168,www.sterlingpulse.com,Inbound
001000000000000921,Helios Analytics Technologies,Enterprise,High,Gold,Manufacturing,NA-East,Active,2026-05-08,2027-05-08,804608,Edge Connect,2024-07-04,SG,40176,www.helios.com,Event
001000000000000922,CascadeMetric Group,Enterprise,Medium,Gold,Public Sector,NA-East,Active,2025-10-06,2026-10-06,527694,Core Platform,2019-11-27,AU,1723,www.cascademetric.com,Event
001000000000000923,ApexLink Co,SMB,High,Gold,Energy,EMEA,Active,2025-10-13,2026-10-13,26462,AI Studio,2023-06-22,BR,42135,www.apexlink.com,Inbound
001000000000000924,MaplePulse Systems,SMB,High,Gold,Manufacturing,NA-East,Expired,2025-04-04,2026-04-04,9953,Core Platform,2021-11-08,BR,56920,www.maplepulse.com,Event
001000000000000925,TitanWorks Partners,Enterprise,Medium,Platinum,Technology,NA-East,Active,2025-11-10,2026-11-10,895368,Edge Connect,2024-12-21,US,1153,www.titanworks.com,Event
001000000000000926,BeaconSystems Solutions,Enterprise,High,Gold,Manufacturing,LATAM,Active,2025-10-23,2026-10-23,600121,Edge Connect,2019-12-30,US,5950,www.beaconsystems.com,Inbound
001000000000000927,TitanMetric Inc,Enterprise,Medium,Silver,Manufacturing,APAC,Active,2026-10-13,2027-10-13,1145642,Analytics Suite,2020-12-12,US,30187,www.titanmetric.com,Outbound
001000000000000928,Meridian Works Corp,Enterprise,High,Silver,Logistics,EMEA,Expired,2025-07-02,2026-07-02,539525,Data Sync,2021-11-14,FR,41497,www.meridian.com,Partner
001000000000000929,VanguardLabs Corp,Enterprise,Low,Platinum,Manufacturing,LATAM,Active,2026-05-12,2027-05-12,455088,AI Studio,2020-06-21,SG,31232,www.vanguardlabs.com,Event
001000000000000930,UnionGrid Solutions,Enterprise,Medium,Silver,Healthcare,EMEA,Expired,2025-04-28,2026-04-28,722222,Analytics Suite,2022-10-26,IN,17899,www.uniongrid.com,Inbound
001000000000000931,DeltaLabs Industries,Enterprise,High,Platinum,Manufacturing,APAC,Active,2025-10-13,2026-10-13,979488,Core Platform,2022-12-03,UK,28543,www.deltalabs.com,Event
001000000000000932,BeaconFabric Group,Enterprise,Medium,Gold,Manufacturing,APAC,Active,2025-09-23,2026-09-23,824951,Data Sync,2024-03-12,UK,47489,www.beaconfabric.com,Inbound
001000000000000933,QuantumTech LLC,SMB,Medium,Gold,Manufacturing,LATAM,Expired,2025-06-24,2026-06-24,49266,Analytics Suite,2023-09-10,FR,52277,www.quantumtech.com,Partner
001000000000000934,AtlasCompute Co,SMB,High,Platinum,Telecom,NA-East,Expired,2024-10-29,2025-10-29,29676,Analytics Suite,2024-09-15,DE,55863,www.atlascompute.com,Inbound
001000000000000935,Helios Labs Group,SMB,High,Silver,Media,LATAM,Active,2025-07-24,2026-07-24,52247,Data Sync,2024-08-10,FR,50492,www.helios.com,Inbound
001000000000000936,GraniteLink Technologies,Enterprise,Low,Gold,Biotech,EMEA,Expired,2024-11-29,2025-11-29,659310,Analytics Suite,2021-02-24,IN,59184,www.granitelink.com,Event
001000000000000937,KeystoneMetric Technologies,Enterprise,Medium,Platinum,Retail,LATAM,Active,2026-10-27,2027-10-27,1075605,Edge Connect,2019-06-27,DE,55444,www.keystonemetric.com,Partner
001000000000000938,SilverGrid Co,SMB,High,Silver,Logistics,NA-West,Active,2026-01-24,2027-01-24,8468,Analytics Suite,2022-01-05,FR,25346,www.silvergrid.com,Outbound
001000000000000939,EmeraldWave Technologies,Enterprise,High,Silver,Energy,APAC,Active,2026-06-20,2027-06-20,1152341,Core Platform,2024-06-28,IN,31928,www.emeraldwave.com,Outbound
001000000000000940,SummitTech Holdings,Enterprise,Medium,Bronze,Biotech,NA-West,Active,2025-12-31,2026-12-31,434872,Core Platform,2022-10-18,IN,34133,www.summittech.com,Inbound
001000000000000941,EmeraldMicro Solutions,SMB,High,Bronze,Education,APAC,Active,2025-08-02,2026-08-02,43771,Data Sync,2024-09-28,DE,39726,www.emeraldmicro.com,Event
001000000000000942,SterlingByte Systems,Enterprise,Low,Bronze,Manufacturing,APAC,Expired,2025-04-17,2026-04-17,645468,Data Sync,2020-09-26,FR,4618,www.sterlingbyte.com,Partner
001000000000000943,CedarWorks Partners,Enterprise,Medium,Gold,Education,EMEA,Active,2025-08-31,2026-08-31,132805,AI Studio,2023-06-01,AU,31842,www.cedarworks.com,Outbound
001000000000000944,CascadeWave LLC,Enterprise,Low,Silver,Manufacturing,NA-West,Active,2026-04-20,2027-04-20,680552,Analytics Suite,2024-11-28,JP,7221,www.cascadewave.com,Event
001000000000000945,SummitSignal Corp,Enterprise,Medium,Silver,Biotech,APAC,Expired,2025-04-09,2026-04-09,433526,Core Platform,2025-03-31,UK,44388,www.summitsignal.com,Inbound
001000000000000946,SilverMicro Global,Enterprise,High,Bronze,Public Sector,EMEA,Expired,2024-12-09,2025-12-09,723462,Analytics Suite,2022-11-10,UK,36356,www.silvermicro.com,Event
001000000000000947,ApexWorks Systems,Enterprise,High,Platinum,Energy,APAC,Active,2025-07-16,2026-07-16,560892,Data Sync,2021-02-09,DE,27556,www.apexworks.com,Outbound
001000000000000948,LarkWorks Industries,SMB,High,Silver,Manufacturing,EMEA,Active,2026-06-09,2027-06-09,59564,Data Sync,2024-11-08,AU,40811,www.larkworks.com,Partner
001000000000000949,TitanLink Holdings,Enterprise,High,Silver,Manufacturing,EMEA,Active,2026-08-06,2027-08-06,351381,Analytics Suite,2022-12-07,JP,20656,www.titanlink.com,Outbound
001000000000000950,SilverCore Technologies,Enterprise,High,Silver,Technology,APAC,Expired,2025-05-11,2026-05-11,391927,Analytics Suite,2023-10-18,FR,11685,www.silvercore.com,Partner
001000000000000951,BeaconCore Systems,SMB,High,Platinum,Manufacturing,NA-East,Active,2026-01-03,2027-01-03,63393,Edge Connect,2022-04-14,DE,26844,www.beaconcore.com,Event
001000000000000952,OrchardWave Inc,Enterprise,Low,Gold,Public Sector,NA-East,Active,2026-01-19,2027-01-19,143689,Analytics Suite,2021-06-17,JP,7923,www.orchardwave.com,Inbound
001000000000000953,BeaconLogic Partners,Enterprise,High,Silver,Media,NA-East,Active,2025-12-07,2026-12-07,543766,Analytics Suite,2020-02-29,DE,29559,www.beaconlogic.com,Partner
001000000000000954,AtlasCloud Global,Enterprise,High,Gold,Technology,EMEA,Active,2025-07-28,2026-07-28,726793,Data Sync,2023-05-14,DE,17100,www.atlascloud.com,Outbound
001000000000000955,KeystoneWorks Inc,Enterprise,High,Gold,Logistics,EMEA,Active,2025-12-28,2026-12-28,1155652,Core Platform,2019-09-05,AU,35811,www.keystoneworks.com,Outbound
001000000000000956,CobaltTech Global,SMB,Low,Silver,Retail,NA-West,Active,2025-10-23,2026-10-23,61071,Edge Connect,2023-07-06,JP,40269,www.cobalttech.com,Inbound
001000000000000957,IronAnalytics Industries,Enterprise,Medium,Gold,Retail,LATAM,Active,2026-09-14,2027-09-14,828874,Data Sync,2020-08-11,BR,43777,www.ironanalytics.com,Outbound
001000000000000958,BeaconSphere Industries,SMB,Medium,Silver,Logistics,APAC,Active,2025-12-23,2026-12-23,9026,Core Platform,2023-06-12,BR,46488,www.beaconsphere.com,Inbound
001000000000000959,QuantumStream Co,Enterprise,Low,Bronze,Logistics,NA-West,Active,2025-08-10,2026-08-10,1001898,AI Studio,2023-12-21,DE,26087,www.quantumstream.com,Partner
001000000000000960,RidgeDigital Group,SMB,Low,Silver,Technology,EMEA,Active,2026-09-28,2027-09-28,41295,Core Platform,2019-12-24,UK,36306,www.ridgedigital.com,Inbound
001000000000000961,OrchardVision LLC,SMB,Medium,Platinum,Financial Services,NA-East,Active,2025-10-08,2026-10-08,40197,AI Studio,2024-09-26,JP,35868,www.orchardvision.com,Inbound
001000000000000962,LarkLogic Partners,Enterprise,Medium,Platinum,Manufacturing,NA-West,Active,2025-08-31,2026-08-31,1079519,Data Sync,2021-04-25,JP,27512,www.larklogic.com,Event
001000000000000963,EmeraldSignal Global,SMB,High,Gold,Logistics,NA-East,Active,2026-12-04,2027-12-04,67798,Data Sync,2021-10-15,BR,38930,www.emeraldsignal.com,Outbound
001000000000000964,EmeraldCore Industries,Enterprise,Medium,Silver,Energy,EMEA,Active,2026-03-07,2027-03-07,714327,Edge Connect,2023-07-28,AU,36352,www.emeraldcore.com,Partner
001000000000000965,AtlasPulse Industries,Enterprise,Medium,Silver,Telecom,NA-West,Active,2026-11-29,2027-11-29,195692,Analytics Suite,2023-08-05,AU,47112,www.atlaspulse.com,Inbound
001000000000000966,CedarCloud Holdings,SMB,Medium,Silver,Telecom,EMEA,Active,2025-11-02,2026-11-02,62857,Core Platform,2021-12-28,BR,2613,www.cedarcloud.com,Inbound
001000000000000967,MeridianSystems Inc,SMB,Medium,Gold,Education,EMEA,Active,2025-08-31,2026-08-31,40440,AI Studio,2019-06-19,FR,36744,www.meridiansystems.com,Inbound
001000000000000968,AuroraByte Systems,SMB,Medium,Silver,Retail,NA-West,Active,2025-10-08,2026-10-08,51567,AI Studio,2023-07-02,JP,33029,www.aurorabyte.com,Event
001000000000000969,KeystoneCompute Partners,SMB,High,Silver,Energy,NA-West,Active,2026-01-26,2027-01-26,24171,Analytics Suite,2021-10-01,DE,20199,www.keystonecompute.com,Partner
001000000000000970,CobaltSignal Solutions,Enterprise,High,Silver,Media,NA-West,Active,2026-03-06,2027-03-06,784372,Core Platform,2021-12-18,UK,15667,www.cobaltsignal.com,Outbound
001000000000000971,SableLoop Corp,SMB,Low,Silver,Education,EMEA,Active,2025-07-19,2026-07-19,31082,Analytics Suite,2025-04-09,SG,19836,www.sableloop.com,Outbound
001000000000000972,KeystoneCloud Partners,Enterprise,Medium,Gold,Media,NA-West,Active,2026-11-25,2027-11-25,86124,Core Platform,2019-06-06,FR,19991,www.keystonecloud.com,Inbound
001000000000000973,NorthPulse Partners,Enterprise,Medium,Gold,Retail,NA-West,Active,2025-10-20,2026-10-20,588295,Edge Connect,2023-07-29,DE,4757,www.northpulse.com,Inbound
001000000000000974,QuantumLogic Global,SMB,Low,Bronze,Technology,LATAM,Active,2026-11-03,2027-11-03,14997,Core Platform,2022-12-22,DE,28828,www.quantumlogic.com,Event
001000000000000975,GraniteSystems Inc,SMB,Medium,Bronze,Telecom,NA-East,Active,2026-08-27,2027-08-27,33666,Analytics Suite,2024-12-14,FR,59369,www.granitesystems.com,Event
001000000000000976,IronCore Industries,SMB,Low,Silver,Biotech,NA-East,Active,2026-01-22,2027-01-22,26774,Analytics Suite,2025-05-29,AU,29994,www.ironcore.com,Outbound
001000000000000977,NovaMicro Partners,Enterprise,Medium,Platinum,Energy,APAC,Active,2026-11-09,2027-11-09,631304,Analytics Suite,2021-06-21,DE,54107,www.novamicro.com,Inbound
001000000000000978,OnyxAnalytics Holdings,SMB,Low,Platinum,Public Sector,APAC,Active,2026-02-02,2027-02-02,36147,Analytics Suite,2023-04-20,JP,54746,www.onyxanalytics.com,Inbound
001000000000000979,HarborCloud Technologies,Enterprise,Medium,Platinum,Retail,EMEA,Active,2025-10-27,2026-10-27,307396,AI Studio,2023-12-27,IN,49794,www.harborcloud.com,Inbound
001000000000000980,BlueByte Technologies,SMB,Low,Gold,Media,EMEA,Expired,2025-06-16,2026-06-16,51313,Core Platform,2024-06-19,UK,3592,www.bluebyte.com,Outbound
001000000000000981,SableAnalytics LLC,SMB,High,Platinum,Retail,APAC,Expired,2025-03-06,2026-03-06,8741,Data Sync,2023-04-05,US,22207,www.sableanalytics.com,Outbound
001000000000000982,CascadeAnalytics Group,SMB,Low,Gold,Financial Services,NA-East,Active,2025-09-13,2026-09-13,54364,Analytics Suite,2021-01-07,JP,37258,www.cascadeanalytics.com,Event
001000000000000983,Allied Sphere Global,Enterprise,Medium,Silver,Telecom,LATAM,Active,2026-05-06,2027-05-06,900367,Analytics Suite,2023-03-29,BR,51821,www.allied.com,Event
001000000000000984,VanguardMicro Co,SMB,Medium,Silver,Financial Services,APAC,Active,2026-12-16,2027-12-16,15237,AI Studio,2021-04-07,AU,12201,www.vanguardmicro.com,Inbound
001000000000000985,BeaconAnalytics Systems,Enterprise,High,Silver,Retail,LATAM,Active,2026-09-15,2027-09-15,703821,Core Platform,2023-11-04,FR,19367,www.beaconanalytics.com,Partner
001000000000000986,SummitWave Partners,Enterprise,Low,Silver,Biotech,LATAM,Active,2026-03-11,2027-03-11,858527,Analytics Suite,2025-04-01,UK,55545,www.summitwave.com,Partner
001000000000000987,OnyxByte Partners,Enterprise,Low,Silver,Telecom,NA-East,Active,2025-07-25,2026-07-25,810705,AI Studio,2023-03-08,IN,853,www.onyxbyte.com,Event
001000000000000988,LarkLogic Inc,Enterprise,Medium,Silver,Biotech,LATAM,Expired,2025-05-12,2026-05-12,760315,AI Studio,2022-06-12,AU,26553,www.larklogic.com,Event
001000000000000989,PioneerMetric Group,SMB,High,Silver,Retail,LATAM,Active,2025-08-17,2026-08-17,26583,Core Platform,2022-10-06,SG,47448,www.pioneermetric.com,Outbound
001000000000000990,BrightCloud Holdings,SMB,Medium,Gold,Energy,EMEA,Active,2026-01-12,2027-01-12,41459,Edge Connect,2021-01-18,JP,43862,www.brightcloud.com,Outbound
001000000000000991,NorthLink Systems,Enterprise,High,Bronze,Public Sector,LATAM,Active,2026-03-12,2027-03-12,1133632,AI Studio,2020-05-19,UK,7862,www.northlink.com,Inbound
001000000000000992,SilverNexus Holdings,Enterprise,High,Bronze,Financial Services,LATAM,Expired,2024-10-30,2025-10-30,307442,Core Platform,2020-11-16,SG,27577,www.silvernexus.com,Outbound
001000000000000993,Allied Labs Systems,SMB,Medium,Platinum,Technology,NA-West,Active,2026-04-22,2027-04-22,37218,Data Sync,2023-10-17,FR,42005,www.allied.com,Partner
001000000000000994,SterlingNetworks Technologies,Enterprise,Medium,Bronze,Education,LATAM,Active,2026-03-11,2027-03-11,398557,Data Sync,2021-06-22,SG,17328,www.sterlingnetworks.com,Inbound
001000000000000995,UnionSignal Partners,SMB,High,Silver,Public Sector,LATAM,Active,2026-09-11,2027-09-11,68609,Edge Connect,2020-03-08,UK,55578,www.unionsignal.com,Event
001000000000000996,NovaFabric LLC,SMB,Low,Bronze,Education,NA-West,Expired,2025-04-19,2026-04-19,20422,AI Studio,2022-12-26,IN,30798,www.novafabric.com,Partner
001000000000000997,VanguardSignal Global,Enterprise,High,Silver,Education,NA-West,Active,2025-12-19,2026-12-19,551946,Analytics Suite,2024-10-13,AU,2474,www.vanguardsignal.com,Partner
001000000000000998,NovaCompute Holdings,Enterprise,High,Platinum,Healthcare,NA-East,Active,2025-07-31,2026-07-31,910619,AI Studio,2023-06-15,US,54898,www.novacompute.com,Event
001000000000000999,Standard Metric Solutions,Enterprise,High,Gold,Biotech,NA-East,Active,2026-04-18,2027-04-18,842118,Analytics Suite,2024-06-06,US,5496,www.standard.com,Inbound
001000000000001000,CrownStream Systems,SMB,Medium,Silver,Healthcare,NA-West,Active,2025-12-02,2026-12-02,65387,Edge Connect,2025-06-11,DE,10053,www.crownstream.com,Outbound
001000000000001001,GraniteCloud Industries,Enterprise,Medium,Silver,Education,NA-East,Active,2026-10-30,2027-10-30,961422,Edge Connect,2024-04-08,JP,26402,www.granitecloud.com,Inbound
001000000000001002,LarkStream Systems,Enterprise,Low,Platinum,Retail,NA-West,Active,2026-11-20,2027-11-20,657169,Analytics Suite,2022-12-25,SG,44652,www.larkstream.com,Partner
001000000000001003,BeaconVector Co,SMB,Medium,Platinum,Public Sector,APAC,Active,2025-08-22,2026-08-22,8023,Edge Connect,2024-03-16,UK,29536,www.beaconvector.com,Partner
001000000000001004,Pan-Atlantic Pulse Systems,SMB,High,Gold,Logistics,LATAM,Expired,2024-11-04,2025-11-04,24289,Analytics Suite,2023-12-06,DE,26795,www.pan-atlantic.com,Partner
001000000000001005,BrightAnalytics Holdings,Enterprise,Medium,Platinum,Manufacturing,APAC,Active,2026-07-06,2027-07-06,637252,Data Sync,2023-12-23,UK,57188,www.brightanalytics.com,Inbound
001000000000001006,VertexTech Holdings,SMB,High,Silver,Healthcare,LATAM,Active,2025-09-25,2026-09-25,16551,AI Studio,2022-05-07,BR,49709,www.vertextech.com,Inbound
001000000000001007,BeaconVector Corp,Enterprise,Medium,Silver,Financial Services,NA-East,Active,2025-10-01,2026-10-01,882993,AI Studio,2023-11-22,AU,52843,www.beaconvector.com,Event
001000000000001008,PacificSignal Group,Enterprise,Low,Gold,Telecom,EMEA,Expired,2025-05-23,2026-05-23,1048530,Analytics Suite,2022-04-18,DE,50310,www.pacificsignal.com,Outbound
001000000000001009,BrightTech Systems,SMB,Low,Bronze,Energy,EMEA,Active,2025-11-07,2026-11-07,67430,AI Studio,2021-09-06,FR,9488,www.brighttech.com,Event
001000000000001010,CopperGrid Group,Enterprise,Medium,Silver,Manufacturing,LATAM,Expired,2024-10-01,2025-10-01,713207,Analytics Suite,2020-01-31,JP,59434,www.coppergrid.com,Inbound
001000000000001011,GraniteData Holdings,SMB,High,Silver,Public Sector,APAC,Active,2026-08-27,2027-08-27,69813,Data Sync,2019-06-28,BR,31630,www.granitedata.com,Outbound
001000000000001012,GraniteSphere Global,Enterprise,High,Silver,Manufacturing,APAC,Active,2026-11-05,2027-11-05,1136421,Core Platform,2022-11-03,IN,333,www.granitesphere.com,Outbound
001000000000001013,CobaltLogic LLC,SMB,High,Silver,Biotech,NA-East,Active,2026-08-27,2027-08-27,50101,AI Studio,2023-03-18,JP,5875,www.cobaltlogic.com,Partner
001000000000001014,UnionSoft Inc,Enterprise,Medium,Gold,Biotech,NA-East,Active,2026-11-01,2027-11-01,1013230,Data Sync,2019-11-07,US,31958,www.unionsoft.com,Inbound
001000000000001015,Allied Digital Partners,Enterprise,High,Gold,Telecom,NA-East,Active,2025-08-12,2026-08-12,161585,Data Sync,2023-05-25,SG,7053,www.allied.com,Event
001000000000001016,VertexVision Partners,SMB,Medium,Silver,Healthcare,NA-West,Active,2026-09-03,2027-09-03,48069,AI Studio,2025-01-10,JP,9785,www.vertexvision.com,Inbound
001000000000001017,DeltaLoop Co,Enterprise,High,Silver,Healthcare,APAC,Active,2026-06-29,2027-06-29,673567,Analytics Suite,2020-05-14,UK,6459,www.deltaloop.com,Partner
001000000000001018,SilverNexus Technologies,SMB,Medium,Gold,Energy,APAC,Active,2025-08-22,2026-08-22,5759,Core Platform,2022-03-12,SG,31879,www.silvernexus.com,Outbound
001000000000001019,SummitStream Group,SMB,High,Silver,Retail,NA-West,Active,2026-06-30,2027-06-30,16511,Analytics Suite,2025-05-12,IN,41630,www.summitstream.com,Outbound
001000000000001020,CopperCompute Industries,Enterprise,Medium,Silver,Education,NA-East,Active,2025-09-20,2026-09-20,1003806,Core Platform,2023-01-18,BR,54115,www.coppercompute.com,Inbound
001000000000001021,EmeraldSoft Group,SMB,Medium,Bronze,Media,NA-West,Active,2026-06-14,2027-06-14,36995,Data Sync,2024-05-20,BR,21075,www.emeraldsoft.com,Outbound
001000000000001022,SableSystems Industries,Enterprise,Medium,Bronze,Financial Services,LATAM,Active,2025-09-17,2026-09-17,275873,Edge Connect,2022-06-04,SG,46484,www.sablesystems.com,Partner
001000000000001023,RidgeSphere Industries,Enterprise,Medium,Bronze,Logistics,EMEA,Active,2026-02-28,2027-02-28,1099367,Edge Connect,2019-06-07,AU,59374,www.ridgesphere.com,Outbound
001000000000001024,CedarCloud Industries,SMB,Low,Bronze,Retail,EMEA,Active,2025-08-09,2026-08-09,30814,AI Studio,2023-08-11,DE,34095,www.cedarcloud.com,Outbound
001000000000001025,UnionFabric Group,Enterprise,Medium,Platinum,Energy,LATAM,Active,2026-06-29,2027-06-29,872727,AI Studio,2020-03-08,AU,18787,www.unionfabric.com,Partner
001000000000001026,SableFabric Industries,Enterprise,Low,Silver,Financial Services,APAC,Active,2026-08-11,2027-08-11,378394,Data Sync,2021-10-09,US,7684,www.sablefabric.com,Event
001000000000001027,Standard Wave Group,Enterprise,High,Silver,Telecom,LATAM,Active,2026-03-06,2027-03-06,706879,AI Studio,2022-04-30,FR,19074,www.standard.com,Outbound
001000000000001028,Consolidated Logic LLC,SMB,Medium,Gold,Manufacturing,EMEA,Expired,2025-05-18,2026-05-18,54115,Edge Connect,2024-07-31,UK,42450,www.consolidated.com,Event
001000000000001029,UnionSphere Partners,Enterprise,Low,Gold,Financial Services,APAC,Active,2025-09-12,2026-09-12,668826,Data Sync,2023-02-04,DE,26249,www.unionsphere.com,Outbound
001000000000001030,OnyxWorks Holdings,SMB,Low,Bronze,Public Sector,NA-West,Active,2025-10-03,2026-10-03,52100,Edge Connect,2021-08-27,JP,14971,www.onyxworks.com,Inbound
001000000000001031,MeridianSoft Corp,Enterprise,Low,Gold,Telecom,EMEA,Expired,2024-12-21,2025-12-21,589284,AI Studio,2021-01-11,FR,12095,www.meridiansoft.com,Event
001000000000001032,Consolidated Tech Solutions,SMB,Low,Bronze,Public Sector,EMEA,Active,2026-07-02,2027-07-02,35567,AI Studio,2019-06-13,SG,27264,www.consolidated.com,Event
001000000000001033,PioneerLogic Holdings,Enterprise,Low,Platinum,Telecom,NA-West,Active,2025-08-08,2026-08-08,997488,Data Sync,2023-10-21,UK,36425,www.pioneerlogic.com,Partner
001000000000001034,Meridian Networks Industries,Enterprise,Low,Silver,Healthcare,NA-West,Active,2026-09-10,2027-09-10,1061880,Data Sync,2023-12-02,JP,39890,www.meridian.com,Outbound
001000000000001035,OnyxMicro Systems,SMB,Low,Bronze,Media,LATAM,Active,2026-10-26,2027-10-26,67610,AI Studio,2020-07-22,UK,29274,www.onyxmicro.com,Partner
001000000000001036,SterlingLogic Inc,Enterprise,High,Silver,Logistics,LATAM,Active,2026-02-16,2027-02-16,492267,Core Platform,2022-10-12,UK,36726,www.sterlinglogic.com,Outbound
001000000000001037,MapleGrid Solutions,Enterprise,Medium,Gold,Logistics,NA-East,Active,2026-05-11,2027-05-11,1110521,Analytics Suite,2023-05-14,FR,17530,www.maplegrid.com,Partner
001000000000001038,QuantumLink Partners,SMB,Medium,Platinum,Financial Services,EMEA,Active,2025-11-22,2026-11-22,20006,AI Studio,2023-05-24,SG,53742,www.quantumlink.com,Partner
001000000000001039,OnyxSystems Systems,SMB,High,Bronze,Financial Services,NA-West,Active,2025-08-20,2026-08-20,22597,Core Platform,2025-01-26,US,45705,www.onyxsystems.com,Outbound
001000000000001040,DeltaLink Systems,SMB,High,Gold,Manufacturing,NA-East,Expired,2024-11-09,2025-11-09,59742,Analytics Suite,2025-04-01,DE,19976,www.deltalink.com,Partner
001000000000001041,CopperSignal Solutions,SMB,Medium,Silver,Logistics,NA-East,Expired,2024-09-20,2025-09-20,30361,AI Studio,2024-04-10,BR,11610,www.coppersignal.com,Inbound
001000000000001042,UnionDigital Holdings,Enterprise,High,Bronze,Logistics,APAC,Active,2026-06-01,2027-06-01,357420,Data Sync,2022-05-18,JP,20872,www.uniondigital.com,Event
001000000000001043,OrchardWave Holdings,Enterprise,High,Gold,Energy,NA-West,Active,2025-10-07,2026-10-07,600303,Data Sync,2023-09-09,SG,28291,www.orchardwave.com,Inbound
001000000000001044,KeystoneDynamics Partners,Enterprise,High,Platinum,Technology,NA-East,Active,2025-09-10,2026-09-10,975956,Analytics Suite,2024-06-02,UK,59885,www.keystonedynamics.com,Inbound
001000000000001045,SilverVector Corp,Enterprise,Medium,Bronze,Logistics,NA-East,Active,2026-08-03,2027-08-03,938482,Edge Connect,2021-09-01,AU,4106,www.silvervector.com,Inbound
001000000000001046,GraniteDynamics Systems,SMB,High,Silver,Healthcare,LATAM,Active,2026-10-25,2027-10-25,11259,Data Sync,2023-08-18,BR,59897,www.granitedynamics.com,Inbound
001000000000001047,RidgeCompute Inc,SMB,High,Gold,Retail,NA-West,Active,2025-09-25,2026-09-25,59672,Edge Connect,2025-02-19,UK,12586,www.ridgecompute.com,Inbound
001000000000001048,Helios Soft Inc,SMB,Medium,Silver,Public Sector,EMEA,Active,2025-10-10,2026-10-10,18075,Data Sync,2022-08-23,FR,50059,www.helios.com,Inbound
001000000000001049,MapleLoop Solutions,Enterprise,Medium,Bronze,Education,EMEA,Active,2025-08-19,2026-08-19,545602,Analytics Suite,2020-03-28,FR,59118,www.mapleloop.com,Event
001000000000001050,SummitLink Global,SMB,High,Gold,Biotech,APAC,Expired,2025-01-11,2026-01-11,52100,AI Studio,2022-06-29,IN,4324,www.summitlink.com,Outbound
001000000000001051,RidgeFabric Technologies,Enterprise,High,Silver,Telecom,NA-East,Active,2025-10-15,2026-10-15,179751,Edge Connect,2021-11-01,IN,16840,www.ridgefabric.com,Outbound
001000000000001052,SterlingCore Systems,Enterprise,Medium,Bronze,Technology,APAC,Active,2026-10-01,2027-10-01,245340,AI Studio,2023-06-02,FR,19477,www.sterlingcore.com,Event
001000000000001053,HarborVector Technologies,Enterprise,Low,Gold,Telecom,EMEA,Active,2026-11-21,2027-11-21,707714,Analytics Suite,2024-06-03,IN,51280,www.harborvector.com,Outbound
001000000000001054,SterlingData Holdings,SMB,Low,Bronze,Telecom,NA-West,Active,2026-01-18,2027-01-18,62601,Edge Connect,2024-10-21,SG,7875,www.sterlingdata.com,Event
001000000000001055,SterlingLink Systems,SMB,Low,Gold,Retail,EMEA,Active,2026-08-25,2027-08-25,63560,Data Sync,2023-04-07,IN,49733,www.sterlinglink.com,Outbound
001000000000001056,AuroraSignal Solutions,Enterprise,Medium,Gold,Public Sector,NA-East,Active,2026-10-09,2027-10-09,645902,Edge Connect,2024-08-11,US,47882,www.aurorasignal.com,Partner
001000000000001057,SilverCore Industries,Enterprise,High,Platinum,Education,NA-West,Active,2025-07-20,2026-07-20,894875,Edge Connect,2020-05-21,SG,11132,www.silvercore.com,Inbound
001000000000001058,BlueSphere Technologies,Enterprise,High,Gold,Education,NA-West,Expired,2024-11-10,2025-11-10,843611,Data Sync,2024-02-28,SG,32455,www.bluesphere.com,Event
001000000000001059,MapleCore LLC,SMB,Low,Bronze,Healthcare,APAC,Active,2025-08-24,2026-08-24,54368,Edge Connect,2024-06-26,DE,13307,www.maplecore.com,Inbound
001000000000001060,LarkSignal LLC,Enterprise,Medium,Gold,Logistics,EMEA,Expired,2025-01-29,2026-01-29,985051,Core Platform,2023-12-25,FR,16560,www.larksignal.com,Inbound
001000000000001061,NovaSystems Co,SMB,Medium,Gold,Retail,LATAM,Active,2025-07-17,2026-07-17,51531,AI Studio,2025-01-04,US,27796,www.novasystems.com,Event
001000000000001062,BrightStream LLC,Enterprise,Low,Gold,Healthcare,LATAM,Active,2026-01-30,2027-01-30,1058283,Data Sync,2025-01-10,AU,54970,www.brightstream.com,Partner
001000000000001063,DeltaNetworks Global,Enterprise,Medium,Silver,Logistics,EMEA,Active,2025-07-22,2026-07-22,1114390,Analytics Suite,2024-03-18,IN,52438,www.deltanetworks.com,Partner
001000000000001064,RidgeStream LLC,SMB,Low,Bronze,Education,NA-West,Active,2025-10-01,2026-10-01,30438,Edge Connect,2019-07-02,JP,53219,www.ridgestream.com,Partner
001000000000001065,AtlasDynamics Global,Enterprise,Low,Silver,Education,NA-West,Active,2025-07-28,2026-07-28,591241,AI Studio,2020-07-15,FR,48295,www.atlasdynamics.com,Inbound
001000000000001066,CobaltCompute Partners,Enterprise,High,Silver,Retail,NA-West,Active,2026-08-30,2027-08-30,951192,Data Sync,2023-11-21,US,23002,www.cobaltcompute.com,Outbound
001000000000001067,PioneerLabs Technologies,Enterprise,High,Silver,Retail,LATAM,Active,2025-11-06,2026-11-06,1044689,Core Platform,2021-10-07,IN,36672,www.pioneerlabs.com,Outbound
001000000000001068,BlueForge Corp,Enterprise,Low,Silver,Financial Services,NA-East,Active,2026-01-31,2027-01-31,1008962,AI Studio,2023-01-22,FR,29026,www.blueforge.com,Event
001000000000001069,CopperTech Industries,SMB,Low,Silver,Healthcare,APAC,Expired,2025-01-07,2026-01-07,44058,Data Sync,2020-12-20,BR,52206,www.coppertech.com,Inbound
001000000000001070,CopperLink Technologies,SMB,Medium,Gold,Financial Services,LATAM,Active,2026-09-05,2027-09-05,66584,Analytics Suite,2023-02-16,DE,36128,www.copperlink.com,Inbound
001000000000001071,EmeraldVision Global,SMB,Medium,Silver,Telecom,EMEA,Active,2026-11-12,2027-11-12,57781,Edge Connect,2023-05-23,US,40801,www.emeraldvision.com,Inbound
001000000000001072,EmeraldSystems Partners,Enterprise,High,Silver,Retail,EMEA,Active,2026-06-19,2027-06-19,318608,Core Platform,2020-08-29,AU,40202,www.emeraldsystems.com,Partner
001000000000001073,IronCompute Co,SMB,Medium,Silver,Public Sector,LATAM,Active,2026-10-12,2027-10-12,59177,Analytics Suite,2023-03-19,UK,57940,www.ironcompute.com,Partner
001000000000001074,VanguardFabric Group,Enterprise,Medium,Gold,Manufacturing,APAC,Active,2026-03-14,2027-03-14,764602,Core Platform,2019-12-27,JP,31636,www.vanguardfabric.com,Event
001000000000001075,HarborStream Co,Enterprise,High,Gold,Public Sector,NA-West,Active,2025-10-03,2026-10-03,712085,Core Platform,2019-08-13,DE,38899,www.harborstream.com,Partner
001000000000001076,AuroraSystems Inc,SMB,High,Silver,Public Sector,APAC,Active,2026-09-14,2027-09-14,18701,AI Studio,2022-05-29,AU,533,www.aurorasystems.com,Event
001000000000001077,BeaconFabric Partners,SMB,High,Platinum,Healthcare,LATAM,Active,2026-11-11,2027-11-11,28851,Edge Connect,2020-11-10,BR,5186,www.beaconfabric.com,Event
001000000000001078,OnyxData Solutions,Enterprise,High,Platinum,Biotech,LATAM,Active,2026-12-11,2027-12-11,453111,Analytics Suite,2021-11-28,JP,3704,www.onyxdata.com,Event
001000000000001079,SilverStream Industries,SMB,High,Silver,Telecom,NA-East,Active,2026-09-12,2027-09-12,5147,AI Studio,2025-01-08,US,33788,www.silverstream.com,Outbound
001000000000001080,NovaData Holdings,SMB,Medium,Silver,Retail,LATAM,Active,2026-01-15,2027-01-15,17643,AI Studio,2023-03-13,SG,21605,www.novadata.com,Event
001000000000001081,OrchardSphere Co,SMB,Low,Gold,Education,NA-East,Active,2025-08-22,2026-08-22,8207,Edge Connect,2019-09-11,JP,55899,www.orchardsphere.com,Inbound
001000000000001082,BrightForge Solutions,Enterprise,Low,Gold,Media,APAC,Active,2026-09-24,2027-09-24,881273,Analytics Suite,2021-06-27,AU,44440,www.brightforge.com,Inbound
001000000000001083,CedarVision Group,SMB,Medium,Platinum,Biotech,LATAM,Active,2026-09-26,2027-09-26,46967,Core Platform,2022-04-29,US,37012,www.cedarvision.com,Inbound
001000000000001084,EmeraldLink LLC,Enterprise,Low,Silver,Financial Services,LATAM,Active,2025-07-23,2026-07-23,250842,Core Platform,2021-12-31,JP,43879,www.emeraldlink.com,Inbound
001000000000001085,CascadeNetworks Group,SMB,Low,Silver,Logistics,LATAM,Expired,2025-05-30,2026-05-30,54686,Data Sync,2022-03-27,BR,16572,www.cascadenetworks.com,Inbound
001000000000001086,NovaDigital Inc,Enterprise,Low,Bronze,Media,LATAM,Active,2026-07-07,2027-07-07,344445,Edge Connect,2023-01-04,UK,18409,www.novadigital.com,Outbound
001000000000001087,TitanDigital Industries,SMB,Medium,Gold,Logistics,EMEA,Active,2026-02-03,2027-02-03,5340,Edge Connect,2023-02-09,US,36841,www.titandigital.com,Event
001000000000001088,SterlingForge Holdings,SMB,Low,Platinum,Technology,LATAM,Active,2025-11-28,2026-11-28,68861,Data Sync,2025-04-01,DE,48387,www.sterlingforge.com,Outbound
001000000000001089,PacificSphere Solutions,Enterprise,Medium,Gold,Manufacturing,APAC,Expired,2024-10-22,2025-10-22,873812,Data Sync,2022-06-04,DE,19067,www.pacificsphere.com,Inbound
001000000000001090,KeystoneMetric Holdings,Enterprise,High,Silver,Telecom,EMEA,Active,2025-07-25,2026-07-25,401064,Analytics Suite,2020-05-04,US,35908,www.keystonemetric.com,Outbound
001000000000001091,SummitMetric Systems,SMB,Medium,Bronze,Biotech,NA-East,Active,2025-11-03,2026-11-03,43962,Core Platform,2021-01-07,BR,7827,www.summitmetric.com,Partner
001000000000001092,SilverSphere Systems,Enterprise,High,Gold,Financial Services,LATAM,Active,2025-07-16,2026-07-16,658038,Analytics Suite,2021-03-07,JP,15488,www.silversphere.com,Outbound
001000000000001093,Consolidated Micro Technologies,Enterprise,Medium,Silver,Media,NA-West,Active,2026-02-08,2027-02-08,640945,Analytics Suite,2022-01-18,DE,58007,www.consolidated.com,Partner
001000000000001094,PioneerData Co,Enterprise,Low,Gold,Healthcare,NA-East,Active,2026-02-10,2027-02-10,1072125,Analytics Suite,2019-10-25,DE,29545,www.pioneerdata.com,Outbound
001000000000001095,MeridianMetric Partners,Enterprise,High,Silver,Biotech,APAC,Active,2025-08-31,2026-08-31,206579,Core Platform,2020-01-15,JP,41973,www.meridianmetric.com,Inbound
001000000000001096,OrchardCloud Co,SMB,High,Gold,Healthcare,EMEA,Active,2025-10-04,2026-10-04,59306,Data Sync,2023-10-16,AU,3905,www.orchardcloud.com,Partner
001000000000001097,QuantumData Corp,SMB,Medium,Silver,Logistics,NA-West,Expired,2025-01-05,2026-01-05,16412,Edge Connect,2020-07-05,JP,35512,www.quantumdata.com,Outbound
001000000000001098,AtlasLabs Solutions,Enterprise,High,Platinum,Logistics,NA-West,Active,2026-02-17,2027-02-17,205434,Core Platform,2021-12-20,BR,25316,www.atlaslabs.com,Event
001000000000001099,OnyxLabs Holdings,Enterprise,Low,Silver,Retail,APAC,Active,2025-10-02,2026-10-02,525716,Core Platform,2019-09-21,IN,27215,www.onyxlabs.com,Inbound
001000000000001100,CobaltStream Industries,SMB,Medium,Gold,Telecom,EMEA,Active,2025-10-01,2026-10-01,39645,Core Platform,2023-11-12,DE,12969,www.cobaltstream.com,Partner
001000000000001101,MeridianVision Inc,Enterprise,High,Bronze,Energy,NA-West,Active,2025-11-23,2026-11-23,1144874,Analytics Suite,2022-08-16,FR,44655,www.meridianvision.com,Inbound
001000000000001102,CopperCore Corp,SMB,High,Gold,Financial Services,NA-West,Active,2026-03-28,2027-03-28,37827,AI Studio,2022-03-27,FR,30682,www.coppercore.com,Inbound
001000000000001103,VertexSystems Global,Enterprise,Low,Gold,Logistics,EMEA,Active,2026-08-20,2027-08-20,1000298,Core Platform,2022-12-04,SG,41792,www.vertexsystems.com,Inbound
001000000000001104,BlueGrid Holdings,Enterprise,High,Silver,Biotech,EMEA,Active,2025-08-02,2026-08-02,138935,AI Studio,2022-10-15,JP,512,www.bluegrid.com,Event
001000000000001105,SableMicro Inc,Enterprise,Low,Bronze,Financial Services,NA-West,Active,2025-09-07,2026-09-07,135990,Data Sync,2024-04-21,US,54647,www.sablemicro.com,Outbound
001000000000001106,BlueGrid Industries,Enterprise,High,Platinum,Healthcare,LATAM,Active,2026-10-07,2027-10-07,562951,Core Platform,2019-08-04,IN,41986,www.bluegrid.com,Outbound
001000000000001107,SterlingDigital Technologies,SMB,High,Silver,Technology,APAC,Expired,2025-06-02,2026-06-02,28548,Data Sync,2023-05-06,DE,47805,www.sterlingdigital.com,Outbound
001000000000001108,KeystoneMicro Global,SMB,High,Bronze,Retail,LATAM,Active,2025-09-11,2026-09-11,55442,Edge Connect,2019-09-01,UK,16803,www.keystonemicro.com,Event
001000000000001109,MeridianSignal Industries,Enterprise,High,Gold,Biotech,LATAM,Active,2026-11-08,2027-11-08,1115999,Analytics Suite,2020-06-07,DE,25776,www.meridiansignal.com,Inbound
001000000000001110,OnyxSoft LLC,SMB,High,Gold,Logistics,NA-West,Active,2026-01-01,2027-01-01,29098,Edge Connect,2023-07-24,IN,9919,www.onyxsoft.com,Event
001000000000001111,OnyxLogic Holdings,Enterprise,Medium,Silver,Education,APAC,Active,2026-07-02,2027-07-02,766058,Analytics Suite,2023-02-21,DE,3944,www.onyxlogic.com,Event
001000000000001112,NorthSystems Co,SMB,High,Gold,Retail,LATAM,Active,2026-06-30,2027-06-30,37899,Analytics Suite,2021-12-18,US,44755,www.northsystems.com,Partner
001000000000001113,CascadeWorks Holdings,Enterprise,Medium,Gold,Manufacturing,NA-East,Active,2025-07-26,2026-07-26,730723,Data Sync,2025-03-17,AU,23868,www.cascadeworks.com,Inbound
001000000000001114,VanguardCompute Holdings,SMB,Low,Silver,Manufacturing,NA-West,Active,2025-09-18,2026-09-18,15078,Edge Connect,2020-02-10,US,36738,www.vanguardcompute.com,Outbound
001000000000001115,MeridianCompute Global,Enterprise,Medium,Bronze,Healthcare,EMEA,Active,2026-03-02,2027-03-02,295033,Analytics Suite,2023-06-01,IN,34871,www.meridiancompute.com,Outbound
001000000000001116,VertexAnalytics Technologies,Enterprise,Low,Gold,Public Sector,APAC,Active,2025-09-22,2026-09-22,840923,Analytics Suite,2021-01-27,US,42727,www.vertexanalytics.com,Event
001000000000001117,MeridianDigital Partners,Enterprise,Medium,Silver,Biotech,APAC,Active,2025-12-31,2026-12-31,521741,Edge Connect,2021-02-15,IN,18978,www.meridiandigital.com,Event
001000000000001118,EmeraldGrid Co,SMB,Medium,Bronze,Retail,LATAM,Active,2026-12-10,2027-12-10,51376,Core Platform,2021-09-18,UK,43634,www.emeraldgrid.com,Outbound
001000000000001119,NovaSystems Holdings,Enterprise,Medium,Gold,Healthcare,EMEA,Active,2025-08-26,2026-08-26,89722,Data Sync,2022-02-21,BR,956,www.novasystems.com,Outbound
001000000000001120,HarborFabric LLC,SMB,Low,Silver,Education,LATAM,Active,2025-09-04,2026-09-04,43060,Analytics Suite,2021-07-26,DE,37456,www.harborfabric.com,Inbound
001000000000001121,HarborSignal Partners,Enterprise,High,Gold,Retail,NA-West,Active,2025-12-01,2026-12-01,1152076,Analytics Suite,2020-12-09,IN,24649,www.harborsignal.com,Inbound
001000000000001122,MeridianGrid Co,Enterprise,High,Gold,Technology,NA-West,Active,2026-10-14,2027-10-14,595456,Analytics Suite,2023-03-18,AU,16426,www.meridiangrid.com,Event
001000000000001123,RidgeAnalytics Technologies,SMB,Low,Silver,Healthcare,LATAM,Active,2025-09-19,2026-09-19,17454,Data Sync,2024-07-23,DE,52976,www.ridgeanalytics.com,Partner
001000000000001124,GraniteDigital LLC,Enterprise,Low,Silver,Energy,EMEA,Active,2025-07-31,2026-07-31,845043,AI Studio,2021-12-09,JP,36519,www.granitedigital.com,Partner
001000000000001125,EmeraldGrid Corp,SMB,High,Silver,Energy,LATAM,Active,2026-07-07,2027-07-07,45097,Core Platform,2019-07-22,JP,45837,www.emeraldgrid.com,Outbound
001000000000001126,SummitStream Co,SMB,Low,Silver,Manufacturing,NA-East,Expired,2024-12-20,2025-12-20,47365,Edge Connect,2023-08-30,JP,33368,www.summitstream.com,Event
001000000000001127,BeaconCloud Partners,SMB,High,Bronze,Energy,LATAM,Active,2026-08-29,2027-08-29,36884,Core Platform,2022-07-01,FR,3883,www.beaconcloud.com,Outbound
001000000000001128,SilverWorks Holdings,Enterprise,Medium,Silver,Telecom,APAC,Active,2026-08-07,2027-08-07,947370,Analytics Suite,2020-06-19,UK,41389,www.silverworks.com,Partner
001000000000001129,CedarTech Technologies,Enterprise,High,Gold,Logistics,EMEA,Active,2025-12-12,2026-12-12,1147575,AI Studio,2021-06-15,US,8770,www.cedartech.com,Inbound
001000000000001130,Pan-Atlantic Vision Holdings,SMB,Low,Bronze,Media,NA-East,Active,2026-05-14,2027-05-14,41203,Core Platform,2022-08-26,BR,33743,www.pan-atlantic.com,Partner
001000000000001131,PioneerLabs Industries,Enterprise,Low,Silver,Financial Services,NA-East,Active,2026-05-30,2027-05-30,342892,AI Studio,2020-07-08,FR,22725,www.pioneerlabs.com,Partner
001000000000001132,NovaNetworks Holdings,Enterprise,High,Silver,Media,LATAM,Expired,2025-01-13,2026-01-13,962172,AI Studio,2023-03-27,IN,36024,www.novanetworks.com,Partner
001000000000001133,MapleForge Partners,Enterprise,Low,Silver,Financial Services,NA-East,Active,2026-03-17,2027-03-17,663781,Edge Connect,2019-11-21,UK,52922,www.mapleforge.com,Event
001000000000001134,RidgeLink Corp,Enterprise,Low,Bronze,Technology,APAC,Active,2025-08-09,2026-08-09,817350,AI Studio,2024-04-19,UK,39313,www.ridgelink.com,Event
001000000000001135,OnyxLogic Industries,SMB,Low,Gold,Manufacturing,NA-East,Expired,2025-06-13,2026-06-13,54203,Edge Connect,2021-08-14,SG,35219,www.onyxlogic.com,Outbound
001000000000001136,NovaNexus Inc,SMB,Low,Gold,Logistics,NA-West,Expired,2025-06-23,2026-06-23,53286,Analytics Suite,2022-01-17,IN,42960,www.novanexus.com,Partner
001000000000001137,UnionWave Solutions,SMB,Low,Gold,Manufacturing,NA-West,Active,2025-09-20,2026-09-20,18149,AI Studio,2021-12-09,JP,51137,www.unionwave.com,Partner
001000000000001138,QuantumTech Holdings,SMB,Medium,Silver,Media,NA-West,Active,2026-12-15,2027-12-15,36780,AI Studio,2022-11-17,US,16334,www.quantumtech.com,Outbound
001000000000001139,KeystoneGrid LLC,SMB,Medium,Platinum,Education,EMEA,Active,2026-05-31,2027-05-31,11796,AI Studio,2024-01-16,US,33121,www.keystonegrid.com,Inbound
001000000000001140,CrownMicro Solutions,Enterprise,Medium,Gold,Energy,APAC,Active,2025-08-06,2026-08-06,967540,Core Platform,2022-06-15,BR,49910,www.crownmicro.com,Inbound
001000000000001141,EmeraldNetworks Co,Enterprise,High,Silver,Manufacturing,EMEA,Active,2025-08-06,2026-08-06,993162,Edge Connect,2022-01-18,JP,43112,www.emeraldnetworks.com,Event
001000000000001142,AtlasDynamics LLC,Enterprise,Low,Silver,Financial Services,LATAM,Active,2025-07-22,2026-07-22,548032,Data Sync,2025-01-15,BR,24244,www.atlasdynamics.com,Inbound
001000000000001143,DeltaTech Co,Enterprise,High,Gold,Education,NA-West,Active,2025-09-17,2026-09-17,713443,Edge Connect,2022-12-23,IN,14667,www.deltatech.com,Outbound
001000000000001144,BrightMetric Corp,Enterprise,High,Platinum,Manufacturing,NA-West,Active,2026-09-23,2027-09-23,133953,Edge Connect,2024-11-22,BR,49371,www.brightmetric.com,Partner
001000000000001145,DeltaAnalytics Group,Enterprise,Medium,Silver,Healthcare,APAC,Active,2025-08-12,2026-08-12,152917,Analytics Suite,2025-05-25,JP,6421,www.deltaanalytics.com,Outbound
001000000000001146,NovaVector Solutions,Enterprise,Medium,Gold,Healthcare,LATAM,Active,2026-11-27,2027-11-27,345447,Edge Connect,2022-09-22,UK,35708,www.novavector.com,Event
001000000000001147,SummitForge Technologies,SMB,Medium,Silver,Public Sector,NA-West,Active,2025-11-21,2026-11-21,28481,Data Sync,2022-11-05,AU,6241,www.summitforge.com,Inbound
001000000000001148,NovaForge Holdings,Enterprise,High,Bronze,Education,EMEA,Active,2026-05-28,2027-05-28,708192,Analytics Suite,2020-01-05,FR,42881,www.novaforge.com,Event
001000000000001149,IronGrid Inc,SMB,High,Gold,Telecom,EMEA,Expired,2025-01-12,2026-01-12,64137,Analytics Suite,2022-10-06,JP,31169,www.irongrid.com,Inbound
001000000000001150,QuantumPulse Systems,SMB,Medium,Gold,Biotech,LATAM,Active,2026-05-31,2027-05-31,14038,Core Platform,2020-11-01,DE,19076,www.quantumpulse.com,Outbound
001000000000001151,UnionStream Group,SMB,High,Gold,Telecom,LATAM,Active,2025-07-24,2026-07-24,43645,Data Sync,2023-08-12,UK,40517,www.unionstream.com,Outbound
001000000000001152,SummitDynamics Systems,SMB,Medium,Gold,Biotech,NA-West,Active,2026-08-19,2027-08-19,40893,Analytics Suite,2024-07-01,BR,41970,www.summitdynamics.com,Outbound
001000000000001153,Consolidated Micro Partners,SMB,Low,Silver,Financial Services,NA-West,Active,2026-12-12,2027-12-12,25831,Analytics Suite,2024-10-15,SG,13369,www.consolidated.com,Event
001000000000001154,KeystoneMetric Inc,Enterprise,High,Gold,Education,NA-East,Active,2026-01-27,2027-01-27,906909,Edge Connect,2023-01-22,DE,10447,www.keystonemetric.com,Partner
001000000000001155,OnyxStream Partners,Enterprise,Medium,Platinum,Telecom,NA-East,Active,2025-10-15,2026-10-15,650775,Core Platform,2024-07-24,IN,49542,www.onyxstream.com,Partner
001000000000001156,PioneerPulse LLC,SMB,Medium,Silver,Financial Services,APAC,Active,2026-10-20,2027-10-20,32851,AI Studio,2023-02-06,IN,37879,www.pioneerpulse.com,Partner
001000000000001157,SummitLabs Co,SMB,Low,Bronze,Manufacturing,LATAM,Active,2026-09-04,2027-09-04,37652,Data Sync,2024-01-03,JP,29012,www.summitlabs.com,Inbound
001000000000001158,ApexWorks Technologies,Enterprise,High,Silver,Public Sector,APAC,Active,2026-08-17,2027-08-17,94991,Data Sync,2024-03-20,DE,40028,www.apexworks.com,Event
001000000000001159,RidgeLabs Technologies,Enterprise,Low,Bronze,Healthcare,EMEA,Expired,2025-06-13,2026-06-13,890326,Data Sync,2020-06-06,IN,8064,www.ridgelabs.com,Event
001000000000001160,DeltaCompute Technologies,SMB,High,Platinum,Technology,LATAM,Active,2025-09-24,2026-09-24,59828,Data Sync,2020-05-14,IN,6932,www.deltacompute.com,Outbound
001000000000001161,UnionSystems Solutions,SMB,High,Platinum,Healthcare,LATAM,Active,2026-02-11,2027-02-11,67757,Analytics Suite,2024-10-30,JP,51455,www.unionsystems.com,Event
001000000000001162,CobaltAnalytics Systems,SMB,High,Bronze,Education,APAC,Active,2026-07-01,2027-07-01,5161,AI Studio,2024-08-05,IN,36861,www.cobaltanalytics.com,Partner
001000000000001163,PioneerTech Partners,Enterprise,High,Silver,Education,APAC,Active,2025-09-25,2026-09-25,1147121,Analytics Suite,2020-03-09,US,2368,www.pioneertech.com,Event
001000000000001164,TitanDynamics Industries,Enterprise,Low,Platinum,Logistics,EMEA,Active,2026-08-04,2027-08-04,896936,Core Platform,2023-08-26,US,18400,www.titandynamics.com,Event
001000000000001165,Meridian Wave Systems,SMB,Medium,Gold,Energy,APAC,Active,2025-09-12,2026-09-12,47669,Edge Connect,2023-05-25,IN,40638,www.meridian.com,Event
001000000000001166,CascadeMicro Industries,SMB,Medium,Platinum,Retail,LATAM,Active,2026-03-04,2027-03-04,59140,Analytics Suite,2020-11-26,DE,16674,www.cascademicro.com,Event
001000000000001167,MapleMetric Technologies,SMB,High,Gold,Education,LATAM,Active,2026-04-17,2027-04-17,6289,Analytics Suite,2024-10-17,US,16249,www.maplemetric.com,Event
001000000000001168,BlueGrid Group,SMB,Medium,Bronze,Public Sector,NA-West,Active,2026-06-19,2027-06-19,64959,AI Studio,2022-04-29,AU,8278,www.bluegrid.com,Outbound
001000000000001169,GraniteGrid Co,Enterprise,Medium,Gold,Healthcare,EMEA,Active,2025-09-28,2026-09-28,378466,Core Platform,2020-08-15,BR,26931,www.granitegrid.com,Partner
001000000000001170,ApexSoft Solutions,SMB,Medium,Gold,Logistics,LATAM,Active,2025-08-05,2026-08-05,11077,Core Platform,2019-10-22,BR,54278,www.apexsoft.com,Event
001000000000001171,EmeraldLogic Corp,Enterprise,Low,Silver,Financial Services,NA-West,Active,2026-04-26,2027-04-26,85707,Core Platform,2020-10-29,JP,42259,www.emeraldlogic.com,Event
001000000000001172,SummitByte LLC,Enterprise,High,Silver,Telecom,LATAM,Active,2026-10-30,2027-10-30,582530,AI Studio,2022-06-10,UK,45592,www.summitbyte.com,Partner
001000000000001173,AtlasWave Holdings,Enterprise,Medium,Gold,Manufacturing,APAC,Active,2026-10-13,2027-10-13,895197,Analytics Suite,2019-09-02,US,14763,www.atlaswave.com,Event
001000000000001174,BluePulse Industries,Enterprise,Medium,Silver,Energy,EMEA,Active,2026-09-08,2027-09-08,562303,AI Studio,2019-10-03,JP,14225,www.bluepulse.com,Inbound
001000000000001175,OnyxSoft Systems,Enterprise,Low,Gold,Education,EMEA,Active,2025-07-27,2026-07-27,476855,Data Sync,2025-05-28,DE,55012,www.onyxsoft.com,Inbound
001000000000001176,Consolidated Works Technologies,Enterprise,Medium,Platinum,Telecom,EMEA,Expired,2025-03-25,2026-03-25,976227,Analytics Suite,2020-02-10,IN,28732,www.consolidated.com,Partner
001000000000001177,CrownLink Solutions,Enterprise,Medium,Gold,Manufacturing,EMEA,Active,2025-08-22,2026-08-22,110303,AI Studio,2022-07-13,IN,7052,www.crownlink.com,Partner
001000000000001178,NovaSignal Co,SMB,High,Silver,Financial Services,LATAM,Active,2026-05-26,2027-05-26,33149,Edge Connect,2020-07-30,DE,52638,www.novasignal.com,Event
001000000000001179,KeystoneCompute Systems,SMB,High,Silver,Logistics,NA-West,Active,2025-07-19,2026-07-19,22834,Analytics Suite,2021-07-05,US,17009,www.keystonecompute.com,Outbound
001000000000001180,AtlasDynamics Group,Enterprise,High,Gold,Energy,LATAM,Active,2026-08-29,2027-08-29,1017402,AI Studio,2020-06-14,UK,10504,www.atlasdynamics.com,Outbound
001000000000001181,RidgeVision Inc,Enterprise,Medium,Silver,Media,APAC,Active,2026-10-10,2027-10-10,426132,Analytics Suite,2020-08-17,BR,6551,www.ridgevision.com,Inbound
001000000000001182,ApexLink Solutions,Enterprise,High,Gold,Telecom,NA-West,Active,2026-05-01,2027-05-01,1042139,Data Sync,2022-01-17,BR,58283,www.apexlink.com,Inbound
001000000000001183,BrightPulse Industries,Enterprise,Low,Silver,Retail,EMEA,Active,2025-09-27,2026-09-27,372917,Core Platform,2021-06-27,AU,29126,www.brightpulse.com,Partner
001000000000001184,ApexMetric Inc,SMB,Medium,Gold,Logistics,LATAM,Expired,2025-03-11,2026-03-11,33933,Core Platform,2023-03-21,UK,41148,www.apexmetric.com,Partner
001000000000001185,SummitCloud Systems,Enterprise,Low,Silver,Biotech,NA-West,Active,2026-10-28,2027-10-28,650062,Analytics Suite,2025-01-25,FR,45046,www.summitcloud.com,Inbound
001000000000001186,PioneerVector Global,Enterprise,High,Gold,Retail,LATAM,Active,2026-12-15,2027-12-15,618683,Edge Connect,2021-06-23,AU,49639,www.pioneervector.com,Inbound
001000000000001187,MeridianLogic Solutions,SMB,High,Silver,Public Sector,EMEA,Active,2026-11-11,2027-11-11,32973,Analytics Suite,2023-03-17,UK,27609,www.meridianlogic.com,Partner
001000000000001188,LarkData Inc,Enterprise,High,Gold,Retail,NA-West,Active,2026-01-07,2027-01-07,595797,Core Platform,2025-04-28,JP,51006,www.larkdata.com,Partner
001000000000001189,KeystoneAnalytics Inc,Enterprise,Medium,Gold,Biotech,NA-West,Active,2026-05-28,2027-05-28,374062,Core Platform,2022-07-30,UK,54946,www.keystoneanalytics.com,Inbound
001000000000001190,CedarData Group,Enterprise,High,Platinum,Biotech,APAC,Expired,2024-10-16,2025-10-16,105874,AI Studio,2025-03-19,FR,20902,www.cedardata.com,Outbound
001000000000001191,BrightPulse Group,Enterprise,Low,Gold,Healthcare,APAC,Active,2025-08-29,2026-08-29,763956,Edge Connect,2020-05-16,BR,5645,www.brightpulse.com,Outbound
001000000000001192,GranitePulse Systems,Enterprise,High,Platinum,Retail,LATAM,Active,2025-08-30,2026-08-30,270216,Core Platform,2025-01-14,US,2652,www.granitepulse.com,Outbound
001000000000001193,CobaltWave Industries,SMB,Medium,Silver,Financial Services,EMEA,Active,2025-08-02,2026-08-02,66022,Data Sync,2021-11-09,US,4989,www.cobaltwave.com,Partner
001000000000001194,LarkForge Holdings,SMB,Low,Silver,Financial Services,LATAM,Active,2026-05-30,2027-05-30,59417,Analytics Suite,2022-11-15,US,19294,www.larkforge.com,Outbound
001000000000001195,VanguardSoft Corp,Enterprise,Low,Silver,Telecom,NA-East,Active,2025-09-25,2026-09-25,249630,Data Sync,2021-06-23,SG,252,www.vanguardsoft.com,Event
001000000000001196,MeridianVision Industries,SMB,High,Silver,Energy,LATAM,Active,2025-08-15,2026-08-15,9761,Edge Connect,2022-01-07,SG,57567,www.meridianvision.com,Inbound
001000000000001197,OnyxCompute Solutions,SMB,Medium,Gold,Telecom,NA-West,Active,2026-06-26,2027-06-26,9469,AI Studio,2025-03-06,US,59734,www.onyxcompute.com,Outbound
001000000000001198,CascadeCompute Solutions,SMB,High,Gold,Media,EMEA,Active,2026-03-21,2027-03-21,68338,Edge Connect,2019-06-15,IN,9249,www.cascadecompute.com,Event
001000000000001199,EmeraldFabric Holdings,Enterprise,Medium,Silver,Media,EMEA,Active,2026-04-22,2027-04-22,586103,Edge Connect,2024-08-16,DE,6040,www.emeraldfabric.com,Outbound
