Id,AccountId,FirstName,LastName,Title,Email
003000000000000000,001000000000000000,Priya,Okafor,Ops Lead,priya.okafor@helios.com
003000000000000001,001000000000000000,Nadia,Rossi,CIO,nadia.rossi@helios.com
003000000000000002,001000000000000001,Omar,Tanaka,Ops Lead,omar.tanaka@pioneersignal.com
003000000000000003,001000000000000002,Chen,Okafor,Ops Lead,chen.okafor@summitsphere.com
003000000000000004,001000000000000002,Ravi,Okafor,IT Director,ravi.okafor@summitsphere.com
003000000000000005,001000000000000003,Mei,Tanaka,VP Eng,mei.tanaka@standard.com
003000000000000006,001000000000000004,Liam,Tanaka,CIO,liam.tanaka@granitecompute.com
003000000000000007,001000000000000004,Nadia,Kim,Admin,nadia.kim@granitecompute.com
003000000000000008,001000000000000005,Nadia,Reyes,Admin,nadia.reyes@cedarmetric.com
003000000000000009,001000000000000006,Elena,Moreau,VP Eng,elena.moreau@standard.com
003000000000000010,001000000000000007,Hana,Nguyen,CIO,hana.nguyen@vertexsystems.com
003000000000000011,001000000000000007,Nadia,Moreau,IT Director,nadia.moreau@vertexsystems.com
003000000000000012,001000000000000007,Aisha,Patel,Admin,aisha.patel@vertexsystems.com
003000000000000013,001000000000000008,Sean,Larsson,Ops Lead,sean.larsson@helios.com
003000000000000014,001000000000000008,Elena,Reyes,VP Eng,elena.reyes@helios.com
003000000000000015,001000000000000008,Hana,Rossi,VP Eng,hana.rossi@helios.com
003000000000000016,001000000000000009,Ingrid,Larsson,CIO,ingrid.larsson@crownbyte.com
003000000000000017,001000000000000009,Sofia,Silva,IT Director,sofia.silva@crownbyte.com
003000000000000018,001000000000000010,Diego,Moreau,Admin,diego.moreau@cedarstream.com
003000000000000019,001000000000000010,Diego,Moreau,Admin,diego.moreau@cedarstream.com
003000000000000020,001000000000000010,Omar,Okafor,VP Eng,omar.okafor@cedarstream.com
003000000000000021,001000000000000011,Nadia,Andersen,Admin,nadia.andersen@brightnetworks.com
003000000000000022,001000000000000011,Sean,Andersen,Admin,sean.andersen@brightnetworks.com
003000000000000023,001000000000000011,Faisal,Patel,Admin,faisal.patel@brightnetworks.com
003000000000000024,001000000000000012,Tomas,Okafor,IT Director,tomas.okafor@sablecloud.com
003000000000000025,001000000000000012,Lucia,Kim,Admin,lucia.kim@sablecloud.com
003000000000000026,001000000000000012,Yara,Okafor,VP Eng,yara.okafor@sablecloud.com
003000000000000027,001000000000000013,Lucia,Walsh,IT Director,lucia.walsh@novacore.com
003000000000000028,001000000000000013,Kwame,Patel,Admin,kwame.patel@novacore.com
003000000000000029,001000000000000014,Chen,Walsh,Ops Lead,chen.walsh@cobaltlabs.com
003000000000000030,001000000000000014,Faisal,Khan,CIO,faisal.khan@cobaltlabs.com
003000000000000031,001000000000000014,Faisal,Mbeki,VP Eng,faisal.mbeki@cobaltlabs.com
003000000000000032,001000000000000015,Lucia,Okafor,CIO,lucia.okafor@emeraldanalytics.com
003000000000000033,001000000000000015,Ingrid,Mbeki,Admin,ingrid.mbeki@emeraldanalytics.com
003000000000000034,001000000000000016,Ravi,Tanaka,Ops Lead,ravi.tanaka@brightfabric.com
003000000000000035,001000000000000017,Yara,Novak,IT Director,yara.novak@auroravector.com
003000000000000036,001000000000000017,Ravi,Haddad,IT Director,ravi.haddad@auroravector.com
003000000000000037,001000000000000018,Hana,Larsson,VP Eng,hana.larsson@sterlinglink.com
003000000000000038,001000000000000018,Hana,Moreau,Admin,hana.moreau@sterlinglink.com
003000000000000039,001000000000000018,Mei,Nguyen,Ops Lead,mei.nguyen@sterlinglink.com
003000000000000040,001000000000000019,Chen,Patel,Admin,chen.patel@copperfabric.com
003000000000000041,001000000000000020,Omar,Tanaka,IT Director,omar.tanaka@harborloop.com
003000000000000042,001000000000000020,Yara,Reyes,Ops Lead,yara.reyes@harborloop.com
003000000000000043,001000000000000020,Ravi,Okafor,Admin,ravi.okafor@harborloop.com
003000000000000044,001000000000000021,Noah,Tanaka,Admin,noah.tanaka@emeraldcloud.com
003000000000000045,001000000000000021,Faisal,Walsh,VP Eng,faisal.walsh@emeraldcloud.com
003000000000000046,001000000000000021,Sean,Larsson,Ops Lead,sean.larsson@emeraldcloud.com
003000000000000047,001000000000000022,Lucia,Rossi,Ops Lead,lucia.rossi@standard.com
003000000000000048,001000000000000022,Hana,Costa,Ops Lead,hana.costa@standard.com
003000000000000049,001000000000000022,Priya,Rossi,Admin,priya.rossi@standard.com
003000000000000050,001000000000000023,Aisha,Rossi,IT Director,aisha.rossi@granitesoft.com
003000000000000051,001000000000000023,Liam,Andersen,Ops Lead,liam.andersen@granitesoft.com
003000000000000052,001000000000000023,Ingrid,Costa,VP Eng,ingrid.costa@granitesoft.com
003000000000000053,001000000000000024,Diego,Moreau,Admin,diego.moreau@crowncore.com
003000000000000054,001000000000000025,Diego,Walsh,Admin,diego.walsh@titanworks.com
003000000000000055,001000000000000025,Tomas,Moreau,VP Eng,tomas.moreau@titanworks.com
003000000000000056,001000000000000026,Mei,Andersen,VP Eng,mei.andersen@pacificwave.com
003000000000000057,001000000000000027,Hana,Moreau,IT Director,hana.moreau@pacificwave.com
003000000000000058,001000000000000028,Omar,Moreau,VP Eng,omar.moreau@titansphere.com
003000000000000059,001000000000000029,Elena,Larsson,VP Eng,elena.larsson@cascadedynamics.com
003000000000000060,001000000000000030,Sean,Novak,Admin,sean.novak@sableanalytics.com
003000000000000061,001000000000000030,Diego,Patel,Admin,diego.patel@sableanalytics.com
003000000000000062,001000000000000030,Faisal,Khan,Ops Lead,faisal.khan@sableanalytics.com
003000000000000063,001000000000000031,Diego,Reyes,CIO,diego.reyes@maplelink.com
003000000000000064,001000000000000031,Nadia,Costa,Ops Lead,nadia.costa@maplelink.com
003000000000000065,001000000000000031,Kwame,Patel,Ops Lead,kwame.patel@maplelink.com
003000000000000066,001000000000000032,Aisha,Tanaka,VP Eng,aisha.tanaka@larkwave.com
003000000000000067,001000000000000032,Kwame,Nguyen,CIO,kwame.nguyen@larkwave.com
003000000000000068,001000000000000032,Omar,Costa,VP Eng,omar.costa@larkwave.com
003000000000000069,001000000000000033,Yara,Kim,Admin,yara.kim@crownvision.com
003000000000000070,001000000000000034,Aisha,Costa,CIO,aisha.costa@silvermetric.com
003000000000000071,001000000000000034,Ravi,Walsh,IT Director,ravi.walsh@silvermetric.com
003000000000000072,001000000000000035,Elena,Kim,Admin,elena.kim@ironcore.com
003000000000000073,001000000000000035,Priya,Tanaka,Ops Lead,priya.tanaka@ironcore.com
003000000000000074,001000000000000036,Liam,Mbeki,Ops Lead,liam.mbeki@granitelabs.com
003000000000000075,001000000000000037,Sofia,Costa,Ops Lead,sofia.costa@vanguardsignal.com
003000000000000076,001000000000000038,Mei,Okafor,VP Eng,mei.okafor@helios.com
003000000000000077,001000000000000039,Lucia,Nguyen,IT Director,lucia.nguyen@cedarstream.com
003000000000000078,001000000000000040,Liam,Silva,IT Director,liam.silva@onyxpulse.com
003000000000000079,001000000000000040,Yara,Kim,VP Eng,yara.kim@onyxpulse.com
003000000000000080,001000000000000041,Omar,Tanaka,Ops Lead,omar.tanaka@titanvector.com
003000000000000081,001000000000000042,Yara,Andersen,Admin,yara.andersen@maplelogic.com
003000000000000082,001000000000000042,Mei,Khan,VP Eng,mei.khan@maplelogic.com
003000000000000083,001000000000000042,Nadia,Moreau,Admin,nadia.moreau@maplelogic.com
003000000000000084,001000000000000043,Noah,Silva,Ops Lead,noah.silva@pioneerlabs.com
003000000000000085,001000000000000043,Mei,Andersen,VP Eng,mei.andersen@pioneerlabs.com
003000000000000086,001000000000000044,Faisal,Khan,VP Eng,faisal.khan@crownfabric.com
003000000000000087,001000000000000045,Lucia,Walsh,VP Eng,lucia.walsh@quantumvision.com
003000000000000088,001000000000000046,Ravi,Patel,Ops Lead,ravi.patel@cedartech.com
003000000000000089,001000000000000046,Faisal,Mbeki,Admin,faisal.mbeki@cedartech.com
003000000000000090,001000000000000046,Liam,Andersen,Admin,liam.andersen@cedartech.com
003000000000000091,001000000000000047,Priya,Mbeki,Admin,priya.mbeki@ridgesphere.com
003000000000000092,001000000000000048,Nadia,Larsson,CIO,nadia.larsson@granitewave.com
003000000000000093,001000000000000048,Omar,Mbeki,Admin,omar.mbeki@granitewave.com
003000000000000094,001000000000000048,Elena,Reyes,Ops Lead,elena.reyes@granitewave.com
003000000000000095,001000000000000049,Ravi,Silva,Ops Lead,ravi.silva@keystoneworks.com
003000000000000096,001000000000000049,Noah,Patel,VP Eng,noah.patel@keystoneworks.com
003000000000000097,001000000000000050,Lucia,Okafor,IT Director,lucia.okafor@atlasfabric.com
003000000000000098,001000000000000050,Nadia,Tanaka,CIO,nadia.tanaka@atlasfabric.com
003000000000000099,001000000000000050,Noah,Rossi,CIO,noah.rossi@atlasfabric.com
003000000000000100,001000000000000051,Chen,Larsson,CIO,chen.larsson@pioneercore.com
003000000000000101,001000000000000052,Yara,Mbeki,VP Eng,yara.mbeki@novatech.com
003000000000000102,001000000000000053,Liam,Reyes,VP Eng,liam.reyes@atlasfabric.com
003000000000000103,001000000000000054,Kwame,Andersen,IT Director,kwame.andersen@pioneergrid.com
003000000000000104,001000000000000054,Faisal,Novak,Admin,faisal.novak@pioneergrid.com
003000000000000105,001000000000000054,Sean,Tanaka,VP Eng,sean.tanaka@pioneergrid.com
003000000000000106,001000000000000055,Lucia,Walsh,VP Eng,lucia.walsh@brightcloud.com
003000000000000107,001000000000000055,Aisha,Mbeki,CIO,aisha.mbeki@brightcloud.com
003000000000000108,001000000000000056,Tomas,Novak,Admin,tomas.novak@cobaltstream.com
003000000000000109,001000000000000056,Aisha,Rossi,IT Director,aisha.rossi@cobaltstream.com
003000000000000110,001000000000000056,Diego,Khan,CIO,diego.khan@cobaltstream.com
003000000000000111,001000000000000057,Sean,Silva,VP Eng,sean.silva@ridgestream.com
003000000000000112,001000000000000057,Omar,Patel,CIO,omar.patel@ridgestream.com
003000000000000113,001000000000000058,Ingrid,Duarte,IT Director,ingrid.duarte@beaconvector.com
003000000000000114,001000000000000058,Ingrid,Silva,Admin,ingrid.silva@beaconvector.com
003000000000000115,001000000000000059,Tomas,Andersen,CIO,tomas.andersen@northpulse.com
003000000000000116,001000000000000060,Omar,Andersen,Admin,omar.andersen@quantumstream.com
003000000000000117,001000000000000060,Aisha,Okafor,Admin,aisha.okafor@quantumstream.com
003000000000000118,001000000000000060,Lucia,Okafor,CIO,lucia.okafor@quantumstream.com
003000000000000119,001000000000000061,Kwame,Nguyen,VP Eng,kwame.nguyen@vertexfabric.com
003000000000000120,001000000000000061,Priya,Moreau,Ops Lead,priya.moreau@vertexfabric.com
003000000000000121,001000000000000062,Yara,Khan,CIO,yara.khan@granitevision.com
003000000000000122,001000000000000062,Priya,Haddad,VP Eng,priya.haddad@granitevision.com
003000000000000123,001000000000000062,Diego,Costa,IT Director,diego.costa@granitevision.com
003000000000000124,001000000000000063,Elena,Silva,CIO,elena.silva@ridgemicro.com
003000000000000125,001000000000000063,Sean,Khan,Ops Lead,sean.khan@ridgemicro.com
003000000000000126,001000000000000063,Sofia,Rossi,IT Director,sofia.rossi@ridgemicro.com
003000000000000127,001000000000000064,Liam,Novak,Admin,liam.novak@brightvision.com
003000000000000128,001000000000000065,Hana,Rossi,VP Eng,hana.rossi@apexmetric.com
003000000000000129,001000000000000066,Tomas,Andersen,Admin,tomas.andersen@ironpulse.com
003000000000000130,001000000000000066,Mei,Haddad,CIO,mei.haddad@ironpulse.com
003000000000000131,001000000000000066,Liam,Duarte,Admin,liam.duarte@ironpulse.com
003000000000000132,001000000000000067,Nadia,Duarte,Ops Lead,nadia.duarte@bluelogic.com
003000000000000133,001000000000000067,Liam,Moreau,Ops Lead,liam.moreau@bluelogic.com
003000000000000134,001000000000000068,Ravi,Moreau,CIO,ravi.moreau@ironsoft.com
003000000000000135,001000000000000069,Sean,Patel,VP Eng,sean.patel@novametric.com
003000000000000136,001000000000000070,Chen,Walsh,Admin,chen.walsh@quantumvector.com
003000000000000137,001000000000000071,Chen,Rossi,VP Eng,chen.rossi@sterlinglink.com
003000000000000138,001000000000000071,Liam,Silva,CIO,liam.silva@sterlinglink.com
003000000000000139,001000000000000071,Hana,Okafor,VP Eng,hana.okafor@sterlinglink.com
003000000000000140,001000000000000072,Ravi,Novak,CIO,ravi.novak@meridiannexus.com
003000000000000141,001000000000000072,Noah,Nguyen,Admin,noah.nguyen@meridiannexus.com
003000000000000142,001000000000000073,Kwame,Mbeki,CIO,kwame.mbeki@uniontech.com
003000000000000143,001000000000000073,Lucia,Reyes,Ops Lead,lucia.reyes@uniontech.com
003000000000000144,001000000000000073,Chen,Khan,CIO,chen.khan@uniontech.com
003000000000000145,001000000000000074,Sean,Haddad,IT Director,sean.haddad@emeraldworks.com
003000000000000146,001000000000000075,Mei,Nguyen,CIO,mei.nguyen@granitemetric.com
003000000000000147,001000000000000075,Lucia,Kim,Admin,lucia.kim@granitemetric.com
003000000000000148,001000000000000075,Sofia,Reyes,VP Eng,sofia.reyes@granitemetric.com
003000000000000149,001000000000000076,Yara,Larsson,Admin,yara.larsson@bluestream.com
003000000000000150,001000000000000076,Lucia,Patel,Ops Lead,lucia.patel@bluestream.com
003000000000000151,001000000000000077,Yara,Khan,Admin,yara.khan@ridgestream.com
003000000000000152,001000000000000078,Faisal,Khan,Admin,faisal.khan@aurorametric.com
003000000000000153,001000000000000079,Ingrid,Nguyen,Ops Lead,ingrid.nguyen@orchardvision.com
003000000000000154,001000000000000079,Kwame,Patel,Admin,kwame.patel@orchardvision.com
003000000000000155,001000000000000080,Priya,Novak,Admin,priya.novak@brightsphere.com
003000000000000156,001000000000000081,Faisal,Mbeki,CIO,faisal.mbeki@bluepulse.com
003000000000000157,001000000000000082,Aisha,Tanaka,Ops Lead,aisha.tanaka@granitebyte.com
003000000000000158,001000000000000083,Chen,Moreau,CIO,chen.moreau@harbornetworks.com
003000000000000159,001000000000000083,Mei,Nguyen,Ops Lead,mei.nguyen@harbornetworks.com
003000000000000160,001000000000000084,Faisal,Khan,IT Director,faisal.khan@unionbyte.com
003000000000000161,001000000000000084,Lucia,Mbeki,Ops Lead,lucia.mbeki@unionbyte.com
003000000000000162,001000000000000084,Nadia,Reyes,Ops Lead,nadia.reyes@unionbyte.com
003000000000000163,001000000000000085,Liam,Khan,IT Director,liam.khan@titannetworks.com
003000000000000164,001000000000000085,Hana,Patel,CIO,hana.patel@titannetworks.com
003000000000000165,001000000000000085,Noah,Kim,CIO,noah.kim@titannetworks.com
003000000000000166,001000000000000086,Liam,Reyes,VP Eng,liam.reyes@standard.com
003000000000000167,001000000000000086,Elena,Andersen,Ops Lead,elena.andersen@standard.com
003000000000000168,001000000000000087,Nadia,Duarte,VP Eng,nadia.duarte@coppercompute.com
003000000000000169,001000000000000088,Lucia,Moreau,IT Director,lucia.moreau@summitnetworks.com
003000000000000170,001000000000000088,Sofia,Patel,VP Eng,sofia.patel@summitnetworks.com
003000000000000171,001000000000000088,Aisha,Patel,Ops Lead,aisha.patel@summitnetworks.com
003000000000000172,001000000000000089,Aisha,Patel,IT Director,aisha.patel@quantumsignal.com
003000000000000173,001000000000000089,Liam,Rossi,VP Eng,liam.rossi@quantumsignal.com
003000000000000174,001000000000000089,Elena,Costa,CIO,elena.costa@quantumsignal.com
003000000000000175,001000000000000090,Liam,Khan,Admin,liam.khan@deltaloop.com
003000000000000176,001000000000000091,Ravi,Mbeki,CIO,ravi.mbeki@standard.com
003000000000000177,001000000000000091,Diego,Mbeki,VP Eng,diego.mbeki@standard.com
003000000000000178,001000000000000091,Ravi,Costa,Admin,ravi.costa@standard.com
003000000000000179,001000000000000092,Mei,Patel,VP Eng,mei.patel@bluecompute.com
003000000000000180,001000000000000093,Sofia,Rossi,CIO,sofia.rossi@crownvector.com
003000000000000181,001000000000000094,Hana,Costa,IT Director,hana.costa@sablelogic.com
003000000000000182,001000000000000094,Yara,Andersen,Ops Lead,yara.andersen@sablelogic.com
003000000000000183,001000000000000095,Noah,Reyes,CIO,noah.reyes@uniondynamics.com
003000000000000184,001000000000000095,Elena,Walsh,IT Director,elena.walsh@uniondynamics.com
003000000000000185,001000000000000095,Elena,Walsh,CIO,elena.walsh@uniondynamics.com
003000000000000186,001000000000000096,Yara,Walsh,IT Director,yara.walsh@pioneercore.com
003000000000000187,001000000000000096,Aisha,Rossi,VP Eng,aisha.rossi@pioneercore.com
003000000000000188,001000000000000097,Nadia,Nguyen,CIO,nadia.nguyen@emeraldbyte.com
003000000000000189,001000000000000097,Aisha,Nguyen,CIO,aisha.nguyen@emeraldbyte.com
003000000000000190,001000000000000098,Sean,Novak,CIO,sean.novak@meridiancompute.com
003000000000000191,001000000000000099,Ravi,Haddad,Ops Lead,ravi.haddad@allied.com
003000000000000192,001000000000000099,Ravi,Moreau,VP Eng,ravi.moreau@allied.com
003000000000000193,001000000000000099,Aisha,Nguyen,IT Director,aisha.nguyen@allied.com
003000000000000194,001000000000000100,Faisal,Patel,Admin,faisal.patel@cascadelink.com
003000000000000195,001000000000000100,Priya,Nguyen,IT Director,priya.nguyen@cascadelink.com
003000000000000196,001000000000000100,Lucia,Mbeki,VP Eng,lucia.mbeki@cascadelink.com
003000000000000197,001000000000000101,Mei,Rossi,Ops Lead,mei.rossi@northfabric.com
003000000000000198,001000000000000102,Tomas,Okafor,IT Director,tomas.okafor@pacificloop.com
003000000000000199,001000000000000103,Priya,Moreau,IT Director,priya.moreau@sablevector.com
003000000000000200,001000000000000103,Kwame,Rossi,VP Eng,kwame.rossi@sablevector.com
003000000000000201,001000000000000103,Kwame,Rossi,Admin,kwame.rossi@sablevector.com
003000000000000202,001000000000000104,Kwame,Khan,Ops Lead,kwame.khan@keystonemicro.com
003000000000000203,001000000000000104,Yara,Kim,CIO,yara.kim@keystonemicro.com
003000000000000204,001000000000000104,Kwame,Silva,Ops Lead,kwame.silva@keystonemicro.com
003000000000000205,001000000000000105,Elena,Nguyen,VP Eng,elena.nguyen@summitnetworks.com
003000000000000206,001000000000000105,Priya,Kim,IT Director,priya.kim@summitnetworks.com
003000000000000207,001000000000000106,Mei,Khan,VP Eng,mei.khan@cedaranalytics.com
003000000000000208,001000000000000106,Ravi,Walsh,Admin,ravi.walsh@cedaranalytics.com
003000000000000209,001000000000000106,Lucia,Haddad,IT Director,lucia.haddad@cedaranalytics.com
003000000000000210,001000000000000107,Ravi,Kim,Ops Lead,ravi.kim@meridianmetric.com
003000000000000211,001000000000000107,Diego,Mbeki,CIO,diego.mbeki@meridianmetric.com
003000000000000212,001000000000000107,Mei,Rossi,IT Director,mei.rossi@meridianmetric.com
003000000000000213,001000000000000108,Omar,Khan,IT Director,omar.khan@granitestream.com
003000000000000214,001000000000000109,Elena,Nguyen,Admin,elena.nguyen@titandigital.com
003000000000000215,001000000000000109,Sofia,Andersen,Ops Lead,sofia.andersen@titandigital.com
003000000000000216,001000000000000109,Sean,Patel,IT Director,sean.patel@titandigital.com
003000000000000217,001000000000000110,Sean,Walsh,CIO,sean.walsh@unionvision.com
003000000000000218,001000000000000111,Sofia,Costa,IT Director,sofia.costa@quantumvision.com
003000000000000219,001000000000000112,Hana,Okafor,Admin,hana.okafor@pan-atlantic.com
003000000000000220,001000000000000112,Mei,Moreau,Ops Lead,mei.moreau@pan-atlantic.com
003000000000000221,001000000000000113,Ravi,Kim,CIO,ravi.kim@crownloop.com
003000000000000222,001000000000000114,Liam,Khan,Ops Lead,liam.khan@larkworks.com
003000000000000223,001000000000000114,Elena,Novak,IT Director,elena.novak@larkworks.com
003000000000000224,001000000000000114,Liam,Khan,Admin,liam.khan@larkworks.com
003000000000000225,001000000000000115,Diego,Reyes,Admin,diego.reyes@unionworks.com
003000000000000226,001000000000000115,Faisal,Mbeki,IT Director,faisal.mbeki@unionworks.com
003000000000000227,001000000000000116,Noah,Kim,VP Eng,noah.kim@sableworks.com
003000000000000228,001000000000000117,Liam,Costa,Ops Lead,liam.costa@cascadegrid.com
003000000000000229,001000000000000117,Faisal,Larsson,IT Director,faisal.larsson@cascadegrid.com
003000000000000230,001000000000000118,Tomas,Okafor,IT Director,tomas.okafor@cedarlogic.com
003000000000000231,001000000000000118,Liam,Kim,Admin,liam.kim@cedarlogic.com
003000000000000232,001000000000000118,Faisal,Rossi,CIO,faisal.rossi@cedarlogic.com
003000000000000233,001000000000000119,Sofia,Patel,CIO,sofia.patel@titanmetric.com
003000000000000234,001000000000000119,Tomas,Okafor,VP Eng,tomas.okafor@titanmetric.com
003000000000000235,001000000000000120,Elena,Moreau,CIO,elena.moreau@crownlink.com
003000000000000236,001000000000000120,Sean,Kim,Admin,sean.kim@crownlink.com
003000000000000237,001000000000000121,Ingrid,Rossi,Admin,ingrid.rossi@granitetech.com
003000000000000238,001000000000000121,Liam,Costa,Admin,liam.costa@granitetech.com
003000000000000239,001000000000000122,Faisal,Costa,Admin,faisal.costa@deltaworks.com
003000000000000240,001000000000000123,Sean,Khan,Admin,sean.khan@standard.com
003000000000000241,001000000000000123,Ravi,Reyes,CIO,ravi.reyes@standard.com
003000000000000242,001000000000000124,Aisha,Silva,Ops Lead,aisha.silva@novadata.com
003000000000000243,001000000000000124,Tomas,Rossi,IT Director,tomas.rossi@novadata.com
003000000000000244,001000000000000125,Sofia,Khan,IT Director,sofia.khan@titandynamics.com
003000000000000245,001000000000000125,Diego,Haddad,IT Director,diego.haddad@titandynamics.com
003000000000000246,001000000000000126,Liam,Mbeki,VP Eng,liam.mbeki@vanguardlabs.com
003000000000000247,001000000000000127,Noah,Reyes,IT Director,noah.reyes@quantumwave.com
003000000000000248,001000000000000127,Yara,Kim,Admin,yara.kim@quantumwave.com
003000000000000249,001000000000000128,Noah,Novak,CIO,noah.novak@vertexnexus.com
003000000000000250,001000000000000128,Sean,Reyes,IT Director,sean.reyes@vertexnexus.com
003000000000000251,001000000000000128,Mei,Walsh,CIO,mei.walsh@vertexnexus.com
003000000000000252,001000000000000129,Elena,Reyes,CIO,elena.reyes@emeraldgrid.com
003000000000000253,001000000000000129,Hana,Kim,VP Eng,hana.kim@emeraldgrid.com
003000000000000254,001000000000000129,Elena,Okafor,VP Eng,elena.okafor@emeraldgrid.com
003000000000000255,001000000000000130,Omar,Mbeki,CIO,omar.mbeki@meridianwave.com
003000000000000256,001000000000000131,Nadia,Silva,Ops Lead,nadia.silva@beacongrid.com
003000000000000257,001000000000000132,Sean,Patel,Ops Lead,sean.patel@novacompute.com
003000000000000258,001000000000000132,Kwame,Duarte,IT Director,kwame.duarte@novacompute.com
003000000000000259,001000000000000132,Priya,Novak,Admin,priya.novak@novacompute.com
003000000000000260,001000000000000133,Chen,Rossi,CIO,chen.rossi@apexlink.com
003000000000000261,001000000000000133,Sofia,Reyes,Ops Lead,sofia.reyes@apexlink.com
003000000000000262,001000000000000134,Elena,Patel,Ops Lead,elena.patel@unionlink.com
003000000000000263,001000000000000134,Lucia,Moreau,IT Director,lucia.moreau@unionlink.com
003000000000000264,001000000000000135,Aisha,Kim,Admin,aisha.kim@ridgedata.com
003000000000000265,001000000000000135,Hana,Silva,IT Director,hana.silva@ridgedata.com
003000000000000266,001000000000000136,Omar,Costa,CIO,omar.costa@crownwave.com
003000000000000267,001000000000000136,Nadia,Duarte,Admin,nadia.duarte@crownwave.com
003000000000000268,001000000000000137,Chen,Andersen,IT Director,chen.andersen@beaconsphere.com
003000000000000269,001000000000000138,Noah,Rossi,CIO,noah.rossi@copperdata.com
003000000000000270,001000000000000139,Priya,Tanaka,Ops Lead,priya.tanaka@silvervision.com
003000000000000271,001000000000000139,Liam,Khan,CIO,liam.khan@silvervision.com
003000000000000272,001000000000000140,Nadia,Silva,IT Director,nadia.silva@vertexworks.com
003000000000000273,001000000000000140,Tomas,Haddad,IT Director,tomas.haddad@vertexworks.com
003000000000000274,001000000000000141,Kwame,Haddad,IT Director,kwame.haddad@aurorasystems.com
003000000000000275,001000000000000142,Nadia,Rossi,Admin,nadia.rossi@ironvision.com
003000000000000276,001000000000000143,Liam,Novak,VP Eng,liam.novak@cedarpulse.com
003000000000000277,001000000000000144,Chen,Reyes,IT Director,chen.reyes@cobaltnetworks.com
003000000000000278,001000000000000144,Sean,Mbeki,Admin,sean.mbeki@cobaltnetworks.com
003000000000000279,001000000000000145,Diego,Kim,IT Director,diego.kim@cobaltdigital.com
003000000000000280,001000000000000146,Ravi,Khan,Ops Lead,ravi.khan@novaforge.com
003000000000000281,001000000000000146,Aisha,Tanaka,CIO,aisha.tanaka@novaforge.com
003000000000000282,001000000000000147,Sofia,Nguyen,VP Eng,sofia.nguyen@northdynamics.com
003000000000000283,001000000000000148,Chen,Nguyen,Admin,chen.nguyen@pacificsystems.com
003000000000000284,001000000000000149,Aisha,Costa,CIO,aisha.costa@apexvision.com
003000000000000285,001000000000000149,Elena,Andersen,IT Director,elena.andersen@apexvision.com
003000000000000286,001000000000000150,Aisha,Andersen,IT Director,aisha.andersen@northdigital.com
003000000000000287,001000000000000150,Priya,Patel,Admin,priya.patel@northdigital.com
003000000000000288,001000000000000150,Ravi,Walsh,IT Director,ravi.walsh@northdigital.com
003000000000000289,001000000000000151,Noah,Moreau,IT Director,noah.moreau@auroralink.com
003000000000000290,001000000000000152,Hana,Larsson,IT Director,hana.larsson@pioneerdigital.com
003000000000000291,001000000000000153,Priya,Okafor,IT Director,priya.okafor@northlogic.com
003000000000000292,001000000000000154,Sofia,Haddad,IT Director,sofia.haddad@larkmetric.com
003000000000000293,001000000000000154,Diego,Reyes,VP Eng,diego.reyes@larkmetric.com
003000000000000294,001000000000000154,Liam,Duarte,Admin,liam.duarte@larkmetric.com
003000000000000295,001000000000000155,Hana,Duarte,VP Eng,hana.duarte@brightlink.com
003000000000000296,001000000000000155,Faisal,Patel,Ops Lead,faisal.patel@brightlink.com
003000000000000297,001000000000000156,Kwame,Larsson,VP Eng,kwame.larsson@consolidated.com
003000000000000298,001000000000000156,Tomas,Costa,Ops Lead,tomas.costa@consolidated.com
003000000000000299,001000000000000157,Sean,Nguyen,Ops Lead,sean.nguyen@meridiandata.com
003000000000000300,001000000000000157,Lucia,Silva,Admin,lucia.silva@meridiandata.com
003000000000000301,001000000000000157,Nadia,Khan,Admin,nadia.khan@meridiandata.com
003000000000000302,001000000000000158,Lucia,Walsh,VP Eng,lucia.walsh@auroracompute.com
003000000000000303,001000000000000158,Chen,Novak,Ops Lead,chen.novak@auroracompute.com
003000000000000304,001000000000000159,Sofia,Novak,CIO,sofia.novak@keystoneworks.com
003000000000000305,001000000000000159,Yara,Silva,Ops Lead,yara.silva@keystoneworks.com
003000000000000306,001000000000000159,Omar,Khan,CIO,omar.khan@keystoneworks.com
003000000000000307,001000000000000160,Priya,Mbeki,VP Eng,priya.mbeki@vertexnetworks.com
003000000000000308,001000000000000161,Liam,Kim,Admin,liam.kim@keystonelink.com
003000000000000309,001000000000000161,Elena,Moreau,CIO,elena.moreau@keystonelink.com
003000000000000310,001000000000000161,Faisal,Okafor,Ops Lead,faisal.okafor@keystonelink.com
003000000000000311,001000000000000162,Nadia,Reyes,VP Eng,nadia.reyes@apexstream.com
003000000000000312,001000000000000162,Diego,Kim,Ops Lead,diego.kim@apexstream.com
003000000000000313,001000000000000162,Chen,Walsh,VP Eng,chen.walsh@apexstream.com
003000000000000314,001000000000000163,Liam,Andersen,VP Eng,liam.andersen@beaconanalytics.com
003000000000000315,001000000000000164,Yara,Nguyen,IT Director,yara.nguyen@atlasnetworks.com
003000000000000316,001000000000000164,Mei,Okafor,Ops Lead,mei.okafor@atlasnetworks.com
003000000000000317,001000000000000165,Kwame,Novak,IT Director,kwame.novak@deltastream.com
003000000000000318,001000000000000166,Ingrid,Costa,Admin,ingrid.costa@pan-atlantic.com
003000000000000319,001000000000000166,Liam,Andersen,VP Eng,liam.andersen@pan-atlantic.com
003000000000000320,001000000000000166,Ingrid,Costa,CIO,ingrid.costa@pan-atlantic.com
003000000000000321,001000000000000167,Lucia,Patel,IT Director,lucia.patel@beaconloop.com
003000000000000322,001000000000000168,Tomas,Moreau,CIO,tomas.moreau@apexvector.com
003000000000000323,001000000000000168,Chen,Haddad,Admin,chen.haddad@apexvector.com
003000000000000324,001000000000000169,Ingrid,Reyes,VP Eng,ingrid.reyes@vertexlogic.com
003000000000000325,001000000000000169,Tomas,Tanaka,VP Eng,tomas.tanaka@vertexlogic.com
003000000000000326,001000000000000169,Aisha,Rossi,IT Director,aisha.rossi@vertexlogic.com
003000000000000327,001000000000000170,Nadia,Costa,IT Director,nadia.costa@copperpulse.com
003000000000000328,001000000000000170,Aisha,Nguyen,CIO,aisha.nguyen@copperpulse.com
003000000000000329,001000000000000170,Hana,Costa,Ops Lead,hana.costa@copperpulse.com
003000000000000330,001000000000000171,Liam,Walsh,Ops Lead,liam.walsh@vanguardmicro.com
003000000000000331,001000000000000171,Priya,Andersen,IT Director,priya.andersen@vanguardmicro.com
003000000000000332,001000000000000172,Omar,Moreau,VP Eng,omar.moreau@pacificpulse.com
003000000000000333,001000000000000173,Mei,Andersen,IT Director,mei.andersen@crowndata.com
003000000000000334,001000000000000174,Tomas,Larsson,Admin,tomas.larsson@coppernetworks.com
003000000000000335,001000000000000175,Faisal,Kim,CIO,faisal.kim@mapletech.com
003000000000000336,001000000000000175,Mei,Okafor,CIO,mei.okafor@mapletech.com
003000000000000337,001000000000000176,Lucia,Nguyen,Admin,lucia.nguyen@beaconcore.com
003000000000000338,001000000000000176,Aisha,Okafor,IT Director,aisha.okafor@beaconcore.com
003000000000000339,001000000000000176,Sofia,Novak,Admin,sofia.novak@beaconcore.com
003000000000000340,001000000000000177,Sofia,Haddad,CIO,sofia.haddad@granitesignal.com
003000000000000341,001000000000000178,Lucia,Mbeki,CIO,lucia.mbeki@consolidated.com
003000000000000342,001000000000000178,Nadia,Novak,CIO,nadia.novak@consolidated.com
003000000000000343,001000000000000179,Lucia,Moreau,Admin,lucia.moreau@uniongrid.com
003000000000000344,001000000000000179,Lucia,Silva,CIO,lucia.silva@uniongrid.com
003000000000000345,001000000000000180,Sofia,Silva,IT Director,sofia.silva@deltacore.com
003000000000000346,001000000000000181,Liam,Silva,Ops Lead,liam.silva@sterlingcloud.com
003000000000000347,001000000000000182,Noah,Walsh,Ops Lead,noah.walsh@deltafabric.com
003000000000000348,001000000000000182,Lucia,Novak,Admin,lucia.novak@deltafabric.com
003000000000000349,001000000000000182,Liam,Mbeki,VP Eng,liam.mbeki@deltafabric.com
003000000000000350,001000000000000183,Omar,Walsh,IT Director,omar.walsh@quantumnetworks.com
003000000000000351,001000000000000183,Elena,Patel,VP Eng,elena.patel@quantumnetworks.com
003000000000000352,001000000000000183,Faisal,Costa,VP Eng,faisal.costa@quantumnetworks.com
003000000000000353,001000000000000184,Aisha,Reyes,Admin,aisha.reyes@atlaslogic.com
003000000000000354,001000000000000185,Diego,Duarte,Ops Lead,diego.duarte@apexsignal.com
003000000000000355,001000000000000186,Liam,Novak,CIO,liam.novak@atlasnexus.com
003000000000000356,001000000000000186,Tomas,Moreau,Admin,tomas.moreau@atlasnexus.com
003000000000000357,001000000000000187,Aisha,Andersen,Admin,aisha.andersen@keystonenetworks.com
003000000000000358,001000000000000187,Ravi,Duarte,Admin,ravi.duarte@keystonenetworks.com
003000000000000359,001000000000000188,Chen,Mbeki,Admin,chen.mbeki@meridiannetworks.com
003000000000000360,001000000000000188,Sofia,Reyes,Ops Lead,sofia.reyes@meridiannetworks.com
003000000000000361,001000000000000189,Hana,Patel,Ops Lead,hana.patel@coppersignal.com
003000000000000362,001000000000000189,Sofia,Reyes,Ops Lead,sofia.reyes@coppersignal.com
003000000000000363,001000000000000190,Nadia,Costa,Admin,nadia.costa@vertexnexus.com
003000000000000364,001000000000000191,Sofia,Larsson,Admin,sofia.larsson@consolidated.com
003000000000000365,001000000000000192,Omar,Rossi,IT Director,omar.rossi@pacificvector.com
003000000000000366,001000000000000193,Tomas,Larsson,CIO,tomas.larsson@cascadelabs.com
003000000000000367,001000000000000193,Mei,Tanaka,Ops Lead,mei.tanaka@cascadelabs.com
003000000000000368,001000000000000193,Ingrid,Novak,IT Director,ingrid.novak@cascadelabs.com
003000000000000369,001000000000000194,Sean,Nguyen,CIO,sean.nguyen@pan-atlantic.com
003000000000000370,001000000000000194,Nadia,Reyes,Ops Lead,nadia.reyes@pan-atlantic.com
003000000000000371,001000000000000194,Tomas,Costa,VP Eng,tomas.costa@pan-atlantic.com
003000000000000372,001000000000000195,Kwame,Reyes,Ops Lead,kwame.reyes@larkstream.com
003000000000000373,001000000000000196,Kwame,Duarte,CIO,kwame.duarte@beaconbyte.com
003000000000000374,001000000000000196,Tomas,Duarte,VP Eng,tomas.duarte@beaconbyte.com
003000000000000375,001000000000000196,Diego,Rossi,Admin,diego.rossi@beaconbyte.com
003000000000000376,001000000000000197,Elena,Andersen,CIO,elena.andersen@quantumlogic.com
003000000000000377,001000000000000197,Tomas,Okafor,IT Director,tomas.okafor@quantumlogic.com
003000000000000378,001000000000000197,Yara,Nguyen,CIO,yara.nguyen@quantumlogic.com
003000000000000379,001000000000000198,Sofia,Novak,Ops Lead,sofia.novak@titannexus.com
003000000000000380,001000000000000198,Sean,Walsh,VP Eng,sean.walsh@titannexus.com
003000000000000381,001000000000000199,Sean,Andersen,Admin,sean.andersen@vertexsignal.com
003000000000000382,001000000000000199,Chen,Duarte,Admin,chen.duarte@vertexsignal.com
003000000000000383,001000000000000199,Priya,Mbeki,Ops Lead,priya.mbeki@vertexsignal.com
003000000000000384,001000000000000200,Sean,Patel,IT Director,sean.patel@pioneermicro.com
003000000000000385,001000000000000201,Sean,Andersen,Admin,sean.andersen@harborloop.com
003000000000000386,001000000000000202,Nadia,Moreau,CIO,nadia.moreau@harbordynamics.com
003000000000000387,001000000000000203,Ravi,Tanaka,VP Eng,ravi.tanaka@orcharddigital.com
003000000000000388,001000000000000204,Tomas,Duarte,Ops Lead,tomas.duarte@sablesignal.com
003000000000000389,001000000000000204,Liam,Novak,Ops Lead,liam.novak@sablesignal.com
003000000000000390,001000000000000205,Priya,Rossi,IT Director,priya.rossi@pacificnetworks.com
003000000000000391,001000000000000206,Tomas,Andersen,Admin,tomas.andersen@bluebyte.com
003000000000000392,001000000000000206,Ravi,Andersen,Admin,ravi.andersen@bluebyte.com
003000000000000393,001000000000000207,Priya,Novak,CIO,priya.novak@beaconlogic.com
003000000000000394,001000000000000208,Diego,Patel,VP Eng,diego.patel@summitcore.com
003000000000000395,001000000000000209,Liam,Khan,IT Director,liam.khan@deltaforge.com
003000000000000396,001000000000000209,Aisha,Haddad,Admin,aisha.haddad@deltaforge.com
003000000000000397,001000000000000209,Mei,Mbeki,VP Eng,mei.mbeki@deltaforge.com
003000000000000398,001000000000000210,Chen,Moreau,VP Eng,chen.moreau@vanguardfabric.com
003000000000000399,001000000000000210,Lucia,Larsson,Admin,lucia.larsson@vanguardfabric.com
003000000000000400,001000000000000210,Nadia,Tanaka,CIO,nadia.tanaka@vanguardfabric.com
003000000000000401,001000000000000211,Nadia,Larsson,VP Eng,nadia.larsson@copperfabric.com
003000000000000402,001000000000000212,Mei,Mbeki,VP Eng,mei.mbeki@meridian.com
003000000000000403,001000000000000213,Kwame,Andersen,Ops Lead,kwame.andersen@keystonesignal.com
003000000000000404,001000000000000214,Omar,Larsson,VP Eng,omar.larsson@harborstream.com
003000000000000405,001000000000000214,Priya,Rossi,Ops Lead,priya.rossi@harborstream.com
003000000000000406,001000000000000214,Lucia,Okafor,VP Eng,lucia.okafor@harborstream.com
003000000000000407,001000000000000215,Priya,Duarte,CIO,priya.duarte@quantumworks.com
003000000000000408,001000000000000216,Aisha,Khan,CIO,aisha.khan@deltamicro.com
003000000000000409,001000000000000216,Elena,Tanaka,Admin,elena.tanaka@deltamicro.com
003000000000000410,001000000000000216,Mei,Kim,Admin,mei.kim@deltamicro.com
003000000000000411,001000000000000217,Yara,Novak,CIO,yara.novak@atlasnetworks.com
003000000000000412,001000000000000218,Mei,Moreau,Admin,mei.moreau@cedarsystems.com
003000000000000413,001000000000000218,Ingrid,Duarte,Admin,ingrid.duarte@cedarsystems.com
003000000000000414,001000000000000219,Nadia,Duarte,CIO,nadia.duarte@pacificgrid.com
003000000000000415,001000000000000219,Hana,Novak,IT Director,hana.novak@pacificgrid.com
003000000000000416,001000000000000219,Liam,Duarte,VP Eng,liam.duarte@pacificgrid.com
003000000000000417,001000000000000220,Sofia,Khan,IT Director,sofia.khan@orchardlogic.com
003000000000000418,001000000000000220,Yara,Silva,Admin,yara.silva@orchardlogic.com
003000000000000419,001000000000000221,Diego,Okafor,CIO,diego.okafor@pacificstream.com
003000000000000420,001000000000000221,Diego,Okafor,Ops Lead,diego.okafor@pacificstream.com
003000000000000421,001000000000000221,Aisha,Kim,IT Director,aisha.kim@pacificstream.com
003000000000000422,001000000000000222,Mei,Duarte,VP Eng,mei.duarte@cedargrid.com
003000000000000423,001000000000000223,Kwame,Moreau,IT Director,kwame.moreau@copperstream.com
003000000000000424,001000000000000224,Kwame,Silva,VP Eng,kwame.silva@unionnexus.com
003000000000000425,001000000000000225,Tomas,Silva,VP Eng,tomas.silva@larknetworks.com
003000000000000426,001000000000000226,Sean,Rossi,VP Eng,sean.rossi@silvernexus.com
003000000000000427,001000000000000227,Kwame,Andersen,Admin,kwame.andersen@orchardwave.com
003000000000000428,001000000000000227,Diego,Larsson,IT Director,diego.larsson@orchardwave.com
003000000000000429,001000000000000227,Ravi,Novak,CIO,ravi.novak@orchardwave.com
003000000000000430,001000000000000228,Aisha,Rossi,Admin,aisha.rossi@summittech.com
003000000000000431,001000000000000229,Nadia,Nguyen,CIO,nadia.nguyen@cobaltdigital.com
003000000000000432,001000000000000230,Diego,Silva,Ops Lead,diego.silva@meridianvision.com
003000000000000433,001000000000000230,Sean,Andersen,IT Director,sean.andersen@meridianvision.com
003000000000000434,001000000000000231,Ingrid,Walsh,Admin,ingrid.walsh@ridgebyte.com
003000000000000435,001000000000000232,Chen,Reyes,CIO,chen.reyes@novatech.com
003000000000000436,001000000000000233,Faisal,Rossi,Ops Lead,faisal.rossi@silverloop.com
003000000000000437,001000000000000233,Aisha,Andersen,CIO,aisha.andersen@silverloop.com
003000000000000438,001000000000000234,Lucia,Khan,Ops Lead,lucia.khan@emeraldcloud.com
003000000000000439,001000000000000235,Sofia,Rossi,Ops Lead,sofia.rossi@sabletech.com
003000000000000440,001000000000000235,Chen,Moreau,VP Eng,chen.moreau@sabletech.com
003000000000000441,001000000000000235,Sean,Duarte,IT Director,sean.duarte@sabletech.com
003000000000000442,001000000000000236,Ingrid,Kim,IT Director,ingrid.kim@cedardynamics.com
003000000000000443,001000000000000236,Mei,Kim,VP Eng,mei.kim@cedardynamics.com
003000000000000444,001000000000000237,Elena,Novak,Ops Lead,elena.novak@sablelabs.com
003000000000000445,001000000000000238,Faisal,Okafor,VP Eng,faisal.okafor@graniteanalytics.com
003000000000000446,001000000000000238,Mei,Costa,VP Eng,mei.costa@graniteanalytics.com
003000000000000447,001000000000000238,Diego,Silva,IT Director,diego.silva@graniteanalytics.com
003000000000000448,001000000000000239,Omar,Khan,Admin,omar.khan@atlassphere.com
003000000000000449,001000000000000239,Faisal,Okafor,Admin,faisal.okafor@atlassphere.com
003000000000000450,001000000000000239,Kwame,Okafor,Ops Lead,kwame.okafor@atlassphere.com
003000000000000451,001000000000000240,Diego,Haddad,CIO,diego.haddad@titansphere.com
003000000000000452,001000000000000241,Liam,Okafor,VP Eng,liam.okafor@brightloop.com
003000000000000453,001000000000000241,Yara,Novak,CIO,yara.novak@brightloop.com
003000000000000454,001000000000000242,Priya,Duarte,IT Director,priya.duarte@quantummetric.com
003000000000000455,001000000000000243,Noah,Silva,Admin,noah.silva@quantumtech.com
003000000000000456,001000000000000243,Yara,Walsh,Ops Lead,yara.walsh@quantumtech.com
003000000000000457,001000000000000243,Hana,Tanaka,IT Director,hana.tanaka@quantumtech.com
003000000000000458,001000000000000244,Faisal,Reyes,Admin,faisal.reyes@cobaltdigital.com
003000000000000459,001000000000000244,Aisha,Haddad,Ops Lead,aisha.haddad@cobaltdigital.com
003000000000000460,001000000000000245,Chen,Nguyen,VP Eng,chen.nguyen@cobaltloop.com
003000000000000461,001000000000000245,Priya,Duarte,Ops Lead,priya.duarte@cobaltloop.com
003000000000000462,001000000000000245,Yara,Costa,Ops Lead,yara.costa@cobaltloop.com
003000000000000463,001000000000000246,Elena,Khan,Admin,elena.khan@sterlingloop.com
003000000000000464,001000000000000246,Kwame,Kim,Admin,kwame.kim@sterlingloop.com
003000000000000465,001000000000000247,Sofia,Tanaka,VP Eng,sofia.tanaka@onyxdata.com
003000000000000466,001000000000000247,Nadia,Mbeki,Admin,nadia.mbeki@onyxdata.com
003000000000000467,001000000000000248,Diego,Kim,VP Eng,diego.kim@helios.com
003000000000000468,001000000000000249,Mei,Haddad,Admin,mei.haddad@ironsystems.com
003000000000000469,001000000000000249,Tomas,Patel,Admin,tomas.patel@ironsystems.com
003000000000000470,001000000000000249,Tomas,Mbeki,VP Eng,tomas.mbeki@ironsystems.com
003000000000000471,001000000000000250,Aisha,Silva,VP Eng,aisha.silva@keystoneworks.com
003000000000000472,001000000000000250,Elena,Tanaka,Ops Lead,elena.tanaka@keystoneworks.com
003000000000000473,001000000000000250,Omar,Okafor,CIO,omar.okafor@keystoneworks.com
003000000000000474,001000000000000251,Diego,Larsson,Admin,diego.larsson@cobaltfabric.com
003000000000000475,001000000000000251,Aisha,Tanaka,VP Eng,aisha.tanaka@cobaltfabric.com
003000000000000476,001000000000000252,Priya,Andersen,Ops Lead,priya.andersen@apexfabric.com
003000000000000477,001000000000000252,Elena,Reyes,Admin,elena.reyes@apexfabric.com
003000000000000478,001000000000000253,Hana,Patel,Ops Lead,hana.patel@deltacloud.com
003000000000000479,001000000000000253,Nadia,Larsson,Admin,nadia.larsson@deltacloud.com
003000000000000480,001000000000000254,Hana,Tanaka,Admin,hana.tanaka@novalink.com
003000000000000481,001000000000000254,Kwame,Haddad,Ops Lead,kwame.haddad@novalink.com
003000000000000482,001000000000000255,Sean,Khan,Admin,sean.khan@onyxvision.com
003000000000000483,001000000000000255,Omar,Nguyen,CIO,omar.nguyen@onyxvision.com
003000000000000484,001000000000000256,Faisal,Haddad,CIO,faisal.haddad@sterlingwave.com
003000000000000485,001000000000000256,Kwame,Mbeki,Admin,kwame.mbeki@sterlingwave.com
003000000000000486,001000000000000256,Sofia,Costa,Admin,sofia.costa@sterlingwave.com
003000000000000487,001000000000000257,Priya,Mbeki,VP Eng,priya.mbeki@pacificlink.com
003000000000000488,001000000000000257,Faisal,Haddad,IT Director,faisal.haddad@pacificlink.com
003000000000000489,001000000000000258,Kwame,Larsson,CIO,kwame.larsson@maplevector.com
003000000000000490,001000000000000259,Ingrid,Haddad,VP Eng,ingrid.haddad@sablestream.com
003000000000000491,001000000000000259,Sean,Larsson,IT Director,sean.larsson@sablestream.com
003000000000000492,001000000000000259,Hana,Larsson,CIO,hana.larsson@sablestream.com
003000000000000493,001000000000000260,Ravi,Haddad,Admin,ravi.haddad@onyxanalytics.com
003000000000000494,001000000000000260,Omar,Mbeki,CIO,omar.mbeki@onyxanalytics.com
003000000000000495,001000000000000261,Mei,Kim,Ops Lead,mei.kim@mapleanalytics.com
003000000000000496,001000000000000261,Ravi,Okafor,Admin,ravi.okafor@mapleanalytics.com
003000000000000497,001000000000000262,Faisal,Okafor,Admin,faisal.okafor@titangrid.com
003000000000000498,001000000000000262,Mei,Larsson,Admin,mei.larsson@titangrid.com
003000000000000499,001000000000000263,Mei,Kim,VP Eng,mei.kim@granitesignal.com
003000000000000500,001000000000000263,Chen,Okafor,VP Eng,chen.okafor@granitesignal.com
003000000000000501,001000000000000263,Mei,Tanaka,Admin,mei.tanaka@granitesignal.com
003000000000000502,001000000000000264,Priya,Walsh,IT Director,priya.walsh@titansystems.com
003000000000000503,001000000000000264,Nadia,Mbeki,CIO,nadia.mbeki@titansystems.com
003000000000000504,001000000000000264,Kwame,Rossi,IT Director,kwame.rossi@titansystems.com
003000000000000505,001000000000000265,Kwame,Kim,IT Director,kwame.kim@auroramicro.com
003000000000000506,001000000000000265,Diego,Walsh,Admin,diego.walsh@auroramicro.com
003000000000000507,001000000000000266,Ingrid,Kim,VP Eng,ingrid.kim@vanguardvision.com
003000000000000508,001000000000000267,Lucia,Andersen,Admin,lucia.andersen@keystonelabs.com
003000000000000509,001000000000000267,Elena,Khan,CIO,elena.khan@keystonelabs.com
003000000000000510,001000000000000267,Noah,Moreau,VP Eng,noah.moreau@keystonelabs.com
003000000000000511,001000000000000268,Sofia,Haddad,Admin,sofia.haddad@granitewave.com
003000000000000512,001000000000000268,Diego,Larsson,CIO,diego.larsson@granitewave.com
003000000000000513,001000000000000268,Faisal,Nguyen,IT Director,faisal.nguyen@granitewave.com
003000000000000514,001000000000000269,Mei,Novak,VP Eng,mei.novak@copperstream.com
003000000000000515,001000000000000270,Mei,Walsh,Ops Lead,mei.walsh@irongrid.com
003000000000000516,001000000000000271,Hana,Reyes,IT Director,hana.reyes@titanfabric.com
003000000000000517,001000000000000271,Diego,Reyes,VP Eng,diego.reyes@titanfabric.com
003000000000000518,001000000000000272,Faisal,Nguyen,VP Eng,faisal.nguyen@larkworks.com
003000000000000519,001000000000000272,Noah,Kim,IT Director,noah.kim@larkworks.com
003000000000000520,001000000000000272,Nadia,Nguyen,Admin,nadia.nguyen@larkworks.com
003000000000000521,001000000000000273,Diego,Okafor,Ops Lead,diego.okafor@auroravector.com
003000000000000522,001000000000000273,Sean,Kim,Admin,sean.kim@auroravector.com
003000000000000523,001000000000000273,Chen,Patel,CIO,chen.patel@auroravector.com
003000000000000524,001000000000000274,Lucia,Okafor,Admin,lucia.okafor@silverfabric.com
003000000000000525,001000000000000274,Lucia,Khan,CIO,lucia.khan@silverfabric.com
003000000000000526,001000000000000275,Chen,Silva,Admin,chen.silva@deltaloop.com
003000000000000527,001000000000000276,Elena,Silva,Admin,elena.silva@larkpulse.com
003000000000000528,001000000000000276,Sean,Mbeki,CIO,sean.mbeki@larkpulse.com
003000000000000529,001000000000000276,Priya,Walsh,Admin,priya.walsh@larkpulse.com
003000000000000530,001000000000000277,Kwame,Larsson,Admin,kwame.larsson@apexanalytics.com
003000000000000531,001000000000000277,Nadia,Moreau,Ops Lead,nadia.moreau@apexanalytics.com
003000000000000532,001000000000000277,Liam,Larsson,IT Director,liam.larsson@apexanalytics.com
003000000000000533,001000000000000278,Liam,Nguyen,VP Eng,liam.nguyen@pacificfabric.com
003000000000000534,001000000000000278,Aisha,Nguyen,Ops Lead,aisha.nguyen@pacificfabric.com
003000000000000535,001000000000000278,Noah,Novak,VP Eng,noah.novak@pacificfabric.com
003000000000000536,001000000000000279,Elena,Moreau,CIO,elena.moreau@bluestream.com
003000000000000537,001000000000000279,Priya,Tanaka,Admin,priya.tanaka@bluestream.com
003000000000000538,001000000000000280,Lucia,Rossi,Ops Lead,lucia.rossi@coppernexus.com
003000000000000539,001000000000000280,Mei,Larsson,IT Director,mei.larsson@coppernexus.com
003000000000000540,001000000000000281,Omar,Reyes,Admin,omar.reyes@larksystems.com
003000000000000541,001000000000000281,Sofia,Tanaka,VP Eng,sofia.tanaka@larksystems.com
003000000000000542,001000000000000282,Chen,Larsson,VP Eng,chen.larsson@cascadecore.com
003000000000000543,001000000000000282,Nadia,Okafor,VP Eng,nadia.okafor@cascadecore.com
003000000000000544,001000000000000282,Noah,Silva,IT Director,noah.silva@cascadecore.com
003000000000000545,001000000000000283,Sofia,Rossi,IT Director,sofia.rossi@meridian.com
003000000000000546,001000000000000284,Tomas,Khan,VP Eng,tomas.khan@allied.com
003000000000000547,001000000000000284,Omar,Costa,CIO,omar.costa@allied.com
003000000000000548,001000000000000285,Ravi,Khan,VP Eng,ravi.khan@silverworks.com
003000000000000549,001000000000000286,Diego,Larsson,VP Eng,diego.larsson@titantech.com
003000000000000550,001000000000000286,Diego,Silva,Ops Lead,diego.silva@titantech.com
003000000000000551,001000000000000286,Sofia,Silva,VP Eng,sofia.silva@titantech.com
003000000000000552,001000000000000287,Yara,Reyes,VP Eng,yara.reyes@deltapulse.com
003000000000000553,001000000000000287,Kwame,Moreau,Ops Lead,kwame.moreau@deltapulse.com
003000000000000554,001000000000000287,Sofia,Costa,Admin,sofia.costa@deltapulse.com
003000000000000555,001000000000000288,Ravi,Silva,Ops Lead,ravi.silva@pan-atlantic.com
003000000000000556,001000000000000288,Elena,Mbeki,IT Director,elena.mbeki@pan-atlantic.com
003000000000000557,001000000000000289,Faisal,Okafor,CIO,faisal.okafor@apexmetric.com
003000000000000558,001000000000000290,Noah,Walsh,Ops Lead,noah.walsh@cascadestream.com
003000000000000559,001000000000000290,Hana,Rossi,VP Eng,hana.rossi@cascadestream.com
003000000000000560,001000000000000291,Hana,Walsh,IT Director,hana.walsh@maplewave.com
003000000000000561,001000000000000291,Elena,Reyes,Ops Lead,elena.reyes@maplewave.com
003000000000000562,001000000000000292,Hana,Haddad,VP Eng,hana.haddad@apexmetric.com
003000000000000563,001000000000000293,Lucia,Reyes,VP Eng,lucia.reyes@bluevision.com
003000000000000564,001000000000000294,Lucia,Tanaka,VP Eng,lucia.tanaka@deltastream.com
003000000000000565,001000000000000295,Liam,Moreau,CIO,liam.moreau@beaconpulse.com
003000000000000566,001000000000000295,Nadia,Kim,CIO,nadia.kim@beaconpulse.com
003000000000000567,001000000000000295,Nadia,Khan,CIO,nadia.khan@beaconpulse.com
003000000000000568,001000000000000296,Chen,Kim,Ops Lead,chen.kim@vertexmetric.com
003000000000000569,001000000000000296,Hana,Moreau,VP Eng,hana.moreau@vertexmetric.com
003000000000000570,001000000000000296,Yara,Tanaka,Ops Lead,yara.tanaka@vertexmetric.com
003000000000000571,001000000000000297,Hana,Walsh,VP Eng,hana.walsh@silverlogic.com
003000000000000572,001000000000000298,Priya,Haddad,CIO,priya.haddad@northdigital.com
003000000000000573,001000000000000298,Tomas,Larsson,VP Eng,tomas.larsson@northdigital.com
003000000000000574,001000000000000298,Diego,Kim,Ops Lead,diego.kim@northdigital.com
003000000000000575,001000000000000299,Kwame,Silva,Admin,kwame.silva@helios.com
003000000000000576,001000000000000300,Ingrid,Larsson,VP Eng,ingrid.larsson@silvertech.com
003000000000000577,001000000000000300,Faisal,Andersen,IT Director,faisal.andersen@silvertech.com
003000000000000578,001000000000000301,Elena,Duarte,Admin,elena.duarte@ridgeloop.com
003000000000000579,001000000000000302,Priya,Costa,VP Eng,priya.costa@ironsphere.com
003000000000000580,001000000000000302,Noah,Nguyen,Ops Lead,noah.nguyen@ironsphere.com
003000000000000581,001000000000000303,Faisal,Haddad,IT Director,faisal.haddad@brightdata.com
003000000000000582,001000000000000303,Chen,Mbeki,Admin,chen.mbeki@brightdata.com
003000000000000583,001000000000000304,Nadia,Patel,IT Director,nadia.patel@northdata.com
003000000000000584,001000000000000305,Ravi,Nguyen,CIO,ravi.nguyen@mapledigital.com
003000000000000585,001000000000000305,Sean,Nguyen,VP Eng,sean.nguyen@mapledigital.com
003000000000000586,001000000000000305,Sofia,Andersen,VP Eng,sofia.andersen@mapledigital.com
003000000000000587,001000000000000306,Kwame,Patel,Admin,kwame.patel@titanstream.com
003000000000000588,001000000000000306,Ravi,Patel,VP Eng,ravi.patel@titanstream.com
003000000000000589,001000000000000306,Ravi,Larsson,VP Eng,ravi.larsson@titanstream.com
003000000000000590,001000000000000307,Elena,Larsson,Admin,elena.larsson@titanpulse.com
003000000000000591,001000000000000308,Mei,Patel,Ops Lead,mei.patel@harborcloud.com
003000000000000592,001000000000000309,Hana,Reyes,VP Eng,hana.reyes@coppersoft.com
003000000000000593,001000000000000309,Kwame,Walsh,IT Director,kwame.walsh@coppersoft.com
003000000000000594,001000000000000310,Noah,Patel,Admin,noah.patel@novacompute.com
003000000000000595,001000000000000311,Kwame,Khan,Ops Lead,kwame.khan@orchardsystems.com
003000000000000596,001000000000000311,Sofia,Costa,IT Director,sofia.costa@orchardsystems.com
003000000000000597,001000000000000311,Omar,Novak,CIO,omar.novak@orchardsystems.com
003000000000000598,001000000000000312,Sean,Khan,CIO,sean.khan@pacificdynamics.com
003000000000000599,001000000000000312,Omar,Moreau,Admin,omar.moreau@pacificdynamics.com
003000000000000600,001000000000000312,Ravi,Mbeki,VP Eng,ravi.mbeki@pacificdynamics.com
003000000000000601,001000000000000313,Noah,Mbeki,Ops Lead,noah.mbeki@harborsignal.com
003000000000000602,001000000000000313,Tomas,Kim,CIO,tomas.kim@harborsignal.com
003000000000000603,001000000000000313,Kwame,Duarte,Admin,kwame.duarte@harborsignal.com
003000000000000604,001000000000000314,Aisha,Duarte,CIO,aisha.duarte@sablesoft.com
003000000000000605,001000000000000315,Sean,Okafor,Ops Lead,sean.okafor@granitebyte.com
003000000000000606,001000000000000315,Ingrid,Okafor,Ops Lead,ingrid.okafor@granitebyte.com
003000000000000607,001000000000000315,Chen,Moreau,IT Director,chen.moreau@granitebyte.com
003000000000000608,001000000000000316,Faisal,Mbeki,Admin,faisal.mbeki@cobaltmetric.com
003000000000000609,001000000000000317,Kwame,Rossi,VP Eng,kwame.rossi@vanguarddigital.com
003000000000000610,001000000000000317,Faisal,Moreau,Admin,faisal.moreau@vanguarddigital.com
003000000000000611,001000000000000318,Aisha,Larsson,Admin,aisha.larsson@meridiansignal.com
003000000000000612,001000000000000318,Aisha,Haddad,VP Eng,aisha.haddad@meridiansignal.com
003000000000000613,001000000000000319,Lucia,Rossi,IT Director,lucia.rossi@auroralabs.com
003000000000000614,001000000000000320,Chen,Costa,VP Eng,chen.costa@harborworks.com
003000000000000615,001000000000000320,Elena,Okafor,Ops Lead,elena.okafor@harborworks.com
003000000000000616,001000000000000320,Omar,Kim,VP Eng,omar.kim@harborworks.com
003000000000000617,001000000000000321,Nadia,Walsh,IT Director,nadia.walsh@pioneerdata.com
003000000000000618,001000000000000321,Kwame,Mbeki,Ops Lead,kwame.mbeki@pioneerdata.com
003000000000000619,001000000000000321,Tomas,Kim,IT Director,tomas.kim@pioneerdata.com
003000000000000620,001000000000000322,Noah,Nguyen,VP Eng,noah.nguyen@apexdata.com
003000000000000621,001000000000000323,Tomas,Patel,VP Eng,tomas.patel@consolidated.com
003000000000000622,001000000000000323,Aisha,Khan,VP Eng,aisha.khan@consolidated.com
003000000000000623,001000000000000323,Lucia,Andersen,IT Director,lucia.andersen@consolidated.com
003000000000000624,001000000000000324,Diego,Larsson,CIO,diego.larsson@summitworks.com
003000000000000625,001000000000000325,Faisal,Okafor,VP Eng,faisal.okafor@meridian.com
003000000000000626,001000000000000325,Noah,Reyes,CIO,noah.reyes@meridian.com
003000000000000627,001000000000000325,Priya,Andersen,VP Eng,priya.andersen@meridian.com
003000000000000628,001000000000000326,Elena,Nguyen,VP Eng,elena.nguyen@ironcloud.com
003000000000000629,001000000000000326,Priya,Rossi,Admin,priya.rossi@ironcloud.com
003000000000000630,001000000000000327,Nadia,Costa,IT Director,nadia.costa@novatech.com
003000000000000631,001000000000000327,Priya,Silva,CIO,priya.silva@novatech.com
003000000000000632,001000000000000328,Noah,Novak,Ops Lead,noah.novak@harborcompute.com
003000000000000633,001000000000000328,Tomas,Nguyen,IT Director,tomas.nguyen@harborcompute.com
003000000000000634,001000000000000329,Ingrid,Patel,CIO,ingrid.patel@titanlogic.com
003000000000000635,001000000000000330,Chen,Kim,CIO,chen.kim@meridian.com
003000000000000636,001000000000000331,Yara,Duarte,IT Director,yara.duarte@sterlingbyte.com
003000000000000637,001000000000000331,Kwame,Mbeki,Admin,kwame.mbeki@sterlingbyte.com
003000000000000638,001000000000000332,Noah,Mbeki,CIO,noah.mbeki@sterlingcompute.com
003000000000000639,001000000000000332,Priya,Kim,VP Eng,priya.kim@sterlingcompute.com
003000000000000640,001000000000000332,Faisal,Silva,Admin,faisal.silva@sterlingcompute.com
003000000000000641,001000000000000333,Mei,Andersen,IT Director,mei.andersen@meridianpulse.com
003000000000000642,001000000000000334,Tomas,Reyes,Ops Lead,tomas.reyes@bluefabric.com
003000000000000643,001000000000000334,Tomas,Costa,VP Eng,tomas.costa@bluefabric.com
003000000000000644,001000000000000335,Yara,Okafor,CIO,yara.okafor@beaconvision.com
003000000000000645,001000000000000336,Ingrid,Larsson,VP Eng,ingrid.larsson@auroralabs.com
003000000000000646,001000000000000337,Diego,Haddad,CIO,diego.haddad@meridiandynamics.com
003000000000000647,001000000000000337,Ravi,Moreau,Admin,ravi.moreau@meridiandynamics.com
003000000000000648,001000000000000337,Ravi,Nguyen,Ops Lead,ravi.nguyen@meridiandynamics.com
003000000000000649,001000000000000338,Tomas,Moreau,VP Eng,tomas.moreau@novabyte.com
003000000000000650,001000000000000339,Mei,Rossi,IT Director,mei.rossi@bluelink.com
003000000000000651,001000000000000339,Tomas,Nguyen,IT Director,tomas.nguyen@bluelink.com
003000000000000652,001000000000000339,Chen,Moreau,Admin,chen.moreau@bluelink.com
003000000000000653,001000000000000340,Hana,Walsh,Ops Lead,hana.walsh@northpulse.com
003000000000000654,001000000000000340,Priya,Moreau,Admin,priya.moreau@northpulse.com
003000000000000655,001000000000000341,Lucia,Patel,CIO,lucia.patel@cascadelink.com
003000000000000656,001000000000000341,Liam,Khan,Ops Lead,liam.khan@cascadelink.com
003000000000000657,001000000000000342,Sofia,Tanaka,VP Eng,sofia.tanaka@pacificworks.com
003000000000000658,001000000000000342,Diego,Haddad,CIO,diego.haddad@pacificworks.com
003000000000000659,001000000000000343,Priya,Khan,Ops Lead,priya.khan@cascadestream.com
003000000000000660,001000000000000343,Lucia,Duarte,Admin,lucia.duarte@cascadestream.com
003000000000000661,001000000000000344,Chen,Reyes,VP Eng,chen.reyes@standard.com
003000000000000662,001000000000000344,Priya,Costa,CIO,priya.costa@standard.com
003000000000000663,001000000000000345,Mei,Nguyen,Admin,mei.nguyen@novanexus.com
003000000000000664,001000000000000346,Nadia,Tanaka,Ops Lead,nadia.tanaka@maplebyte.com
003000000000000665,001000000000000346,Ravi,Novak,Ops Lead,ravi.novak@maplebyte.com
003000000000000666,001000000000000346,Ravi,Walsh,CIO,ravi.walsh@maplebyte.com
003000000000000667,001000000000000347,Nadia,Reyes,IT Director,nadia.reyes@pacificwave.com
003000000000000668,001000000000000347,Elena,Silva,Admin,elena.silva@pacificwave.com
003000000000000669,001000000000000348,Faisal,Andersen,IT Director,faisal.andersen@pan-atlantic.com
003000000000000670,001000000000000349,Kwame,Okafor,Ops Lead,kwame.okafor@brightfabric.com
003000000000000671,001000000000000349,Sean,Mbeki,CIO,sean.mbeki@brightfabric.com
003000000000000672,001000000000000349,Sofia,Silva,Ops Lead,sofia.silva@brightfabric.com
003000000000000673,001000000000000350,Nadia,Haddad,VP Eng,nadia.haddad@sterlingvector.com
003000000000000674,001000000000000351,Lucia,Nguyen,IT Director,lucia.nguyen@harbormetric.com
003000000000000675,001000000000000351,Yara,Kim,Admin,yara.kim@harbormetric.com
003000000000000676,001000000000000351,Omar,Duarte,Ops Lead,omar.duarte@harbormetric.com
003000000000000677,001000000000000352,Ravi,Costa,VP Eng,ravi.costa@ironsoft.com
003000000000000678,001000000000000352,Ravi,Tanaka,Admin,ravi.tanaka@ironsoft.com
003000000000000679,001000000000000353,Hana,Silva,CIO,hana.silva@deltadata.com
003000000000000680,001000000000000353,Priya,Kim,CIO,priya.kim@deltadata.com
003000000000000681,001000000000000354,Priya,Nguyen,CIO,priya.nguyen@vertexworks.com
003000000000000682,001000000000000354,Hana,Duarte,IT Director,hana.duarte@vertexworks.com
003000000000000683,001000000000000354,Elena,Haddad,IT Director,elena.haddad@vertexworks.com
003000000000000684,001000000000000355,Liam,Novak,IT Director,liam.novak@silveranalytics.com
003000000000000685,001000000000000356,Sofia,Larsson,Admin,sofia.larsson@granitesignal.com
003000000000000686,001000000000000357,Ingrid,Moreau,Admin,ingrid.moreau@standard.com
003000000000000687,001000000000000357,Diego,Tanaka,Ops Lead,diego.tanaka@standard.com
003000000000000688,001000000000000357,Yara,Haddad,IT Director,yara.haddad@standard.com
003000000000000689,001000000000000358,Aisha,Costa,Admin,aisha.costa@helios.com
003000000000000690,001000000000000359,Lucia,Reyes,CIO,lucia.reyes@summitworks.com
003000000000000691,001000000000000359,Nadia,Duarte,CIO,nadia.duarte@summitworks.com
003000000000000692,001000000000000360,Kwame,Silva,VP Eng,kwame.silva@granitedigital.com
003000000000000693,001000000000000360,Ingrid,Okafor,VP Eng,ingrid.okafor@granitedigital.com
003000000000000694,001000000000000360,Omar,Rossi,Ops Lead,omar.rossi@granitedigital.com
003000000000000695,001000000000000361,Sofia,Mbeki,CIO,sofia.mbeki@emeraldgrid.com
003000000000000696,001000000000000361,Noah,Kim,VP Eng,noah.kim@emeraldgrid.com
003000000000000697,001000000000000361,Tomas,Kim,VP Eng,tomas.kim@emeraldgrid.com
003000000000000698,001000000000000362,Noah,Haddad,IT Director,noah.haddad@aurorastream.com
003000000000000699,001000000000000363,Sofia,Walsh,VP Eng,sofia.walsh@novastream.com
003000000000000700,001000000000000364,Tomas,Patel,IT Director,tomas.patel@summitsystems.com
003000000000000701,001000000000000364,Tomas,Walsh,VP Eng,tomas.walsh@summitsystems.com
003000000000000702,001000000000000364,Aisha,Walsh,Ops Lead,aisha.walsh@summitsystems.com
003000000000000703,001000000000000365,Liam,Mbeki,VP Eng,liam.mbeki@auroralink.com
003000000000000704,001000000000000365,Priya,Haddad,Admin,priya.haddad@auroralink.com
003000000000000705,001000000000000366,Ingrid,Reyes,Admin,ingrid.reyes@ridgetech.com
003000000000000706,001000000000000366,Ingrid,Rossi,Admin,ingrid.rossi@ridgetech.com
003000000000000707,001000000000000367,Kwame,Walsh,Admin,kwame.walsh@quantumcompute.com
003000000000000708,001000000000000367,Yara,Kim,CIO,yara.kim@quantumcompute.com
003000000000000709,001000000000000368,Liam,Kim,VP Eng,liam.kim@meridiantech.com
003000000000000710,001000000000000368,Nadia,Khan,IT Director,nadia.khan@meridiantech.com
003000000000000711,001000000000000369,Omar,Walsh,CIO,omar.walsh@onyxdata.com
003000000000000712,001000000000000369,Sean,Reyes,IT Director,sean.reyes@onyxdata.com
003000000000000713,001000000000000370,Tomas,Moreau,Ops Lead,tomas.moreau@deltalogic.com
003000000000000714,001000000000000371,Nadia,Andersen,Ops Lead,nadia.andersen@keystonecore.com
003000000000000715,001000000000000371,Kwame,Tanaka,VP Eng,kwame.tanaka@keystonecore.com
003000000000000716,001000000000000372,Mei,Okafor,Admin,mei.okafor@granitecloud.com
003000000000000717,001000000000000372,Lucia,Costa,CIO,lucia.costa@granitecloud.com
003000000000000718,001000000000000372,Kwame,Nguyen,IT Director,kwame.nguyen@granitecloud.com
003000000000000719,001000000000000373,Nadia,Rossi,CIO,nadia.rossi@vertexforge.com
003000000000000720,001000000000000373,Liam,Walsh,CIO,liam.walsh@vertexforge.com
003000000000000721,001000000000000373,Liam,Silva,Admin,liam.silva@vertexforge.com
003000000000000722,001000000000000374,Kwame,Okafor,IT Director,kwame.okafor@sablestream.com
003000000000000723,001000000000000374,Sofia,Kim,Ops Lead,sofia.kim@sablestream.com
003000000000000724,001000000000000375,Elena,Okafor,CIO,elena.okafor@maplegrid.com
003000000000000725,001000000000000375,Faisal,Okafor,Admin,faisal.okafor@maplegrid.com
003000000000000726,001000000000000376,Yara,Andersen,VP Eng,yara.andersen@novasoft.com
003000000000000727,001000000000000376,Elena,Larsson,Ops Lead,elena.larsson@novasoft.com
003000000000000728,001000000000000377,Kwame,Kim,IT Director,kwame.kim@blueanalytics.com
003000000000000729,001000000000000378,Mei,Walsh,VP Eng,mei.walsh@summitsystems.com
003000000000000730,001000000000000378,Liam,Larsson,IT Director,liam.larsson@summitsystems.com
003000000000000731,001000000000000378,Ingrid,Rossi,Ops Lead,ingrid.rossi@summitsystems.com
003000000000000732,001000000000000379,Lucia,Okafor,Ops Lead,lucia.okafor@northtech.com
003000000000000733,001000000000000379,Aisha,Andersen,Admin,aisha.andersen@northtech.com
003000000000000734,001000000000000379,Yara,Patel,CIO,yara.patel@northtech.com
003000000000000735,001000000000000380,Nadia,Costa,IT Director,nadia.costa@sablesignal.com
003000000000000736,001000000000000380,Diego,Duarte,Ops Lead,diego.duarte@sablesignal.com
003000000000000737,001000000000000381,Tomas,Kim,IT Director,tomas.kim@novanexus.com
003000000000000738,001000000000000382,Kwame,Kim,Admin,kwame.kim@sableforge.com
003000000000000739,001000000000000382,Noah,Mbeki,IT Director,noah.mbeki@sableforge.com
003000000000000740,001000000000000382,Faisal,Costa,VP Eng,faisal.costa@sableforge.com
003000000000000741,001000000000000383,Faisal,Okafor,IT Director,faisal.okafor@ridgesignal.com
003000000000000742,001000000000000383,Nadia,Novak,CIO,nadia.novak@ridgesignal.com
003000000000000743,001000000000000383,Hana,Silva,VP Eng,hana.silva@ridgesignal.com
003000000000000744,001000000000000384,Faisal,Patel,Admin,faisal.patel@standard.com
003000000000000745,001000000000000385,Nadia,Costa,Ops Lead,nadia.costa@unionsystems.com
003000000000000746,001000000000000386,Priya,Walsh,IT Director,priya.walsh@summitnetworks.com
003000000000000747,001000000000000387,Ingrid,Duarte,CIO,ingrid.duarte@deltavision.com
003000000000000748,001000000000000387,Faisal,Novak,Admin,faisal.novak@deltavision.com
003000000000000749,001000000000000388,Tomas,Novak,Admin,tomas.novak@larkloop.com
003000000000000750,001000000000000388,Aisha,Tanaka,Admin,aisha.tanaka@larkloop.com
003000000000000751,001000000000000388,Liam,Nguyen,VP Eng,liam.nguyen@larkloop.com
003000000000000752,001000000000000389,Ingrid,Kim,Admin,ingrid.kim@novasignal.com
003000000000000753,001000000000000389,Ravi,Nguyen,Ops Lead,ravi.nguyen@novasignal.com
003000000000000754,001000000000000390,Kwame,Nguyen,IT Director,kwame.nguyen@granitedigital.com
003000000000000755,001000000000000391,Kwame,Walsh,Ops Lead,kwame.walsh@deltamicro.com
003000000000000756,001000000000000391,Aisha,Khan,Ops Lead,aisha.khan@deltamicro.com
003000000000000757,001000000000000392,Priya,Tanaka,Ops Lead,priya.tanaka@brightvision.com
003000000000000758,001000000000000393,Diego,Andersen,IT Director,diego.andersen@meridianbyte.com
003000000000000759,001000000000000393,Diego,Novak,Ops Lead,diego.novak@meridianbyte.com
003000000000000760,001000000000000393,Elena,Andersen,Ops Lead,elena.andersen@meridianbyte.com
003000000000000761,001000000000000394,Ingrid,Rossi,CIO,ingrid.rossi@onyxloop.com
003000000000000762,001000000000000394,Diego,Reyes,IT Director,diego.reyes@onyxloop.com
003000000000000763,001000000000000394,Diego,Haddad,Ops Lead,diego.haddad@onyxloop.com
003000000000000764,001000000000000395,Omar,Haddad,Ops Lead,omar.haddad@auroraforge.com
003000000000000765,001000000000000395,Sean,Silva,IT Director,sean.silva@auroraforge.com
003000000000000766,001000000000000395,Mei,Mbeki,VP Eng,mei.mbeki@auroraforge.com
003000000000000767,001000000000000396,Ingrid,Duarte,Ops Lead,ingrid.duarte@vertexcompute.com
003000000000000768,001000000000000397,Priya,Okafor,CIO,priya.okafor@helios.com
003000000000000769,001000000000000397,Nadia,Walsh,CIO,nadia.walsh@helios.com
003000000000000770,001000000000000398,Omar,Moreau,IT Director,omar.moreau@helios.com
003000000000000771,001000000000000398,Kwame,Khan,Admin,kwame.khan@helios.com
003000000000000772,001000000000000398,Mei,Okafor,Admin,mei.okafor@helios.com
003000000000000773,001000000000000399,Liam,Moreau,VP Eng,liam.moreau@titancompute.com
003000000000000774,001000000000000399,Omar,Haddad,CIO,omar.haddad@titancompute.com
003000000000000775,001000000000000400,Ravi,Kim,Ops Lead,ravi.kim@sablewave.com
003000000000000776,001000000000000401,Kwame,Nguyen,CIO,kwame.nguyen@vertexdata.com
003000000000000777,001000000000000401,Hana,Costa,IT Director,hana.costa@vertexdata.com
003000000000000778,001000000000000402,Mei,Nguyen,IT Director,mei.nguyen@granitesignal.com
003000000000000779,001000000000000402,Faisal,Silva,IT Director,faisal.silva@granitesignal.com
003000000000000780,001000000000000402,Priya,Costa,CIO,priya.costa@granitesignal.com
003000000000000781,001000000000000403,Sofia,Reyes,Ops Lead,sofia.reyes@helios.com
003000000000000782,001000000000000403,Yara,Patel,Ops Lead,yara.patel@helios.com
003000000000000783,001000000000000403,Ingrid,Rossi,CIO,ingrid.rossi@helios.com
003000000000000784,001000000000000404,Tomas,Reyes,CIO,tomas.reyes@pioneeranalytics.com
003000000000000785,001000000000000405,Lucia,Mbeki,Admin,lucia.mbeki@sabledigital.com
003000000000000786,001000000000000405,Diego,Andersen,VP Eng,diego.andersen@sabledigital.com
003000000000000787,001000000000000406,Faisal,Andersen,VP Eng,faisal.andersen@coppersystems.com
003000000000000788,001000000000000406,Elena,Rossi,Admin,elena.rossi@coppersystems.com
003000000000000789,001000000000000406,Chen,Patel,Admin,chen.patel@coppersystems.com
003000000000000790,001000000000000407,Chen,Tanaka,IT Director,chen.tanaka@consolidated.com
003000000000000791,001000000000000408,Sofia,Novak,IT Director,sofia.novak@graniteforge.com
003000000000000792,001000000000000408,Kwame,Andersen,Admin,kwame.andersen@graniteforge.com
003000000000000793,001000000000000409,Noah,Khan,Ops Lead,noah.khan@meridianlogic.com
003000000000000794,001000000000000409,Sofia,Larsson,Ops Lead,sofia.larsson@meridianlogic.com
003000000000000795,001000000000000410,Sofia,Haddad,VP Eng,sofia.haddad@sablegrid.com
003000000000000796,001000000000000410,Noah,Rossi,IT Director,noah.rossi@sablegrid.com
003000000000000797,001000000000000410,Ingrid,Okafor,Admin,ingrid.okafor@sablegrid.com
003000000000000798,001000000000000411,Kwame,Haddad,Admin,kwame.haddad@keystonelabs.com
003000000000000799,001000000000000412,Omar,Patel,IT Director,omar.patel@emeraldwave.com
003000000000000800,001000000000000412,Hana,Reyes,CIO,hana.reyes@emeraldwave.com
003000000000000801,001000000000000412,Tomas,Rossi,Admin,tomas.rossi@emeraldwave.com
003000000000000802,001000000000000413,Kwame,Tanaka,Ops Lead,kwame.tanaka@larkworks.com
003000000000000803,001000000000000413,Noah,Silva,IT Director,noah.silva@larkworks.com
003000000000000804,001000000000000414,Ravi,Rossi,Admin,ravi.rossi@bluelink.com
003000000000000805,001000000000000414,Tomas,Reyes,Ops Lead,tomas.reyes@bluelink.com
003000000000000806,001000000000000415,Aisha,Mbeki,Ops Lead,aisha.mbeki@copperdata.com
003000000000000807,001000000000000416,Liam,Silva,VP Eng,liam.silva@blueforge.com
003000000000000808,001000000000000416,Lucia,Walsh,Ops Lead,lucia.walsh@blueforge.com
003000000000000809,001000000000000417,Chen,Patel,IT Director,chen.patel@cascadeforge.com
003000000000000810,001000000000000417,Tomas,Walsh,Admin,tomas.walsh@cascadeforge.com
003000000000000811,001000000000000417,Ravi,Andersen,Ops Lead,ravi.andersen@cascadeforge.com
003000000000000812,001000000000000418,Diego,Costa,VP Eng,diego.costa@atlasvector.com
003000000000000813,001000000000000418,Ravi,Kim,VP Eng,ravi.kim@atlasvector.com
003000000000000814,001000000000000419,Hana,Costa,Ops Lead,hana.costa@meridiandata.com
003000000000000815,001000000000000419,Noah,Kim,IT Director,noah.kim@meridiandata.com
003000000000000816,001000000000000420,Elena,Novak,VP Eng,elena.novak@deltastream.com
003000000000000817,001000000000000420,Chen,Kim,VP Eng,chen.kim@deltastream.com
003000000000000818,001000000000000421,Kwame,Rossi,CIO,kwame.rossi@aurorawave.com
003000000000000819,001000000000000422,Diego,Reyes,CIO,diego.reyes@vertexsignal.com
003000000000000820,001000000000000423,Kwame,Nguyen,Admin,kwame.nguyen@vertexlabs.com
003000000000000821,001000000000000423,Faisal,Silva,CIO,faisal.silva@vertexlabs.com
003000000000000822,001000000000000423,Omar,Andersen,Admin,omar.andersen@vertexlabs.com
003000000000000823,001000000000000424,Faisal,Moreau,IT Director,faisal.moreau@silverwave.com
003000000000000824,001000000000000424,Ravi,Haddad,Ops Lead,ravi.haddad@silverwave.com
003000000000000825,001000000000000425,Mei,Andersen,IT Director,mei.andersen@brightcompute.com
003000000000000826,001000000000000425,Omar,Duarte,VP Eng,omar.duarte@brightcompute.com
003000000000000827,001000000000000426,Mei,Andersen,Admin,mei.andersen@auroravision.com
003000000000000828,001000000000000426,Diego,Silva,Admin,diego.silva@auroravision.com
003000000000000829,001000000000000426,Elena,Khan,Admin,elena.khan@auroravision.com
003000000000000830,001000000000000427,Priya,Okafor,VP Eng,priya.okafor@pioneerlink.com
003000000000000831,001000000000000427,Faisal,Walsh,IT Director,faisal.walsh@pioneerlink.com
003000000000000832,001000000000000427,Faisal,Andersen,CIO,faisal.andersen@pioneerlink.com
003000000000000833,001000000000000428,Nadia,Haddad,VP Eng,nadia.haddad@coppercore.com
003000000000000834,001000000000000429,Ravi,Andersen,CIO,ravi.andersen@apexsystems.com
003000000000000835,001000000000000429,Ravi,Tanaka,IT Director,ravi.tanaka@apexsystems.com
003000000000000836,001000000000000429,Hana,Khan,VP Eng,hana.khan@apexsystems.com
003000000000000837,001000000000000430,Lucia,Kim,Ops Lead,lucia.kim@ironnetworks.com
003000000000000838,001000000000000430,Lucia,Silva,CIO,lucia.silva@ironnetworks.com
003000000000000839,001000000000000430,Priya,Andersen,CIO,priya.andersen@ironnetworks.com
003000000000000840,001000000000000431,Lucia,Kim,CIO,lucia.kim@maplelogic.com
003000000000000841,001000000000000432,Aisha,Andersen,CIO,aisha.andersen@summitdata.com
003000000000000842,001000000000000432,Elena,Novak,Admin,elena.novak@summitdata.com
003000000000000843,001000000000000433,Elena,Silva,IT Director,elena.silva@coppercore.com
003000000000000844,001000000000000434,Sean,Andersen,VP Eng,sean.andersen@pioneerworks.com
003000000000000845,001000000000000435,Omar,Moreau,IT Director,omar.moreau@ridgeforge.com
003000000000000846,001000000000000435,Yara,Tanaka,Admin,yara.tanaka@ridgeforge.com
003000000000000847,001000000000000435,Chen,Moreau,IT Director,chen.moreau@ridgeforge.com
003000000000000848,001000000000000436,Noah,Mbeki,CIO,noah.mbeki@copperfabric.com
003000000000000849,001000000000000436,Omar,Silva,Ops Lead,omar.silva@copperfabric.com
003000000000000850,001000000000000437,Hana,Rossi,CIO,hana.rossi@bluevector.com
003000000000000851,001000000000000438,Lucia,Duarte,IT Director,lucia.duarte@mapleworks.com
003000000000000852,001000000000000438,Diego,Silva,CIO,diego.silva@mapleworks.com
003000000000000853,001000000000000439,Kwame,Moreau,VP Eng,kwame.moreau@cobaltlogic.com
003000000000000854,001000000000000439,Ingrid,Okafor,Admin,ingrid.okafor@cobaltlogic.com
003000000000000855,001000000000000439,Kwame,Andersen,CIO,kwame.andersen@cobaltlogic.com
003000000000000856,001000000000000440,Noah,Novak,Ops Lead,noah.novak@aurorametric.com
003000000000000857,001000000000000440,Liam,Haddad,Ops Lead,liam.haddad@aurorametric.com
003000000000000858,001000000000000440,Sofia,Khan,IT Director,sofia.khan@aurorametric.com
003000000000000859,001000000000000441,Elena,Moreau,Ops Lead,elena.moreau@vertexdigital.com
003000000000000860,001000000000000441,Faisal,Khan,VP Eng,faisal.khan@vertexdigital.com
003000000000000861,001000000000000442,Mei,Nguyen,Admin,mei.nguyen@deltanetworks.com
003000000000000862,001000000000000443,Aisha,Reyes,CIO,aisha.reyes@sableworks.com
003000000000000863,001000000000000443,Sofia,Haddad,Ops Lead,sofia.haddad@sableworks.com
003000000000000864,001000000000000443,Liam,Rossi,Admin,liam.rossi@sableworks.com
003000000000000865,001000000000000444,Lucia,Khan,VP Eng,lucia.khan@keystoneanalytics.com
003000000000000866,001000000000000444,Noah,Reyes,Ops Lead,noah.reyes@keystoneanalytics.com
003000000000000867,001000000000000444,Yara,Costa,IT Director,yara.costa@keystoneanalytics.com
003000000000000868,001000000000000445,Chen,Khan,VP Eng,chen.khan@meridianpulse.com
003000000000000869,001000000000000446,Ravi,Mbeki,CIO,ravi.mbeki@cascadedigital.com
003000000000000870,001000000000000446,Lucia,Patel,Admin,lucia.patel@cascadedigital.com
003000000000000871,001000000000000446,Ravi,Okafor,CIO,ravi.okafor@cascadedigital.com
003000000000000872,001000000000000447,Liam,Novak,CIO,liam.novak@titandigital.com
003000000000000873,001000000000000448,Yara,Okafor,CIO,yara.okafor@meridian.com
003000000000000874,001000000000000448,Noah,Larsson,Admin,noah.larsson@meridian.com
003000000000000875,001000000000000449,Liam,Khan,VP Eng,liam.khan@harbordynamics.com
003000000000000876,001000000000000450,Lucia,Haddad,Admin,lucia.haddad@ridgecloud.com
003000000000000877,001000000000000451,Lucia,Costa,IT Director,lucia.costa@sterlinganalytics.com
003000000000000878,001000000000000451,Omar,Nguyen,IT Director,omar.nguyen@sterlinganalytics.com
003000000000000879,001000000000000451,Elena,Haddad,Admin,elena.haddad@sterlinganalytics.com
003000000000000880,001000000000000452,Hana,Patel,CIO,hana.patel@vanguardnexus.com
003000000000000881,001000000000000452,Chen,Larsson,IT Director,chen.larsson@vanguardnexus.com
003000000000000882,001000000000000453,Hana,Khan,IT Director,hana.khan@aurorawave.com
003000000000000883,001000000000000453,Lucia,Khan,IT Director,lucia.khan@aurorawave.com
003000000000000884,001000000000000454,Yara,Kim,VP Eng,yara.kim@maplemicro.com
003000000000000885,001000000000000455,Tomas,Costa,VP Eng,tomas.costa@granitepulse.com
003000000000000886,001000000000000456,Noah,Walsh,Admin,noah.walsh@copperdynamics.com
003000000000000887,001000000000000456,Kwame,Novak,Admin,kwame.novak@copperdynamics.com
003000000000000888,001000000000000457,Sofia,Haddad,Admin,sofia.haddad@helios.com
003000000000000889,001000000000000457,Ingrid,Patel,VP Eng,ingrid.patel@helios.com
003000000000000890,001000000000000457,Elena,Costa,Admin,elena.costa@helios.com
003000000000000891,001000000000000458,Priya,Silva,Admin,priya.silva@consolidated.com
003000000000000892,001000000000000459,Faisal,Reyes,CIO,faisal.reyes@sterlingcore.com
003000000000000893,001000000000000459,Tomas,Moreau,VP Eng,tomas.moreau@sterlingcore.com
003000000000000894,001000000000000459,Faisal,Tanaka,VP Eng,faisal.tanaka@sterlingcore.com
003000000000000895,001000000000000460,Ingrid,Larsson,Ops Lead,ingrid.larsson@keystonemetric.com
003000000000000896,001000000000000460,Hana,Novak,Admin,hana.novak@keystonemetric.com
003000000000000897,001000000000000460,Yara,Kim,CIO,yara.kim@keystonemetric.com
003000000000000898,001000000000000461,Ravi,Duarte,CIO,ravi.duarte@vanguarddynamics.com
003000000000000899,001000000000000461,Aisha,Okafor,IT Director,aisha.okafor@vanguarddynamics.com
003000000000000900,001000000000000462,Ingrid,Nguyen,VP Eng,ingrid.nguyen@orchardworks.com
003000000000000901,001000000000000462,Sofia,Andersen,VP Eng,sofia.andersen@orchardworks.com
003000000000000902,001000000000000463,Ravi,Larsson,IT Director,ravi.larsson@auroramicro.com
003000000000000903,001000000000000463,Chen,Kim,Ops Lead,chen.kim@auroramicro.com
003000000000000904,001000000000000464,Ravi,Khan,VP Eng,ravi.khan@pan-atlantic.com
003000000000000905,001000000000000465,Lucia,Tanaka,VP Eng,lucia.tanaka@beacondigital.com
003000000000000906,001000000000000466,Yara,Okafor,Ops Lead,yara.okafor@atlasstream.com
003000000000000907,001000000000000466,Elena,Khan,CIO,elena.khan@atlasstream.com
003000000000000908,001000000000000467,Chen,Okafor,Ops Lead,chen.okafor@larkcore.com
003000000000000909,001000000000000467,Hana,Silva,VP Eng,hana.silva@larkcore.com
003000000000000910,001000000000000468,Mei,Reyes,VP Eng,mei.reyes@crownworks.com
003000000000000911,001000000000000468,Ravi,Novak,VP Eng,ravi.novak@crownworks.com
003000000000000912,001000000000000469,Elena,Duarte,CIO,elena.duarte@sablesoft.com
003000000000000913,001000000000000469,Hana,Nguyen,CIO,hana.nguyen@sablesoft.com
003000000000000914,001000000000000470,Yara,Andersen,Ops Lead,yara.andersen@helios.com
003000000000000915,001000000000000471,Lucia,Novak,Admin,lucia.novak@deltadigital.com
003000000000000916,001000000000000472,Yara,Andersen,IT Director,yara.andersen@apexloop.com
003000000000000917,001000000000000472,Tomas,Novak,Admin,tomas.novak@apexloop.com
003000000000000918,001000000000000473,Sean,Larsson,IT Director,sean.larsson@mapledata.com
003000000000000919,001000000000000474,Sofia,Tanaka,CIO,sofia.tanaka@novapulse.com
003000000000000920,001000000000000474,Elena,Andersen,Admin,elena.andersen@novapulse.com
003000000000000921,001000000000000474,Chen,Patel,CIO,chen.patel@novapulse.com
003000000000000922,001000000000000475,Mei,Duarte,IT Director,mei.duarte@meridian.com
003000000000000923,001000000000000476,Diego,Haddad,Admin,diego.haddad@quantumsphere.com
003000000000000924,001000000000000476,Yara,Duarte,IT Director,yara.duarte@quantumsphere.com
003000000000000925,001000000000000476,Elena,Silva,VP Eng,elena.silva@quantumsphere.com
003000000000000926,001000000000000477,Liam,Novak,Ops Lead,liam.novak@copperlogic.com
003000000000000927,001000000000000477,Elena,Mbeki,Ops Lead,elena.mbeki@copperlogic.com
003000000000000928,001000000000000478,Sofia,Novak,IT Director,sofia.novak@beaconcloud.com
003000000000000929,001000000000000478,Kwame,Kim,CIO,kwame.kim@beaconcloud.com
003000000000000930,001000000000000479,Lucia,Costa,CIO,lucia.costa@deltalogic.com
003000000000000931,001000000000000479,Kwame,Walsh,IT Director,kwame.walsh@deltalogic.com
003000000000000932,001000000000000479,Kwame,Moreau,Ops Lead,kwame.moreau@deltalogic.com
003000000000000933,001000000000000480,Priya,Mbeki,CIO,priya.mbeki@cascademetric.com
003000000000000934,001000000000000480,Liam,Kim,IT Director,liam.kim@cascademetric.com
003000000000000935,001000000000000481,Sean,Silva,CIO,sean.silva@cascademetric.com
003000000000000936,001000000000000481,Sean,Novak,CIO,sean.novak@cascademetric.com
003000000000000937,001000000000000482,Aisha,Walsh,VP Eng,aisha.walsh@pioneerdata.com
003000000000000938,001000000000000482,Tomas,Okafor,CIO,tomas.okafor@pioneerdata.com
003000000000000939,001000000000000483,Omar,Mbeki,Admin,omar.mbeki@beacondynamics.com
003000000000000940,001000000000000483,Priya,Nguyen,CIO,priya.nguyen@beacondynamics.com
003000000000000941,001000000000000483,Ravi,Khan,IT Director,ravi.khan@beacondynamics.com
003000000000000942,001000000000000484,Omar,Khan,Admin,omar.khan@silverdynamics.com
003000000000000943,001000000000000485,Omar,Andersen,CIO,omar.andersen@silvervector.com
003000000000000944,001000000000000486,Hana,Walsh,VP Eng,hana.walsh@ironcloud.com
003000000000000945,001000000000000487,Noah,Moreau,IT Director,noah.moreau@vertexlabs.com
003000000000000946,001000000000000488,Ingrid,Patel,Admin,ingrid.patel@sablesystems.com
003000000000000947,001000000000000488,Tomas,Walsh,CIO,tomas.walsh@sablesystems.com
003000000000000948,001000000000000488,Nadia,Haddad,VP Eng,nadia.haddad@sablesystems.com
003000000000000949,001000000000000489,Ingrid,Costa,VP Eng,ingrid.costa@sterlingdynamics.com
003000000000000950,001000000000000490,Liam,Novak,Ops Lead,liam.novak@ridgefabric.com
003000000000000951,001000000000000490,Yara,Larsson,VP Eng,yara.larsson@ridgefabric.com
003000000000000952,001000000000000490,Liam,Mbeki,Admin,liam.mbeki@ridgefabric.com
003000000000000953,001000000000000491,Ingrid,Mbeki,IT Director,ingrid.mbeki@summitvision.com
003000000000000954,001000000000000491,Priya,Reyes,VP Eng,priya.reyes@summitvision.com
003000000000000955,001000000000000492,Sean,Costa,VP Eng,sean.costa@pacificsphere.com
003000000000000956,001000000000000492,Diego,Duarte,VP Eng,diego.duarte@pacificsphere.com
003000000000000957,001000000000000492,Nadia,Andersen,Admin,nadia.andersen@pacificsphere.com
003000000000000958,001000000000000493,Aisha,Haddad,Ops Lead,aisha.haddad@sterlingdynamics.com
003000000000000959,001000000000000493,Elena,Costa,IT Director,elena.costa@sterlingdynamics.com
003000000000000960,001000000000000494,Diego,Patel,Admin,diego.patel@allied.com
003000000000000961,001000000000000495,Chen,Mbeki,VP Eng,chen.mbeki@crowncompute.com
003000000000000962,001000000000000496,Mei,Silva,IT Director,mei.silva@silvercloud.com
003000000000000963,001000000000000496,Mei,Rossi,Admin,mei.rossi@silvercloud.com
003000000000000964,001000000000000496,Noah,Reyes,CIO,noah.reyes@silvercloud.com
003000000000000965,001000000000000497,Nadia,Tanaka,Ops Lead,nadia.tanaka@consolidated.com
003000000000000966,001000000000000498,Faisal,Haddad,IT Director,faisal.haddad@meridianmicro.com
003000000000000967,001000000000000498,Ravi,Patel,Admin,ravi.patel@meridianmicro.com
003000000000000968,001000000000000498,Priya,Novak,IT Director,priya.novak@meridianmicro.com
003000000000000969,001000000000000499,Faisal,Moreau,Ops Lead,faisal.moreau@ridgelink.com
003000000000000970,001000000000000499,Sean,Walsh,Ops Lead,sean.walsh@ridgelink.com
003000000000000971,001000000000000499,Aisha,Silva,VP Eng,aisha.silva@ridgelink.com
003000000000000972,001000000000000500,Sofia,Haddad,Ops Lead,sofia.haddad@cedarworks.com
003000000000000973,001000000000000500,Yara,Patel,IT Director,yara.patel@cedarworks.com
003000000000000974,001000000000000501,Tomas,Walsh,Ops Lead,tomas.walsh@meridian.com
003000000000000975,001000000000000501,Lucia,Silva,VP Eng,lucia.silva@meridian.com
003000000000000976,001000000000000502,Hana,Patel,Ops Lead,hana.patel@standard.com
003000000000000977,001000000000000502,Tomas,Novak,Ops Lead,tomas.novak@standard.com
003000000000000978,001000000000000503,Omar,Duarte,VP Eng,omar.duarte@sableforge.com
003000000000000979,001000000000000503,Diego,Larsson,IT Director,diego.larsson@sableforge.com
003000000000000980,001000000000000504,Mei,Patel,IT Director,mei.patel@apexmicro.com
003000000000000981,001000000000000504,Elena,Nguyen,CIO,elena.nguyen@apexmicro.com
003000000000000982,001000000000000505,Nadia,Walsh,CIO,nadia.walsh@meridian.com
003000000000000983,001000000000000505,Diego,Silva,VP Eng,diego.silva@meridian.com
003000000000000984,001000000000000506,Lucia,Duarte,IT Director,lucia.duarte@beaconfabric.com
003000000000000985,001000000000000507,Hana,Haddad,CIO,hana.haddad@coppermetric.com
003000000000000986,001000000000000508,Yara,Andersen,Admin,yara.andersen@emeraldanalytics.com
003000000000000987,001000000000000508,Aisha,Nguyen,Ops Lead,aisha.nguyen@emeraldanalytics.com
003000000000000988,001000000000000509,Aisha,Patel,Ops Lead,aisha.patel@summitsoft.com
003000000000000989,001000000000000510,Lucia,Khan,VP Eng,lucia.khan@brightlabs.com
003000000000000990,001000000000000510,Hana,Rossi,Ops Lead,hana.rossi@brightlabs.com
003000000000000991,001000000000000511,Ingrid,Larsson,Admin,ingrid.larsson@summitloop.com
003000000000000992,001000000000000511,Priya,Walsh,IT Director,priya.walsh@summitloop.com
003000000000000993,001000000000000512,Nadia,Larsson,CIO,nadia.larsson@onyxnexus.com
003000000000000994,001000000000000513,Hana,Larsson,Admin,hana.larsson@titanlogic.com
003000000000000995,001000000000000513,Nadia,Khan,Admin,nadia.khan@titanlogic.com
003000000000000996,001000000000000514,Yara,Kim,Ops Lead,yara.kim@northsignal.com
003000000000000997,001000000000000514,Priya,Tanaka,Admin,priya.tanaka@northsignal.com
003000000000000998,001000000000000515,Elena,Silva,VP Eng,elena.silva@pan-atlantic.com
003000000000000999,001000000000000516,Liam,Khan,Admin,liam.khan@cascadedigital.com
003000000000001000,001000000000000516,Elena,Silva,Admin,elena.silva@cascadedigital.com
003000000000001001,001000000000000516,Chen,Andersen,Admin,chen.andersen@cascadedigital.com
003000000000001002,001000000000000517,Omar,Novak,CIO,omar.novak@cascadewave.com
003000000000001003,001000000000000518,Hana,Rossi,VP Eng,hana.rossi@sterlinggrid.com
003000000000001004,001000000000000519,Mei,Silva,Ops Lead,mei.silva@auroramicro.com
003000000000001005,001000000000000519,Elena,Walsh,CIO,elena.walsh@auroramicro.com
003000000000001006,001000000000000520,Priya,Tanaka,VP Eng,priya.tanaka@deltacompute.com
003000000000001007,001000000000000520,Omar,Moreau,Ops Lead,omar.moreau@deltacompute.com
003000000000001008,001000000000000520,Ingrid,Duarte,Admin,ingrid.duarte@deltacompute.com
003000000000001009,001000000000000521,Kwame,Novak,VP Eng,kwame.novak@quantumnetworks.com
003000000000001010,001000000000000522,Diego,Reyes,CIO,diego.reyes@cascadecloud.com
003000000000001011,001000000000000522,Kwame,Walsh,CIO,kwame.walsh@cascadecloud.com
003000000000001012,001000000000000522,Priya,Larsson,IT Director,priya.larsson@cascadecloud.com
003000000000001013,001000000000000523,Liam,Patel,Ops Lead,liam.patel@copperdigital.com
003000000000001014,001000000000000524,Omar,Haddad,Ops Lead,omar.haddad@ironwave.com
003000000000001015,001000000000000524,Aisha,Larsson,VP Eng,aisha.larsson@ironwave.com
003000000000001016,001000000000000524,Liam,Moreau,Ops Lead,liam.moreau@ironwave.com
003000000000001017,001000000000000525,Liam,Nguyen,Admin,liam.nguyen@titanvision.com
003000000000001018,001000000000000526,Omar,Patel,CIO,omar.patel@granitenexus.com
003000000000001019,001000000000000527,Sean,Haddad,Admin,sean.haddad@cobaltcore.com
003000000000001020,001000000000000528,Sean,Tanaka,IT Director,sean.tanaka@granitecloud.com
003000000000001021,001000000000000528,Elena,Haddad,VP Eng,elena.haddad@granitecloud.com
003000000000001022,001000000000000529,Nadia,Novak,VP Eng,nadia.novak@graniteloop.com
003000000000001023,001000000000000530,Sofia,Haddad,CIO,sofia.haddad@meridian.com
003000000000001024,001000000000000531,Kwame,Silva,IT Director,kwame.silva@deltadigital.com
003000000000001025,001000000000000532,Mei,Novak,Admin,mei.novak@unioncore.com
003000000000001026,001000000000000533,Yara,Walsh,VP Eng,yara.walsh@pacificcore.com
003000000000001027,001000000000000533,Chen,Larsson,CIO,chen.larsson@pacificcore.com
003000000000001028,001000000000000533,Faisal,Duarte,CIO,faisal.duarte@pacificcore.com
003000000000001029,001000000000000534,Yara,Larsson,Admin,yara.larsson@summitgrid.com
003000000000001030,001000000000000535,Hana,Rossi,VP Eng,hana.rossi@sterlingdata.com
003000000000001031,001000000000000536,Diego,Larsson,IT Director,diego.larsson@quantumcloud.com
003000000000001032,001000000000000537,Omar,Nguyen,IT Director,omar.nguyen@pacificpulse.com
003000000000001033,001000000000000537,Mei,Novak,IT Director,mei.novak@pacificpulse.com
003000000000001034,001000000000000538,Kwame,Rossi,CIO,kwame.rossi@deltasphere.com
003000000000001035,001000000000000539,Ravi,Walsh,IT Director,ravi.walsh@maplesignal.com
003000000000001036,001000000000000539,Omar,Haddad,Admin,omar.haddad@maplesignal.com
003000000000001037,001000000000000540,Chen,Patel,Ops Lead,chen.patel@auroravector.com
003000000000001038,001000000000000540,Kwame,Andersen,VP Eng,kwame.andersen@auroravector.com
003000000000001039,001000000000000540,Liam,Andersen,VP Eng,liam.andersen@auroravector.com
003000000000001040,001000000000000541,Hana,Duarte,Ops Lead,hana.duarte@standard.com
003000000000001041,001000000000000542,Diego,Okafor,CIO,diego.okafor@pioneernetworks.com
003000000000001042,001000000000000543,Ravi,Khan,VP Eng,ravi.khan@orchardcompute.com
003000000000001043,001000000000000543,Ravi,Costa,Admin,ravi.costa@orchardcompute.com
003000000000001044,001000000000000544,Sofia,Silva,Ops Lead,sofia.silva@uniondata.com
003000000000001045,001000000000000544,Lucia,Rossi,Ops Lead,lucia.rossi@uniondata.com
003000000000001046,001000000000000545,Omar,Silva,CIO,omar.silva@harbortech.com
003000000000001047,001000000000000545,Nadia,Larsson,Ops Lead,nadia.larsson@harbortech.com
003000000000001048,001000000000000545,Priya,Novak,CIO,priya.novak@harbortech.com
003000000000001049,001000000000000546,Priya,Rossi,VP Eng,priya.rossi@unioncloud.com
003000000000001050,001000000000000546,Ingrid,Kim,Admin,ingrid.kim@unioncloud.com
003000000000001051,001000000000000547,Ravi,Reyes,CIO,ravi.reyes@consolidated.com
003000000000001052,001000000000000548,Noah,Rossi,VP Eng,noah.rossi@emeraldlink.com
003000000000001053,001000000000000548,Sean,Kim,Ops Lead,sean.kim@emeraldlink.com
003000000000001054,001000000000000549,Elena,Nguyen,Ops Lead,elena.nguyen@titandata.com
003000000000001055,001000000000000549,Diego,Mbeki,Ops Lead,diego.mbeki@titandata.com
003000000000001056,001000000000000550,Mei,Walsh,Admin,mei.walsh@silverfabric.com
003000000000001057,001000000000000550,Lucia,Tanaka,IT Director,lucia.tanaka@silverfabric.com
003000000000001058,001000000000000550,Sean,Andersen,CIO,sean.andersen@silverfabric.com
003000000000001059,001000000000000551,Priya,Moreau,Ops Lead,priya.moreau@larkmicro.com
003000000000001060,001000000000000551,Noah,Costa,Ops Lead,noah.costa@larkmicro.com
003000000000001061,001000000000000552,Sofia,Rossi,CIO,sofia.rossi@orchardsoft.com
003000000000001062,001000000000000552,Diego,Kim,VP Eng,diego.kim@orchardsoft.com
003000000000001063,001000000000000553,Ingrid,Silva,Ops Lead,ingrid.silva@crownvision.com
003000000000001064,001000000000000554,Noah,Duarte,VP Eng,noah.duarte@apexsignal.com
003000000000001065,001000000000000554,Sofia,Walsh,Ops Lead,sofia.walsh@apexsignal.com
003000000000001066,001000000000000555,Mei,Mbeki,CIO,mei.mbeki@allied.com
003000000000001067,001000000000000555,Lucia,Duarte,Ops Lead,lucia.duarte@allied.com
003000000000001068,001000000000000556,Ingrid,Duarte,Ops Lead,ingrid.duarte@atlaslink.com
003000000000001069,001000000000000556,Yara,Mbeki,VP Eng,yara.mbeki@atlaslink.com
003000000000001070,001000000000000556,Ravi,Nguyen,Admin,ravi.nguyen@atlaslink.com
003000000000001071,001000000000000557,Priya,Andersen,Ops Lead,priya.andersen@ironwave.com
003000000000001072,001000000000000558,Noah,Tanaka,IT Director,noah.tanaka@apexnexus.com
003000000000001073,001000000000000558,Omar,Silva,Ops Lead,omar.silva@apexnexus.com
003000000000001074,001000000000000559,Diego,Haddad,VP Eng,diego.haddad@silverloop.com
003000000000001075,001000000000000560,Kwame,Reyes,Ops Lead,kwame.reyes@pan-atlantic.com
003000000000001076,001000000000000560,Ravi,Okafor,CIO,ravi.okafor@pan-atlantic.com
003000000000001077,001000000000000560,Ravi,Tanaka,CIO,ravi.tanaka@pan-atlantic.com
003000000000001078,001000000000000561,Liam,Rossi,Admin,liam.rossi@quantumlink.com
003000000000001079,001000000000000561,Chen,Rossi,VP Eng,chen.rossi@quantumlink.com
003000000000001080,001000000000000562,Nadia,Okafor,IT Director,nadia.okafor@allied.com
003000000000001081,001000000000000562,Noah,Andersen,IT Director,noah.andersen@allied.com
003000000000001082,001000000000000562,Lucia,Larsson,VP Eng,lucia.larsson@allied.com
003000000000001083,001000000000000563,Kwame,Moreau,CIO,kwame.moreau@maplefabric.com
003000000000001084,001000000000000564,Omar,Nguyen,Admin,omar.nguyen@sterlinglabs.com
003000000000001085,001000000000000564,Priya,Novak,IT Director,priya.novak@sterlinglabs.com
003000000000001086,001000000000000565,Nadia,Haddad,IT Director,nadia.haddad@quantummicro.com
003000000000001087,001000000000000566,Chen,Patel,Admin,chen.patel@vanguardstream.com
003000000000001088,001000000000000567,Sean,Novak,VP Eng,sean.novak@keystonedynamics.com
003000000000001089,001000000000000567,Sean,Moreau,CIO,sean.moreau@keystonedynamics.com
003000000000001090,001000000000000567,Aisha,Andersen,VP Eng,aisha.andersen@keystonedynamics.com
003000000000001091,001000000000000568,Lucia,Reyes,IT Director,lucia.reyes@sablelabs.com
003000000000001092,001000000000000568,Yara,Novak,Ops Lead,yara.novak@sablelabs.com
003000000000001093,001000000000000568,Tomas,Kim,VP Eng,tomas.kim@sablelabs.com
003000000000001094,001000000000000569,Elena,Rossi,IT Director,elena.rossi@brightlogic.com
003000000000001095,001000000000000569,Sean,Silva,Ops Lead,sean.silva@brightlogic.com
003000000000001096,001000000000000569,Tomas,Khan,IT Director,tomas.khan@brightlogic.com
003000000000001097,001000000000000570,Tomas,Okafor,CIO,tomas.okafor@pacificsphere.com
003000000000001098,001000000000000570,Faisal,Andersen,Ops Lead,faisal.andersen@pacificsphere.com
003000000000001099,001000000000000570,Ravi,Mbeki,IT Director,ravi.mbeki@pacificsphere.com
003000000000001100,001000000000000571,Ingrid,Costa,Admin,ingrid.costa@bluestream.com
003000000000001101,001000000000000571,Hana,Nguyen,VP Eng,hana.nguyen@bluestream.com
003000000000001102,001000000000000572,Mei,Reyes,CIO,mei.reyes@ironmicro.com
003000000000001103,001000000000000572,Sofia,Mbeki,Admin,sofia.mbeki@ironmicro.com
003000000000001104,001000000000000572,Elena,Costa,VP Eng,elena.costa@ironmicro.com
003000000000001105,001000000000000573,Mei,Reyes,IT Director,mei.reyes@mapleanalytics.com
003000000000001106,001000000000000574,Mei,Haddad,Ops Lead,mei.haddad@deltanetworks.com
003000000000001107,001000000000000574,Liam,Kim,IT Director,liam.kim@deltanetworks.com
003000000000001108,001000000000000574,Sean,Tanaka,Admin,sean.tanaka@deltanetworks.com
003000000000001109,001000000000000575,Aisha,Kim,Ops Lead,aisha.kim@cobaltnetworks.com
003000000000001110,001000000000000575,Liam,Duarte,CIO,liam.duarte@cobaltnetworks.com
003000000000001111,001000000000000575,Priya,Silva,Ops Lead,priya.silva@cobaltnetworks.com
003000000000001112,001000000000000576,Hana,Khan,Ops Lead,hana.khan@novacloud.com
003000000000001113,001000000000000577,Ingrid,Walsh,IT Director,ingrid.walsh@cascadedigital.com
003000000000001114,001000000000000577,Hana,Costa,Ops Lead,hana.costa@cascadedigital.com
003000000000001115,001000000000000578,Yara,Patel,Admin,yara.patel@summitfabric.com
003000000000001116,001000000000000578,Priya,Costa,Ops Lead,priya.costa@summitfabric.com
003000000000001117,001000000000000579,Priya,Silva,VP Eng,priya.silva@brightwave.com
003000000000001118,001000000000000579,Nadia,Reyes,CIO,nadia.reyes@brightwave.com
003000000000001119,001000000000000580,Lucia,Novak,IT Director,lucia.novak@summitlink.com
003000000000001120,001000000000000580,Mei,Larsson,Admin,mei.larsson@summitlink.com
003000000000001121,001000000000000581,Ravi,Kim,IT Director,ravi.kim@auroravision.com
003000000000001122,001000000000000581,Ingrid,Tanaka,Ops Lead,ingrid.tanaka@auroravision.com
003000000000001123,001000000000000582,Sofia,Mbeki,CIO,sofia.mbeki@emeraldsoft.com
003000000000001124,001000000000000583,Ravi,Haddad,VP Eng,ravi.haddad@cascadesoft.com
003000000000001125,001000000000000584,Mei,Reyes,Ops Lead,mei.reyes@sablestream.com
003000000000001126,001000000000000585,Noah,Haddad,Ops Lead,noah.haddad@standard.com
003000000000001127,001000000000000585,Ravi,Larsson,IT Director,ravi.larsson@standard.com
003000000000001128,001000000000000585,Nadia,Silva,VP Eng,nadia.silva@standard.com
003000000000001129,001000000000000586,Nadia,Nguyen,Ops Lead,nadia.nguyen@atlasanalytics.com
003000000000001130,001000000000000587,Priya,Andersen,IT Director,priya.andersen@meridiandynamics.com
003000000000001131,001000000000000587,Lucia,Tanaka,Ops Lead,lucia.tanaka@meridiandynamics.com
003000000000001132,001000000000000587,Chen,Mbeki,IT Director,chen.mbeki@meridiandynamics.com
003000000000001133,001000000000000588,Priya,Kim,Admin,priya.kim@granitegrid.com
003000000000001134,001000000000000589,Ravi,Nguyen,IT Director,ravi.nguyen@novasphere.com
003000000000001135,001000000000000590,Noah,Costa,Ops Lead,noah.costa@vertexsignal.com
003000000000001136,001000000000000590,Hana,Mbeki,IT Director,hana.mbeki@vertexsignal.com
003000000000001137,001000000000000590,Elena,Okafor,VP Eng,elena.okafor@vertexsignal.com
003000000000001138,001000000000000591,Elena,Rossi,VP Eng,elena.rossi@cedarwave.com
003000000000001139,001000000000000591,Kwame,Reyes,IT Director,kwame.reyes@cedarwave.com
003000000000001140,001000000000000592,Lucia,Larsson,Admin,lucia.larsson@harborsphere.com
003000000000001141,001000000000000592,Kwame,Khan,CIO,kwame.khan@harborsphere.com
003000000000001142,001000000000000593,Nadia,Duarte,VP Eng,nadia.duarte@orchardvector.com
003000000000001143,001000000000000593,Omar,Kim,Admin,omar.kim@orchardvector.com
003000000000001144,001000000000000594,Sean,Reyes,VP Eng,sean.reyes@silversystems.com
003000000000001145,001000000000000594,Liam,Silva,IT Director,liam.silva@silversystems.com
003000000000001146,001000000000000594,Hana,Rossi,CIO,hana.rossi@silversystems.com
003000000000001147,001000000000000595,Tomas,Duarte,IT Director,tomas.duarte@sablestream.com
003000000000001148,001000000000000596,Omar,Duarte,IT Director,omar.duarte@summitwave.com
003000000000001149,001000000000000597,Nadia,Nguyen,VP Eng,nadia.nguyen@copperstream.com
003000000000001150,001000000000000597,Aisha,Patel,IT Director,aisha.patel@copperstream.com
003000000000001151,001000000000000597,Noah,Tanaka,IT Director,noah.tanaka@copperstream.com
003000000000001152,001000000000000598,Nadia,Duarte,VP Eng,nadia.duarte@deltasystems.com
003000000000001153,001000000000000598,Mei,Andersen,Admin,mei.andersen@deltasystems.com
003000000000001154,001000000000000598,Diego,Costa,IT Director,diego.costa@deltasystems.com
003000000000001155,001000000000000599,Nadia,Silva,Ops Lead,nadia.silva@beaconfabric.com
003000000000001156,001000000000000599,Ingrid,Costa,Admin,ingrid.costa@beaconfabric.com
003000000000001157,001000000000000599,Priya,Okafor,CIO,priya.okafor@beaconfabric.com
003000000000001158,001000000000000600,Tomas,Walsh,IT Director,tomas.walsh@emeraldnetworks.com
003000000000001159,001000000000000600,Sean,Duarte,IT Director,sean.duarte@emeraldnetworks.com
003000000000001160,001000000000000600,Elena,Kim,Ops Lead,elena.kim@emeraldnetworks.com
003000000000001161,001000000000000601,Tomas,Patel,Ops Lead,tomas.patel@brightpulse.com
003000000000001162,001000000000000601,Mei,Haddad,VP Eng,mei.haddad@brightpulse.com
003000000000001163,001000000000000602,Liam,Novak,CIO,liam.novak@vertexlogic.com
003000000000001164,001000000000000602,Nadia,Kim,Admin,nadia.kim@vertexlogic.com
003000000000001165,001000000000000602,Noah,Duarte,CIO,noah.duarte@vertexlogic.com
003000000000001166,001000000000000603,Chen,Khan,IT Director,chen.khan@summitsignal.com
003000000000001167,001000000000000603,Ravi,Tanaka,CIO,ravi.tanaka@summitsignal.com
003000000000001168,001000000000000604,Sean,Silva,Admin,sean.silva@brightnexus.com
003000000000001169,001000000000000604,Elena,Andersen,VP Eng,elena.andersen@brightnexus.com
003000000000001170,001000000000000605,Priya,Nguyen,CIO,priya.nguyen@emeraldsoft.com
003000000000001171,001000000000000606,Mei,Nguyen,CIO,mei.nguyen@sablemicro.com
003000000000001172,001000000000000607,Ravi,Larsson,IT Director,ravi.larsson@cedarcore.com
003000000000001173,001000000000000608,Noah,Nguyen,IT Director,noah.nguyen@pioneermicro.com
003000000000001174,001000000000000608,Mei,Patel,CIO,mei.patel@pioneermicro.com
003000000000001175,001000000000000608,Ravi,Novak,VP Eng,ravi.novak@pioneermicro.com
003000000000001176,001000000000000609,Sean,Duarte,Admin,sean.duarte@keystonenexus.com
003000000000001177,001000000000000609,Priya,Costa,Admin,priya.costa@keystonenexus.com
003000000000001178,001000000000000609,Ravi,Reyes,CIO,ravi.reyes@keystonenexus.com
003000000000001179,001000000000000610,Kwame,Haddad,VP Eng,kwame.haddad@sterlingsystems.com
003000000000001180,001000000000000610,Nadia,Novak,VP Eng,nadia.novak@sterlingsystems.com
003000000000001181,001000000000000610,Tomas,Haddad,Ops Lead,tomas.haddad@sterlingsystems.com
003000000000001182,001000000000000611,Lucia,Novak,IT Director,lucia.novak@emeraldvector.com
003000000000001183,001000000000000611,Diego,Costa,VP Eng,diego.costa@emeraldvector.com
003000000000001184,001000000000000612,Omar,Moreau,IT Director,omar.moreau@novabyte.com
003000000000001185,001000000000000612,Chen,Khan,CIO,chen.khan@novabyte.com
003000000000001186,001000000000000612,Yara,Patel,CIO,yara.patel@novabyte.com
003000000000001187,001000000000000613,Ingrid,Mbeki,VP Eng,ingrid.mbeki@cedarwave.com
003000000000001188,001000000000000613,Liam,Reyes,Ops Lead,liam.reyes@cedarwave.com
003000000000001189,001000000000000613,Liam,Walsh,IT Director,liam.walsh@cedarwave.com
003000000000001190,001000000000000614,Diego,Costa,Admin,diego.costa@unionbyte.com
003000000000001191,001000000000000614,Ravi,Mbeki,VP Eng,ravi.mbeki@unionbyte.com
003000000000001192,001000000000000615,Diego,Silva,VP Eng,diego.silva@beaconloop.com
003000000000001193,001000000000000615,Chen,Khan,Ops Lead,chen.khan@beaconloop.com
003000000000001194,001000000000000616,Ingrid,Moreau,Ops Lead,ingrid.moreau@orchardstream.com
003000000000001195,001000000000000616,Aisha,Reyes,Ops Lead,aisha.reyes@orchardstream.com
003000000000001196,001000000000000617,Kwame,Kim,Admin,kwame.kim@quantumanalytics.com
003000000000001197,001000000000000617,Omar,Reyes,CIO,omar.reyes@quantumanalytics.com
003000000000001198,001000000000000618,Elena,Larsson,Ops Lead,elena.larsson@crownsystems.com
003000000000001199,001000000000000619,Noah,Khan,VP Eng,noah.khan@granitesystems.com
003000000000001200,001000000000000620,Tomas,Costa,IT Director,tomas.costa@brightforge.com
003000000000001201,001000000000000621,Omar,Andersen,IT Director,omar.andersen@summitsoft.com
003000000000001202,001000000000000621,Ingrid,Walsh,IT Director,ingrid.walsh@summitsoft.com
003000000000001203,001000000000000621,Elena,Khan,CIO,elena.khan@summitsoft.com
003000000000001204,001000000000000622,Nadia,Silva,Ops Lead,nadia.silva@orchardvision.com
003000000000001205,001000000000000622,Faisal,Novak,Ops Lead,faisal.novak@orchardvision.com
003000000000001206,001000000000000622,Ingrid,Silva,VP Eng,ingrid.silva@orchardvision.com
003000000000001207,001000000000000623,Liam,Moreau,Ops Lead,liam.moreau@emeraldbyte.com
003000000000001208,001000000000000624,Lucia,Nguyen,Admin,lucia.nguyen@meridiandynamics.com
003000000000001209,001000000000000624,Aisha,Tanaka,VP Eng,aisha.tanaka@meridiandynamics.com
003000000000001210,001000000000000624,Sean,Moreau,IT Director,sean.moreau@meridiandynamics.com
003000000000001211,001000000000000625,Kwame,Walsh,VP Eng,kwame.walsh@pacificdynamics.com
003000000000001212,001000000000000625,Omar,Patel,Ops Lead,omar.patel@pacificdynamics.com
003000000000001213,001000000000000625,Elena,Duarte,CIO,elena.duarte@pacificdynamics.com
003000000000001214,001000000000000626,Omar,Patel,Admin,omar.patel@ridgeworks.com
003000000000001215,001000000000000626,Tomas,Nguyen,VP Eng,tomas.nguyen@ridgeworks.com
003000000000001216,001000000000000627,Aisha,Silva,Admin,aisha.silva@brighttech.com
003000000000001217,001000000000000627,Hana,Nguyen,CIO,hana.nguyen@brighttech.com
003000000000001218,001000000000000627,Chen,Haddad,VP Eng,chen.haddad@brighttech.com
003000000000001219,001000000000000628,Sofia,Rossi,VP Eng,sofia.rossi@apexmetric.com
003000000000001220,001000000000000629,Nadia,Okafor,Ops Lead,nadia.okafor@northstream.com
003000000000001221,001000000000000630,Ingrid,Larsson,VP Eng,ingrid.larsson@vanguardnetworks.com
003000000000001222,001000000000000631,Yara,Moreau,Ops Lead,yara.moreau@northloop.com
003000000000001223,001000000000000631,Ingrid,Andersen,Admin,ingrid.andersen@northloop.com
003000000000001224,001000000000000632,Kwame,Tanaka,VP Eng,kwame.tanaka@sablelink.com
003000000000001225,001000000000000632,Ravi,Costa,CIO,ravi.costa@sablelink.com
003000000000001226,001000000000000633,Mei,Mbeki,CIO,mei.mbeki@deltadigital.com
003000000000001227,001000000000000633,Chen,Kim,VP Eng,chen.kim@deltadigital.com
003000000000001228,001000000000000634,Mei,Okafor,VP Eng,mei.okafor@meridian.com
003000000000001229,001000000000000634,Noah,Costa,IT Director,noah.costa@meridian.com
003000000000001230,001000000000000635,Aisha,Patel,VP Eng,aisha.patel@meridianstream.com
003000000000001231,001000000000000635,Priya,Silva,CIO,priya.silva@meridianstream.com
003000000000001232,001000000000000636,Liam,Moreau,Ops Lead,liam.moreau@cedarwave.com
003000000000001233,001000000000000636,Nadia,Nguyen,IT Director,nadia.nguyen@cedarwave.com
003000000000001234,001000000000000637,Ravi,Silva,VP Eng,ravi.silva@consolidated.com
003000000000001235,001000000000000637,Noah,Novak,Ops Lead,noah.novak@consolidated.com
003000000000001236,001000000000000637,Sofia,Duarte,VP Eng,sofia.duarte@consolidated.com
003000000000001237,001000000000000638,Sean,Larsson,VP Eng,sean.larsson@brightlink.com
003000000000001238,001000000000000639,Priya,Andersen,Ops Lead,priya.andersen@keystonewave.com
003000000000001239,001000000000000639,Liam,Silva,Admin,liam.silva@keystonewave.com
003000000000001240,001000000000000639,Faisal,Rossi,CIO,faisal.rossi@keystonewave.com
003000000000001241,001000000000000640,Diego,Tanaka,IT Director,diego.tanaka@silveranalytics.com
003000000000001242,001000000000000641,Hana,Mbeki,Admin,hana.mbeki@atlascore.com
003000000000001243,001000000000000642,Liam,Moreau,IT Director,liam.moreau@titanbyte.com
003000000000001244,001000000000000642,Mei,Khan,Admin,mei.khan@titanbyte.com
003000000000001245,001000000000000643,Kwame,Nguyen,CIO,kwame.nguyen@atlasfabric.com
003000000000001246,001000000000000643,Omar,Okafor,Ops Lead,omar.okafor@atlasfabric.com
003000000000001247,001000000000000644,Nadia,Larsson,CIO,nadia.larsson@apexwave.com
003000000000001248,001000000000000644,Mei,Patel,IT Director,mei.patel@apexwave.com
003000000000001249,001000000000000644,Priya,Rossi,CIO,priya.rossi@apexwave.com
003000000000001250,001000000000000645,Ravi,Walsh,VP Eng,ravi.walsh@vanguardcompute.com
003000000000001251,001000000000000646,Ingrid,Tanaka,VP Eng,ingrid.tanaka@vertexloop.com
003000000000001252,001000000000000646,Mei,Rossi,IT Director,mei.rossi@vertexloop.com
003000000000001253,001000000000000647,Liam,Duarte,IT Director,liam.duarte@atlasloop.com
003000000000001254,001000000000000647,Nadia,Khan,Admin,nadia.khan@atlasloop.com
003000000000001255,001000000000000647,Hana,Patel,Admin,hana.patel@atlasloop.com
003000000000001256,001000000000000648,Yara,Duarte,Ops Lead,yara.duarte@quantumsoft.com
003000000000001257,001000000000000648,Hana,Mbeki,VP Eng,hana.mbeki@quantumsoft.com
003000000000001258,001000000000000648,Kwame,Novak,CIO,kwame.novak@quantumsoft.com
003000000000001259,001000000000000649,Sofia,Okafor,IT Director,sofia.okafor@aurorasignal.com
003000000000001260,001000000000000649,Tomas,Okafor,Admin,tomas.okafor@aurorasignal.com
003000000000001261,001000000000000649,Elena,Tanaka,VP Eng,elena.tanaka@aurorasignal.com
003000000000001262,001000000000000650,Tomas,Walsh,IT Director,tomas.walsh@allied.com
003000000000001263,001000000000000650,Kwame,Khan,Ops Lead,kwame.khan@allied.com
003000000000001264,001000000000000651,Faisal,Kim,Ops Lead,faisal.kim@onyxtech.com
003000000000001265,001000000000000652,Yara,Moreau,Admin,yara.moreau@coppersphere.com
003000000000001266,001000000000000653,Chen,Tanaka,Admin,chen.tanaka@consolidated.com
003000000000001267,001000000000000653,Diego,Patel,Admin,diego.patel@consolidated.com
003000000000001268,001000000000000653,Noah,Okafor,VP Eng,noah.okafor@consolidated.com
003000000000001269,001000000000000654,Priya,Duarte,Ops Lead,priya.duarte@coppernexus.com
003000000000001270,001000000000000655,Hana,Khan,CIO,hana.khan@meridianforge.com
003000000000001271,001000000000000656,Sofia,Haddad,Admin,sofia.haddad@onyxloop.com
003000000000001272,001000000000000656,Aisha,Nguyen,IT Director,aisha.nguyen@onyxloop.com
003000000000001273,001000000000000657,Tomas,Rossi,Admin,tomas.rossi@brightsoft.com
003000000000001274,001000000000000657,Hana,Andersen,IT Director,hana.andersen@brightsoft.com
003000000000001275,001000000000000658,Ingrid,Mbeki,Admin,ingrid.mbeki@atlassystems.com
003000000000001276,001000000000000658,Faisal,Costa,CIO,faisal.costa@atlassystems.com
003000000000001277,001000000000000659,Nadia,Novak,Ops Lead,nadia.novak@bluevector.com
003000000000001278,001000000000000659,Kwame,Duarte,IT Director,kwame.duarte@bluevector.com
003000000000001279,001000000000000660,Elena,Nguyen,VP Eng,elena.nguyen@sterlingsignal.com
003000000000001280,001000000000000661,Diego,Haddad,Admin,diego.haddad@pacificsignal.com
003000000000001281,001000000000000661,Mei,Khan,IT Director,mei.khan@pacificsignal.com
003000000000001282,001000000000000661,Hana,Nguyen,IT Director,hana.nguyen@pacificsignal.com
003000000000001283,001000000000000662,Liam,Andersen,VP Eng,liam.andersen@maplesoft.com
003000000000001284,001000000000000662,Yara,Okafor,Ops Lead,yara.okafor@maplesoft.com
003000000000001285,001000000000000662,Yara,Walsh,CIO,yara.walsh@maplesoft.com
003000000000001286,001000000000000663,Aisha,Kim,Ops Lead,aisha.kim@sterlingsphere.com
003000000000001287,001000000000000664,Aisha,Larsson,CIO,aisha.larsson@quantumnetworks.com
003000000000001288,001000000000000665,Hana,Walsh,CIO,hana.walsh@silvervision.com
003000000000001289,001000000000000666,Diego,Andersen,Ops Lead,diego.andersen@ironnexus.com
003000000000001290,001000000000000667,Sean,Walsh,CIO,sean.walsh@sablecompute.com
003000000000001291,001000000000000667,Noah,Duarte,Admin,noah.duarte@sablecompute.com
003000000000001292,001000000000000668,Aisha,Walsh,Ops Lead,aisha.walsh@ridgelabs.com
003000000000001293,001000000000000669,Noah,Tanaka,Admin,noah.tanaka@maplelabs.com
003000000000001294,001000000000000669,Faisal,Patel,Admin,faisal.patel@maplelabs.com
003000000000001295,001000000000000669,Nadia,Nguyen,VP Eng,nadia.nguyen@maplelabs.com
003000000000001296,001000000000000670,Yara,Larsson,CIO,yara.larsson@deltanexus.com
003000000000001297,001000000000000670,Chen,Novak,VP Eng,chen.novak@deltanexus.com
003000000000001298,001000000000000670,Priya,Novak,CIO,priya.novak@deltanexus.com
003000000000001299,001000000000000671,Ravi,Andersen,Ops Lead,ravi.andersen@deltacloud.com
003000000000001300,001000000000000672,Ingrid,Larsson,IT Director,ingrid.larsson@auroratech.com
003000000000001301,001000000000000672,Mei,Duarte,Admin,mei.duarte@auroratech.com
003000000000001302,001000000000000673,Diego,Reyes,Admin,diego.reyes@granitedynamics.com
003000000000001303,001000000000000673,Priya,Costa,VP Eng,priya.costa@granitedynamics.com
003000000000001304,001000000000000673,Chen,Walsh,IT Director,chen.walsh@granitedynamics.com
003000000000001305,001000000000000674,Liam,Andersen,IT Director,liam.andersen@larkworks.com
003000000000001306,001000000000000675,Nadia,Mbeki,CIO,nadia.mbeki@ridgewave.com
003000000000001307,001000000000000675,Chen,Patel,Ops Lead,chen.patel@ridgewave.com
003000000000001308,001000000000000676,Ravi,Andersen,CIO,ravi.andersen@cascadecloud.com
003000000000001309,001000000000000676,Kwame,Rossi,VP Eng,kwame.rossi@cascadecloud.com
003000000000001310,001000000000000676,Ravi,Patel,CIO,ravi.patel@cascadecloud.com
003000000000001311,001000000000000677,Elena,Okafor,Ops Lead,elena.okafor@vanguardtech.com
003000000000001312,001000000000000678,Yara,Andersen,Ops Lead,yara.andersen@standard.com
003000000000001313,001000000000000678,Elena,Novak,CIO,elena.novak@standard.com
003000000000001314,001000000000000679,Liam,Kim,VP Eng,liam.kim@pacificdynamics.com
003000000000001315,001000000000000679,Chen,Tanaka,Ops Lead,chen.tanaka@pacificdynamics.com
003000000000001316,001000000000000680,Faisal,Tanaka,Ops Lead,faisal.tanaka@harborwave.com
003000000000001317,001000000000000680,Lucia,Moreau,Ops Lead,lucia.moreau@harborwave.com
003000000000001318,001000000000000680,Faisal,Khan,CIO,faisal.khan@harborwave.com
003000000000001319,001000000000000681,Ravi,Silva,Admin,ravi.silva@unionforge.com
003000000000001320,001000000000000682,Aisha,Nguyen,Admin,aisha.nguyen@northlabs.com
003000000000001321,001000000000000682,Elena,Walsh,IT Director,elena.walsh@northlabs.com
003000000000001322,001000000000000682,Kwame,Tanaka,Ops Lead,kwame.tanaka@northlabs.com
003000000000001323,001000000000000683,Ingrid,Okafor,CIO,ingrid.okafor@keystonegrid.com
003000000000001324,001000000000000683,Elena,Walsh,CIO,elena.walsh@keystonegrid.com
003000000000001325,001000000000000683,Hana,Khan,IT Director,hana.khan@keystonegrid.com
003000000000001326,001000000000000684,Diego,Tanaka,IT Director,diego.tanaka@apexanalytics.com
003000000000001327,001000000000000684,Sean,Silva,Ops Lead,sean.silva@apexanalytics.com
003000000000001328,001000000000000684,Liam,Tanaka,CIO,liam.tanaka@apexanalytics.com
003000000000001329,001000000000000685,Liam,Costa,Admin,liam.costa@granitelogic.com
003000000000001330,001000000000000685,Nadia,Tanaka,Admin,nadia.tanaka@granitelogic.com
003000000000001331,001000000000000685,Diego,Duarte,Ops Lead,diego.duarte@granitelogic.com
003000000000001332,001000000000000686,Mei,Rossi,Ops Lead,mei.rossi@apexsphere.com
003000000000001333,001000000000000686,Omar,Novak,Admin,omar.novak@apexsphere.com
003000000000001334,001000000000000687,Ingrid,Novak,Admin,ingrid.novak@mapledata.com
003000000000001335,001000000000000687,Nadia,Walsh,Admin,nadia.walsh@mapledata.com
003000000000001336,001000000000000687,Lucia,Andersen,Admin,lucia.andersen@mapledata.com
003000000000001337,001000000000000688,Sofia,Khan,CIO,sofia.khan@consolidated.com
003000000000001338,001000000000000688,Chen,Patel,Admin,chen.patel@consolidated.com
003000000000001339,001000000000000689,Diego,Larsson,VP Eng,diego.larsson@helios.com
003000000000001340,001000000000000690,Hana,Mbeki,Ops Lead,hana.mbeki@ironvector.com
003000000000001341,001000000000000690,Sofia,Walsh,Admin,sofia.walsh@ironvector.com
003000000000001342,001000000000000691,Diego,Rossi,Admin,diego.rossi@cobaltworks.com
003000000000001343,001000000000000691,Diego,Mbeki,VP Eng,diego.mbeki@cobaltworks.com
003000000000001344,001000000000000692,Mei,Haddad,IT Director,mei.haddad@orchardmetric.com
003000000000001345,001000000000000692,Chen,Rossi,IT Director,chen.rossi@orchardmetric.com
003000000000001346,001000000000000692,Omar,Duarte,CIO,omar.duarte@orchardmetric.com
003000000000001347,001000000000000693,Tomas,Tanaka,IT Director,tomas.tanaka@auroralabs.com
003000000000001348,001000000000000693,Nadia,Larsson,Admin,nadia.larsson@auroralabs.com
003000000000001349,001000000000000694,Hana,Patel,IT Director,hana.patel@pioneergrid.com
003000000000001350,001000000000000694,Omar,Duarte,Admin,omar.duarte@pioneergrid.com
003000000000001351,001000000000000695,Tomas,Rossi,Admin,tomas.rossi@harbormetric.com
003000000000001352,001000000000000695,Tomas,Rossi,VP Eng,tomas.rossi@harbormetric.com
003000000000001353,001000000000000696,Lucia,Moreau,VP Eng,lucia.moreau@harborlabs.com
003000000000001354,001000000000000697,Mei,Okafor,Ops Lead,mei.okafor@irondigital.com
003000000000001355,001000000000000698,Kwame,Andersen,IT Director,kwame.andersen@emeralddigital.com
003000000000001356,001000000000000698,Tomas,Reyes,VP Eng,tomas.reyes@emeralddigital.com
003000000000001357,001000000000000698,Priya,Mbeki,CIO,priya.mbeki@emeralddigital.com
003000000000001358,001000000000000699,Aisha,Nguyen,Ops Lead,aisha.nguyen@unionmicro.com
003000000000001359,001000000000000699,Chen,Andersen,CIO,chen.andersen@unionmicro.com
003000000000001360,001000000000000700,Mei,Costa,Ops Lead,mei.costa@sablebyte.com
003000000000001361,001000000000000700,Tomas,Walsh,CIO,tomas.walsh@sablebyte.com
003000000000001362,001000000000000700,Elena,Larsson,Ops Lead,elena.larsson@sablebyte.com
003000000000001363,001000000000000701,Kwame,Rossi,CIO,kwame.rossi@sablelogic.com
003000000000001364,001000000000000702,Ingrid,Haddad,VP Eng,ingrid.haddad@pioneerforge.com
003000000000001365,001000000000000702,Noah,Haddad,IT Director,noah.haddad@pioneerforge.com
003000000000001366,001000000000000703,Sofia,Larsson,Ops Lead,sofia.larsson@keystonestream.com
003000000000001367,001000000000000704,Hana,Haddad,VP Eng,hana.haddad@ironanalytics.com
003000000000001368,001000000000000704,Aisha,Okafor,Admin,aisha.okafor@ironanalytics.com
003000000000001369,001000000000000704,Mei,Nguyen,VP Eng,mei.nguyen@ironanalytics.com
003000000000001370,001000000000000705,Ravi,Duarte,CIO,ravi.duarte@summitloop.com
003000000000001371,001000000000000705,Yara,Walsh,VP Eng,yara.walsh@summitloop.com
003000000000001372,001000000000000705,Chen,Okafor,CIO,chen.okafor@summitloop.com
003000000000001373,001000000000000706,Ingrid,Patel,Ops Lead,ingrid.patel@coppermetric.com
003000000000001374,001000000000000706,Lucia,Kim,CIO,lucia.kim@coppermetric.com
003000000000001375,001000000000000707,Omar,Walsh,CIO,omar.walsh@orchardmicro.com
003000000000001376,001000000000000707,Kwame,Kim,Ops Lead,kwame.kim@orchardmicro.com
003000000000001377,001000000000000708,Elena,Silva,Admin,elena.silva@larkpulse.com
003000000000001378,001000000000000709,Mei,Patel,CIO,mei.patel@unionlogic.com
003000000000001379,001000000000000709,Omar,Khan,VP Eng,omar.khan@unionlogic.com
003000000000001380,001000000000000710,Kwame,Silva,CIO,kwame.silva@bluenexus.com
003000000000001381,001000000000000710,Sean,Rossi,Ops Lead,sean.rossi@bluenexus.com
003000000000001382,001000000000000711,Nadia,Duarte,CIO,nadia.duarte@apextech.com
003000000000001383,001000000000000712,Tomas,Rossi,VP Eng,tomas.rossi@auroracore.com
003000000000001384,001000000000000712,Diego,Patel,CIO,diego.patel@auroracore.com
003000000000001385,001000000000000712,Noah,Nguyen,Admin,noah.nguyen@auroracore.com
003000000000001386,001000000000000713,Sofia,Costa,CIO,sofia.costa@apexdynamics.com
003000000000001387,001000000000000713,Omar,Rossi,CIO,omar.rossi@apexdynamics.com
003000000000001388,001000000000000713,Chen,Patel,Admin,chen.patel@apexdynamics.com
003000000000001389,001000000000000714,Nadia,Walsh,VP Eng,nadia.walsh@crownmicro.com
003000000000001390,001000000000000714,Elena,Moreau,Admin,elena.moreau@crownmicro.com
003000000000001391,001000000000000714,Tomas,Okafor,VP Eng,tomas.okafor@crownmicro.com
003000000000001392,001000000000000715,Lucia,Moreau,IT Director,lucia.moreau@harborstream.com
003000000000001393,001000000000000715,Sofia,Nguyen,CIO,sofia.nguyen@harborstream.com
003000000000001394,001000000000000716,Elena,Kim,Ops Lead,elena.kim@blueworks.com
003000000000001395,001000000000000716,Kwame,Tanaka,CIO,kwame.tanaka@blueworks.com
003000000000001396,001000000000000717,Lucia,Reyes,CIO,lucia.reyes@quantumcompute.com
003000000000001397,001000000000000717,Faisal,Rossi,Admin,faisal.rossi@quantumcompute.com
003000000000001398,001000000000000717,Liam,Novak,Admin,liam.novak@quantumcompute.com
003000000000001399,001000000000000718,Hana,Patel,Admin,hana.patel@helios.com
003000000000001400,001000000000000718,Noah,Costa,VP Eng,noah.costa@helios.com
003000000000001401,001000000000000719,Noah,Tanaka,Ops Lead,noah.tanaka@sablecore.com
003000000000001402,001000000000000720,Ingrid,Patel,CIO,ingrid.patel@emeraldloop.com
003000000000001403,001000000000000720,Yara,Haddad,CIO,yara.haddad@emeraldloop.com
003000000000001404,001000000000000720,Ravi,Okafor,CIO,ravi.okafor@emeraldloop.com
003000000000001405,001000000000000721,Chen,Andersen,VP Eng,chen.andersen@harborcore.com
003000000000001406,001000000000000721,Tomas,Khan,Ops Lead,tomas.khan@harborcore.com
003000000000001407,001000000000000722,Mei,Costa,Ops Lead,mei.costa@brightbyte.com
003000000000001408,001000000000000723,Sofia,Rossi,Admin,sofia.rossi@silverdigital.com
003000000000001409,001000000000000723,Nadia,Moreau,CIO,nadia.moreau@silverdigital.com
003000000000001410,001000000000000723,Noah,Andersen,Admin,noah.andersen@silverdigital.com
003000000000001411,001000000000000724,Lucia,Moreau,Ops Lead,lucia.moreau@bluegrid.com
003000000000001412,001000000000000724,Aisha,Mbeki,Admin,aisha.mbeki@bluegrid.com
003000000000001413,001000000000000725,Noah,Tanaka,CIO,noah.tanaka@harborvision.com
003000000000001414,001000000000000726,Sofia,Walsh,IT Director,sofia.walsh@harborvision.com
003000000000001415,001000000000000726,Nadia,Haddad,VP Eng,nadia.haddad@harborvision.com
003000000000001416,001000000000000726,Elena,Patel,Admin,elena.patel@harborvision.com
003000000000001417,001000000000000727,Yara,Walsh,Admin,yara.walsh@sablesystems.com
003000000000001418,001000000000000727,Omar,Moreau,IT Director,omar.moreau@sablesystems.com
003000000000001419,001000000000000728,Sofia,Walsh,Admin,sofia.walsh@pioneerworks.com
003000000000001420,001000000000000728,Yara,Andersen,IT Director,yara.andersen@pioneerworks.com
003000000000001421,001000000000000728,Omar,Patel,Ops Lead,omar.patel@pioneerworks.com
003000000000001422,001000000000000729,Diego,Novak,Admin,diego.novak@deltacore.com
003000000000001423,001000000000000729,Lucia,Novak,Ops Lead,lucia.novak@deltacore.com
003000000000001424,001000000000000729,Omar,Okafor,VP Eng,omar.okafor@deltacore.com
003000000000001425,001000000000000730,Yara,Duarte,Ops Lead,yara.duarte@crownstream.com
003000000000001426,001000000000000730,Liam,Silva,CIO,liam.silva@crownstream.com
003000000000001427,001000000000000731,Mei,Kim,VP Eng,mei.kim@ironmicro.com
003000000000001428,001000000000000731,Kwame,Duarte,Ops Lead,kwame.duarte@ironmicro.com
003000000000001429,001000000000000732,Ingrid,Tanaka,IT Director,ingrid.tanaka@crownsoft.com
003000000000001430,001000000000000732,Diego,Duarte,Ops Lead,diego.duarte@crownsoft.com
003000000000001431,001000000000000732,Diego,Reyes,IT Director,diego.reyes@crownsoft.com
003000000000001432,001000000000000733,Ingrid,Okafor,IT Director,ingrid.okafor@crowndata.com
003000000000001433,001000000000000733,Omar,Duarte,VP Eng,omar.duarte@crowndata.com
003000000000001434,001000000000000734,Yara,Rossi,Admin,yara.rossi@maplebyte.com
003000000000001435,001000000000000734,Sean,Silva,VP Eng,sean.silva@maplebyte.com
003000000000001436,001000000000000735,Yara,Okafor,CIO,yara.okafor@crownworks.com
003000000000001437,001000000000000735,Tomas,Mbeki,Admin,tomas.mbeki@crownworks.com
003000000000001438,001000000000000736,Nadia,Patel,Ops Lead,nadia.patel@ironcore.com
003000000000001439,001000000000000736,Kwame,Rossi,Admin,kwame.rossi@ironcore.com
003000000000001440,001000000000000736,Elena,Tanaka,CIO,elena.tanaka@ironcore.com
003000000000001441,001000000000000737,Ingrid,Rossi,Admin,ingrid.rossi@beaconnexus.com
003000000000001442,001000000000000737,Ingrid,Andersen,CIO,ingrid.andersen@beaconnexus.com
003000000000001443,001000000000000737,Tomas,Haddad,Ops Lead,tomas.haddad@beaconnexus.com
003000000000001444,001000000000000738,Nadia,Walsh,Admin,nadia.walsh@quantummicro.com
003000000000001445,001000000000000739,Faisal,Okafor,CIO,faisal.okafor@keystonelink.com
003000000000001446,001000000000000740,Mei,Reyes,Ops Lead,mei.reyes@consolidated.com
003000000000001447,001000000000000741,Omar,Kim,Ops Lead,omar.kim@northsystems.com
003000000000001448,001000000000000741,Kwame,Reyes,IT Director,kwame.reyes@northsystems.com
003000000000001449,001000000000000741,Hana,Kim,Ops Lead,hana.kim@northsystems.com
003000000000001450,001000000000000742,Nadia,Mbeki,CIO,nadia.mbeki@silversoft.com
003000000000001451,001000000000000742,Sean,Khan,VP Eng,sean.khan@silversoft.com
003000000000001452,001000000000000743,Yara,Nguyen,Ops Lead,yara.nguyen@crowntech.com
003000000000001453,001000000000000743,Diego,Moreau,Ops Lead,diego.moreau@crowntech.com
003000000000001454,001000000000000743,Kwame,Walsh,Admin,kwame.walsh@crowntech.com
003000000000001455,001000000000000744,Chen,Reyes,VP Eng,chen.reyes@harboranalytics.com
003000000000001456,001000000000000744,Faisal,Walsh,Admin,faisal.walsh@harboranalytics.com
003000000000001457,001000000000000744,Chen,Walsh,VP Eng,chen.walsh@harboranalytics.com
003000000000001458,001000000000000745,Hana,Okafor,Ops Lead,hana.okafor@novaworks.com
003000000000001459,001000000000000745,Sean,Haddad,Ops Lead,sean.haddad@novaworks.com
003000000000001460,001000000000000746,Diego,Walsh,IT Director,diego.walsh@brightsystems.com
003000000000001461,001000000000000746,Kwame,Khan,CIO,kwame.khan@brightsystems.com
003000000000001462,001000000000000747,Liam,Silva,CIO,liam.silva@pioneerpulse.com
003000000000001463,001000000000000748,Ravi,Costa,Ops Lead,ravi.costa@allied.com
003000000000001464,001000000000000749,Nadia,Haddad,Admin,nadia.haddad@deltalink.com
003000000000001465,001000000000000749,Liam,Moreau,Admin,liam.moreau@deltalink.com
003000000000001466,001000000000000750,Elena,Tanaka,IT Director,elena.tanaka@bluewave.com
003000000000001467,001000000000000750,Chen,Khan,Ops Lead,chen.khan@bluewave.com
003000000000001468,001000000000000750,Noah,Costa,IT Director,noah.costa@bluewave.com
003000000000001469,001000000000000751,Ravi,Larsson,Ops Lead,ravi.larsson@consolidated.com
003000000000001470,001000000000000751,Omar,Haddad,IT Director,omar.haddad@consolidated.com
003000000000001471,001000000000000752,Lucia,Nguyen,CIO,lucia.nguyen@larktech.com
003000000000001472,001000000000000752,Nadia,Andersen,Ops Lead,nadia.andersen@larktech.com
003000000000001473,001000000000000753,Faisal,Kim,IT Director,faisal.kim@sterlingsoft.com
003000000000001474,001000000000000753,Yara,Patel,VP Eng,yara.patel@sterlingsoft.com
003000000000001475,001000000000000754,Noah,Nguyen,CIO,noah.nguyen@granitedynamics.com
003000000000001476,001000000000000755,Diego,Duarte,IT Director,diego.duarte@blueloop.com
003000000000001477,001000000000000756,Lucia,Novak,IT Director,lucia.novak@pacificgrid.com
003000000000001478,001000000000000757,Tomas,Okafor,Ops Lead,tomas.okafor@atlasvision.com
003000000000001479,001000000000000757,Kwame,Kim,VP Eng,kwame.kim@atlasvision.com
003000000000001480,001000000000000757,Aisha,Patel,Ops Lead,aisha.patel@atlasvision.com
003000000000001481,001000000000000758,Mei,Moreau,VP Eng,mei.moreau@vertexcloud.com
003000000000001482,001000000000000759,Lucia,Rossi,VP Eng,lucia.rossi@unionnexus.com
003000000000001483,001000000000000759,Sean,Khan,Ops Lead,sean.khan@unionnexus.com
003000000000001484,001000000000000759,Tomas,Larsson,VP Eng,tomas.larsson@unionnexus.com
003000000000001485,001000000000000760,Hana,Kim,Ops Lead,hana.kim@sterlingfabric.com
003000000000001486,001000000000000760,Noah,Reyes,Ops Lead,noah.reyes@sterlingfabric.com
003000000000001487,001000000000000761,Elena,Reyes,CIO,elena.reyes@sablewave.com
003000000000001488,001000000000000761,Mei,Mbeki,IT Director,mei.mbeki@sablewave.com
003000000000001489,001000000000000762,Elena,Patel,Admin,elena.patel@cedarvector.com
003000000000001490,001000000000000762,Kwame,Reyes,Admin,kwame.reyes@cedarvector.com
003000000000001491,001000000000000763,Elena,Walsh,VP Eng,elena.walsh@pacificcompute.com
003000000000001492,001000000000000763,Diego,Mbeki,Ops Lead,diego.mbeki@pacificcompute.com
003000000000001493,001000000000000764,Kwame,Mbeki,IT Director,kwame.mbeki@ironvision.com
003000000000001494,001000000000000765,Kwame,Patel,Ops Lead,kwame.patel@deltalogic.com
003000000000001495,001000000000000765,Mei,Moreau,Admin,mei.moreau@deltalogic.com
003000000000001496,001000000000000765,Diego,Rossi,CIO,diego.rossi@deltalogic.com
003000000000001497,001000000000000766,Sofia,Kim,VP Eng,sofia.kim@mapleworks.com
003000000000001498,001000000000000767,Aisha,Nguyen,IT Director,aisha.nguyen@cascademicro.com
003000000000001499,001000000000000768,Hana,Nguyen,VP Eng,hana.nguyen@sterlingcompute.com
003000000000001500,001000000000000768,Sofia,Duarte,Ops Lead,sofia.duarte@sterlingcompute.com
003000000000001501,001000000000000769,Hana,Moreau,CIO,hana.moreau@quantumfabric.com
003000000000001502,001000000000000769,Kwame,Silva,CIO,kwame.silva@quantumfabric.com
003000000000001503,001000000000000769,Diego,Andersen,VP Eng,diego.andersen@quantumfabric.com
003000000000001504,001000000000000770,Elena,Mbeki,IT Director,elena.mbeki@maplelabs.com
003000000000001505,001000000000000770,Yara,Moreau,Ops Lead,yara.moreau@maplelabs.com
003000000000001506,001000000000000770,Faisal,Walsh,CIO,faisal.walsh@maplelabs.com
003000000000001507,001000000000000771,Lucia,Moreau,Ops Lead,lucia.moreau@ridgecompute.com
003000000000001508,001000000000000771,Tomas,Mbeki,Admin,tomas.mbeki@ridgecompute.com
003000000000001509,001000000000000771,Tomas,Larsson,VP Eng,tomas.larsson@ridgecompute.com
003000000000001510,001000000000000772,Ravi,Kim,Admin,ravi.kim@vertexlabs.com
003000000000001511,001000000000000772,Yara,Mbeki,Ops Lead,yara.mbeki@vertexlabs.com
003000000000001512,001000000000000773,Liam,Kim,CIO,liam.kim@brightgrid.com
003000000000001513,001000000000000773,Sean,Tanaka,Ops Lead,sean.tanaka@brightgrid.com
003000000000001514,001000000000000773,Kwame,Kim,VP Eng,kwame.kim@brightgrid.com
003000000000001515,001000000000000774,Mei,Nguyen,IT Director,mei.nguyen@meridiananalytics.com
003000000000001516,001000000000000775,Aisha,Walsh,Ops Lead,aisha.walsh@larkloop.com
003000000000001517,001000000000000775,Nadia,Reyes,IT Director,nadia.reyes@larkloop.com
003000000000001518,001000000000000776,Yara,Rossi,VP Eng,yara.rossi@pan-atlantic.com
003000000000001519,001000000000000776,Chen,Walsh,VP Eng,chen.walsh@pan-atlantic.com
003000000000001520,001000000000000777,Lucia,Tanaka,CIO,lucia.tanaka@northfabric.com
003000000000001521,001000000000000777,Omar,Mbeki,CIO,omar.mbeki@northfabric.com
003000000000001522,001000000000000778,Priya,Larsson,Admin,priya.larsson@novasphere.com
003000000000001523,001000000000000779,Sofia,Novak,Admin,sofia.novak@cascadelogic.com
003000000000001524,001000000000000779,Faisal,Rossi,Ops Lead,faisal.rossi@cascadelogic.com
003000000000001525,001000000000000780,Omar,Andersen,Ops Lead,omar.andersen@emeraldlogic.com
003000000000001526,001000000000000780,Faisal,Mbeki,IT Director,faisal.mbeki@emeraldlogic.com
003000000000001527,001000000000000780,Noah,Andersen,VP Eng,noah.andersen@emeraldlogic.com
003000000000001528,001000000000000781,Aisha,Larsson,IT Director,aisha.larsson@novacloud.com
003000000000001529,001000000000000782,Diego,Haddad,CIO,diego.haddad@aurorabyte.com
003000000000001530,001000000000000782,Mei,Duarte,Ops Lead,mei.duarte@aurorabyte.com
003000000000001531,001000000000000783,Mei,Nguyen,IT Director,mei.nguyen@ironsphere.com
003000000000001532,001000000000000783,Yara,Okafor,VP Eng,yara.okafor@ironsphere.com
003000000000001533,001000000000000784,Noah,Nguyen,Ops Lead,noah.nguyen@pioneervision.com
003000000000001534,001000000000000784,Noah,Costa,IT Director,noah.costa@pioneervision.com
003000000000001535,001000000000000785,Chen,Larsson,CIO,chen.larsson@sterlinggrid.com
003000000000001536,001000000000000786,Noah,Walsh,IT Director,noah.walsh@cascadesoft.com
003000000000001537,001000000000000786,Mei,Andersen,Admin,mei.andersen@cascadesoft.com
003000000000001538,001000000000000787,Kwame,Okafor,VP Eng,kwame.okafor@larkbyte.com
003000000000001539,001000000000000788,Elena,Nguyen,IT Director,elena.nguyen@consolidated.com
003000000000001540,001000000000000789,Yara,Walsh,VP Eng,yara.walsh@apexfabric.com
003000000000001541,001000000000000790,Hana,Silva,CIO,hana.silva@brightdigital.com
003000000000001542,001000000000000790,Elena,Moreau,Admin,elena.moreau@brightdigital.com
003000000000001543,001000000000000791,Elena,Costa,Admin,elena.costa@pioneerdynamics.com
003000000000001544,001000000000000792,Noah,Costa,CIO,noah.costa@meridian.com
003000000000001545,001000000000000792,Chen,Khan,Admin,chen.khan@meridian.com
003000000000001546,001000000000000793,Diego,Costa,VP Eng,diego.costa@harborworks.com
003000000000001547,001000000000000793,Aisha,Novak,IT Director,aisha.novak@harborworks.com
003000000000001548,001000000000000794,Lucia,Khan,Admin,lucia.khan@onyxpulse.com
003000000000001549,001000000000000795,Hana,Costa,VP Eng,hana.costa@beaconnexus.com
003000000000001550,001000000000000795,Tomas,Novak,IT Director,tomas.novak@beaconnexus.com
003000000000001551,001000000000000795,Nadia,Reyes,Admin,nadia.reyes@beaconnexus.com
003000000000001552,001000000000000796,Aisha,Walsh,VP Eng,aisha.walsh@beaconnexus.com
003000000000001553,001000000000000797,Elena,Rossi,CIO,elena.rossi@crowndata.com
003000000000001554,001000000000000797,Diego,Okafor,VP Eng,diego.okafor@crowndata.com
003000000000001555,001000000000000797,Ingrid,Tanaka,VP Eng,ingrid.tanaka@crowndata.com
003000000000001556,001000000000000798,Noah,Novak,IT Director,noah.novak@silverwave.com
003000000000001557,001000000000000798,Ravi,Novak,IT Director,ravi.novak@silverwave.com
003000000000001558,001000000000000798,Yara,Haddad,Admin,yara.haddad@silverwave.com
003000000000001559,001000000000000799,Mei,Reyes,CIO,mei.reyes@titanlink.com
003000000000001560,001000000000000800,Aisha,Khan,Ops Lead,aisha.khan@novaloop.com
003000000000001561,001000000000000801,Kwame,Costa,CIO,kwame.costa@auroracloud.com
003000000000001562,001000000000000801,Diego,Haddad,Ops Lead,diego.haddad@auroracloud.com
003000000000001563,001000000000000801,Mei,Reyes,IT Director,mei.reyes@auroracloud.com
003000000000001564,001000000000000802,Sean,Mbeki,Admin,sean.mbeki@pioneerloop.com
003000000000001565,001000000000000803,Faisal,Kim,CIO,faisal.kim@atlasnetworks.com
003000000000001566,001000000000000803,Priya,Kim,Ops Lead,priya.kim@atlasnetworks.com
003000000000001567,001000000000000803,Nadia,Moreau,Admin,nadia.moreau@atlasnetworks.com
003000000000001568,001000000000000804,Noah,Silva,IT Director,noah.silva@silversignal.com
003000000000001569,001000000000000805,Tomas,Moreau,IT Director,tomas.moreau@irongrid.com
003000000000001570,001000000000000805,Mei,Silva,CIO,mei.silva@irongrid.com
003000000000001571,001000000000000806,Noah,Duarte,CIO,noah.duarte@cascadecloud.com
003000000000001572,001000000000000806,Ingrid,Costa,Admin,ingrid.costa@cascadecloud.com
003000000000001573,001000000000000806,Ravi,Patel,CIO,ravi.patel@cascadecloud.com
003000000000001574,001000000000000807,Hana,Duarte,Admin,hana.duarte@silverloop.com
003000000000001575,001000000000000807,Omar,Rossi,Admin,omar.rossi@silverloop.com
003000000000001576,001000000000000807,Mei,Haddad,VP Eng,mei.haddad@silverloop.com
003000000000001577,001000000000000808,Mei,Costa,VP Eng,mei.costa@vertexmetric.com
003000000000001578,001000000000000808,Yara,Reyes,IT Director,yara.reyes@vertexmetric.com
003000000000001579,001000000000000808,Elena,Moreau,Admin,elena.moreau@vertexmetric.com
003000000000001580,001000000000000809,Hana,Okafor,CIO,hana.okafor@onyxlink.com
003000000000001581,001000000000000810,Nadia,Moreau,CIO,nadia.moreau@cedarloop.com
003000000000001582,001000000000000810,Ingrid,Walsh,VP Eng,ingrid.walsh@cedarloop.com
003000000000001583,001000000000000811,Hana,Nguyen,Ops Lead,hana.nguyen@harborlabs.com
003000000000001584,001000000000000812,Ravi,Duarte,CIO,ravi.duarte@meridian.com
003000000000001585,001000000000000813,Sean,Novak,VP Eng,sean.novak@beaconsoft.com
003000000000001586,001000000000000813,Omar,Silva,CIO,omar.silva@beaconsoft.com
003000000000001587,001000000000000814,Omar,Khan,IT Director,omar.khan@summitworks.com
003000000000001588,001000000000000814,Chen,Patel,Ops Lead,chen.patel@summitworks.com
003000000000001589,001000000000000814,Ravi,Silva,Admin,ravi.silva@summitworks.com
003000000000001590,001000000000000815,Yara,Rossi,Ops Lead,yara.rossi@titanworks.com
003000000000001591,001000000000000815,Chen,Walsh,Ops Lead,chen.walsh@titanworks.com
003000000000001592,001000000000000816,Aisha,Patel,IT Director,aisha.patel@granitelink.com
003000000000001593,001000000000000816,Ravi,Moreau,Ops Lead,ravi.moreau@granitelink.com
003000000000001594,001000000000000816,Tomas,Costa,Ops Lead,tomas.costa@granitelink.com
003000000000001595,001000000000000817,Sean,Walsh,Ops Lead,sean.walsh@brightnexus.com
003000000000001596,001000000000000817,Mei,Moreau,Ops Lead,mei.moreau@brightnexus.com
003000000000001597,001000000000000817,Aisha,Reyes,CIO,aisha.reyes@brightnexus.com
003000000000001598,001000000000000818,Priya,Okafor,Ops Lead,priya.okafor@cobaltfabric.com
003000000000001599,001000000000000819,Sofia,Nguyen,Ops Lead,sofia.nguyen@auroragrid.com
003000000000001600,001000000000000820,Tomas,Mbeki,CIO,tomas.mbeki@pacificnetworks.com
003000000000001601,001000000000000820,Liam,Tanaka,Admin,liam.tanaka@pacificnetworks.com
003000000000001602,001000000000000821,Noah,Patel,IT Director,noah.patel@summitlabs.com
003000000000001603,001000000000000821,Yara,Larsson,IT Director,yara.larsson@summitlabs.com
003000000000001604,001000000000000822,Liam,Reyes,IT Director,liam.reyes@ridgetech.com
003000000000001605,001000000000000822,Ravi,Khan,CIO,ravi.khan@ridgetech.com
003000000000001606,001000000000000822,Sean,Nguyen,IT Director,sean.nguyen@ridgetech.com
003000000000001607,001000000000000823,Diego,Silva,IT Director,diego.silva@pacificsphere.com
003000000000001608,001000000000000824,Aisha,Tanaka,CIO,aisha.tanaka@meridiangrid.com
003000000000001609,001000000000000824,Ravi,Silva,Admin,ravi.silva@meridiangrid.com
003000000000001610,001000000000000825,Hana,Reyes,CIO,hana.reyes@sterlingpulse.com
003000000000001611,001000000000000826,Hana,Reyes,Admin,hana.reyes@pan-atlantic.com
003000000000001612,001000000000000827,Hana,Novak,IT Director,hana.novak@novatech.com
003000000000001613,001000000000000827,Lucia,Walsh,Ops Lead,lucia.walsh@novatech.com
003000000000001614,001000000000000827,Mei,Tanaka,VP Eng,mei.tanaka@novatech.com
003000000000001615,001000000000000828,Omar,Walsh,CIO,omar.walsh@bluepulse.com
003000000000001616,001000000000000828,Noah,Silva,IT Director,noah.silva@bluepulse.com
003000000000001617,001000000000000828,Ingrid,Walsh,Ops Lead,ingrid.walsh@bluepulse.com
003000000000001618,001000000000000829,Omar,Andersen,IT Director,omar.andersen@cedarnetworks.com
003000000000001619,001000000000000829,Ravi,Andersen,Admin,ravi.andersen@cedarnetworks.com
003000000000001620,001000000000000829,Ravi,Novak,Admin,ravi.novak@cedarnetworks.com
003000000000001621,001000000000000830,Noah,Silva,Ops Lead,noah.silva@unioncloud.com
003000000000001622,001000000000000831,Aisha,Larsson,Ops Lead,aisha.larsson@onyxdigital.com
003000000000001623,001000000000000831,Priya,Duarte,Ops Lead,priya.duarte@onyxdigital.com
003000000000001624,001000000000000831,Aisha,Mbeki,VP Eng,aisha.mbeki@onyxdigital.com
003000000000001625,001000000000000832,Kwame,Costa,Ops Lead,kwame.costa@apexsphere.com
003000000000001626,001000000000000832,Elena,Reyes,Admin,elena.reyes@apexsphere.com
003000000000001627,001000000000000832,Chen,Okafor,IT Director,chen.okafor@apexsphere.com
003000000000001628,001000000000000833,Ingrid,Duarte,CIO,ingrid.duarte@keystonedigital.com
003000000000001629,001000000000000834,Priya,Khan,Ops Lead,priya.khan@northmetric.com
003000000000001630,001000000000000834,Elena,Silva,CIO,elena.silva@northmetric.com
003000000000001631,001000000000000835,Kwame,Nguyen,VP Eng,kwame.nguyen@pan-atlantic.com
003000000000001632,001000000000000835,Yara,Rossi,Ops Lead,yara.rossi@pan-atlantic.com
003000000000001633,001000000000000836,Omar,Walsh,VP Eng,omar.walsh@silvergrid.com
003000000000001634,001000000000000837,Ingrid,Patel,Admin,ingrid.patel@titancompute.com
003000000000001635,001000000000000837,Elena,Mbeki,Admin,elena.mbeki@titancompute.com
003000000000001636,001000000000000838,Yara,Khan,Ops Lead,yara.khan@summitsphere.com
003000000000001637,001000000000000838,Chen,Haddad,Admin,chen.haddad@summitsphere.com
003000000000001638,001000000000000838,Priya,Novak,Admin,priya.novak@summitsphere.com
003000000000001639,001000000000000839,Faisal,Duarte,Ops Lead,faisal.duarte@pacificworks.com
003000000000001640,001000000000000839,Kwame,Khan,Ops Lead,kwame.khan@pacificworks.com
003000000000001641,001000000000000839,Tomas,Reyes,CIO,tomas.reyes@pacificworks.com
003000000000001642,001000000000000840,Hana,Okafor,CIO,hana.okafor@titannexus.com
003000000000001643,001000000000000840,Lucia,Walsh,Ops Lead,lucia.walsh@titannexus.com
003000000000001644,001000000000000841,Priya,Patel,IT Director,priya.patel@cedarsoft.com
003000000000001645,001000000000000841,Aisha,Moreau,Admin,aisha.moreau@cedarsoft.com
003000000000001646,001000000000000841,Nadia,Silva,IT Director,nadia.silva@cedarsoft.com
003000000000001647,001000000000000842,Omar,Walsh,CIO,omar.walsh@onyxsphere.com
003000000000001648,001000000000000842,Diego,Silva,Admin,diego.silva@onyxsphere.com
003000000000001649,001000000000000843,Noah,Rossi,CIO,noah.rossi@brightcore.com
003000000000001650,001000000000000843,Hana,Reyes,Admin,hana.reyes@brightcore.com
003000000000001651,001000000000000844,Yara,Novak,Admin,yara.novak@vertexcore.com
003000000000001652,001000000000000844,Kwame,Patel,CIO,kwame.patel@vertexcore.com
003000000000001653,001000000000000845,Ingrid,Duarte,VP Eng,ingrid.duarte@deltafabric.com
003000000000001654,001000000000000845,Lucia,Tanaka,CIO,lucia.tanaka@deltafabric.com
003000000000001655,001000000000000846,Yara,Moreau,Admin,yara.moreau@meridian.com
003000000000001656,001000000000000846,Hana,Reyes,VP Eng,hana.reyes@meridian.com
003000000000001657,001000000000000846,Lucia,Okafor,VP Eng,lucia.okafor@meridian.com
003000000000001658,001000000000000847,Ravi,Costa,IT Director,ravi.costa@sablemetric.com
003000000000001659,001000000000000847,Sean,Khan,IT Director,sean.khan@sablemetric.com
003000000000001660,001000000000000848,Ravi,Mbeki,IT Director,ravi.mbeki@brightcloud.com
003000000000001661,001000000000000848,Ingrid,Khan,VP Eng,ingrid.khan@brightcloud.com
003000000000001662,001000000000000849,Diego,Nguyen,Ops Lead,diego.nguyen@ridgecore.com
003000000000001663,001000000000000850,Mei,Khan,Admin,mei.khan@brightworks.com
003000000000001664,001000000000000851,Omar,Andersen,IT Director,omar.andersen@pacificsoft.com
003000000000001665,001000000000000852,Hana,Rossi,Ops Lead,hana.rossi@northmetric.com
003000000000001666,001000000000000852,Mei,Andersen,VP Eng,mei.andersen@northmetric.com
003000000000001667,001000000000000853,Ravi,Rossi,VP Eng,ravi.rossi@summitanalytics.com
003000000000001668,001000000000000853,Ingrid,Kim,CIO,ingrid.kim@summitanalytics.com
003000000000001669,001000000000000853,Chen,Rossi,CIO,chen.rossi@summitanalytics.com
003000000000001670,001000000000000854,Tomas,Andersen,IT Director,tomas.andersen@pioneerdynamics.com
003000000000001671,001000000000000854,Kwame,Rossi,VP Eng,kwame.rossi@pioneerdynamics.com
003000000000001672,001000000000000854,Nadia,Tanaka,Ops Lead,nadia.tanaka@pioneerdynamics.com
003000000000001673,001000000000000855,Kwame,Kim,VP Eng,kwame.kim@unionmicro.com
003000000000001674,001000000000000855,Omar,Costa,CIO,omar.costa@unionmicro.com
003000000000001675,001000000000000855,Priya,Costa,Ops Lead,priya.costa@unionmicro.com
003000000000001676,001000000000000856,Ravi,Mbeki,VP Eng,ravi.mbeki@novacore.com
003000000000001677,001000000000000856,Yara,Novak,Ops Lead,yara.novak@novacore.com
003000000000001678,001000000000000857,Yara,Costa,Ops Lead,yara.costa@brightdynamics.com
003000000000001679,001000000000000857,Yara,Walsh,IT Director,yara.walsh@brightdynamics.com
003000000000001680,001000000000000858,Yara,Tanaka,Ops Lead,yara.tanaka@vertexbyte.com
003000000000001681,001000000000000858,Tomas,Okafor,CIO,tomas.okafor@vertexbyte.com
003000000000001682,001000000000000859,Nadia,Walsh,VP Eng,nadia.walsh@northcloud.com
003000000000001683,001000000000000859,Omar,Kim,CIO,omar.kim@northcloud.com
003000000000001684,001000000000000860,Sean,Patel,Ops Lead,sean.patel@ridgefabric.com
003000000000001685,001000000000000860,Diego,Kim,CIO,diego.kim@ridgefabric.com
003000000000001686,001000000000000860,Tomas,Kim,VP Eng,tomas.kim@ridgefabric.com
003000000000001687,001000000000000861,Tomas,Andersen,Ops Lead,tomas.andersen@copperdata.com
003000000000001688,001000000000000861,Ravi,Andersen,Admin,ravi.andersen@copperdata.com
003000000000001689,001000000000000861,Elena,Tanaka,Admin,elena.tanaka@copperdata.com
003000000000001690,001000000000000862,Mei,Silva,IT Director,mei.silva@atlaspulse.com
003000000000001691,001000000000000862,Liam,Mbeki,IT Director,liam.mbeki@atlaspulse.com
003000000000001692,001000000000000863,Yara,Okafor,CIO,yara.okafor@ironcompute.com
003000000000001693,001000000000000863,Liam,Rossi,Admin,liam.rossi@ironcompute.com
003000000000001694,001000000000000864,Sean,Mbeki,CIO,sean.mbeki@orchardsphere.com
003000000000001695,001000000000000864,Ingrid,Costa,Ops Lead,ingrid.costa@orchardsphere.com
003000000000001696,001000000000000864,Priya,Mbeki,VP Eng,priya.mbeki@orchardsphere.com
003000000000001697,001000000000000865,Tomas,Silva,VP Eng,tomas.silva@deltaworks.com
003000000000001698,001000000000000865,Hana,Nguyen,Ops Lead,hana.nguyen@deltaworks.com
003000000000001699,001000000000000866,Ingrid,Reyes,IT Director,ingrid.reyes@aurorasignal.com
003000000000001700,001000000000000866,Ravi,Walsh,CIO,ravi.walsh@aurorasignal.com
003000000000001701,001000000000000866,Priya,Walsh,Admin,priya.walsh@aurorasignal.com
003000000000001702,001000000000000867,Sean,Andersen,VP Eng,sean.andersen@bluelogic.com
003000000000001703,001000000000000867,Ravi,Andersen,Ops Lead,ravi.andersen@bluelogic.com
003000000000001704,001000000000000867,Ingrid,Haddad,IT Director,ingrid.haddad@bluelogic.com
003000000000001705,001000000000000868,Lucia,Mbeki,VP Eng,lucia.mbeki@larkvision.com
003000000000001706,001000000000000868,Liam,Andersen,Ops Lead,liam.andersen@larkvision.com
003000000000001707,001000000000000869,Sofia,Haddad,IT Director,sofia.haddad@vanguardsystems.com
003000000000001708,001000000000000869,Ravi,Moreau,Ops Lead,ravi.moreau@vanguardsystems.com
003000000000001709,001000000000000869,Mei,Patel,Admin,mei.patel@vanguardsystems.com
003000000000001710,001000000000000870,Faisal,Novak,CIO,faisal.novak@unionvision.com
003000000000001711,001000000000000870,Liam,Walsh,Admin,liam.walsh@unionvision.com
003000000000001712,001000000000000871,Sofia,Walsh,Ops Lead,sofia.walsh@cobaltdata.com
003000000000001713,001000000000000871,Yara,Duarte,Admin,yara.duarte@cobaltdata.com
003000000000001714,001000000000000872,Yara,Novak,Admin,yara.novak@harborlogic.com
003000000000001715,001000000000000872,Chen,Walsh,VP Eng,chen.walsh@harborlogic.com
003000000000001716,001000000000000873,Ravi,Silva,CIO,ravi.silva@pacificcompute.com
003000000000001717,001000000000000873,Lucia,Nguyen,IT Director,lucia.nguyen@pacificcompute.com
003000000000001718,001000000000000873,Nadia,Duarte,CIO,nadia.duarte@pacificcompute.com
003000000000001719,001000000000000874,Omar,Okafor,VP Eng,omar.okafor@bluedata.com
003000000000001720,001000000000000874,Yara,Silva,Admin,yara.silva@bluedata.com
003000000000001721,001000000000000874,Chen,Andersen,IT Director,chen.andersen@bluedata.com
003000000000001722,001000000000000875,Tomas,Rossi,Admin,tomas.rossi@crowncore.com
003000000000001723,001000000000000876,Faisal,Reyes,VP Eng,faisal.reyes@quantumsphere.com
003000000000001724,001000000000000876,Ingrid,Mbeki,Admin,ingrid.mbeki@quantumsphere.com
003000000000001725,001000000000000876,Faisal,Khan,CIO,faisal.khan@quantumsphere.com
003000000000001726,001000000000000877,Diego,Walsh,IT Director,diego.walsh@pioneeranalytics.com
003000000000001727,001000000000000878,Sofia,Novak,Admin,sofia.novak@meridiantech.com
003000000000001728,001000000000000878,Ravi,Andersen,Ops Lead,ravi.andersen@meridiantech.com
003000000000001729,001000000000000878,Diego,Silva,CIO,diego.silva@meridiantech.com
003000000000001730,001000000000000879,Liam,Rossi,Ops Lead,liam.rossi@granitevision.com
003000000000001731,001000000000000879,Kwame,Patel,Ops Lead,kwame.patel@granitevision.com
003000000000001732,001000000000000880,Ravi,Larsson,CIO,ravi.larsson@pacificdigital.com
003000000000001733,001000000000000880,Tomas,Andersen,Ops Lead,tomas.andersen@pacificdigital.com
003000000000001734,001000000000000881,Lucia,Nguyen,VP Eng,lucia.nguyen@onyxtech.com
003000000000001735,001000000000000882,Sean,Mbeki,IT Director,sean.mbeki@consolidated.com
003000000000001736,001000000000000883,Sofia,Walsh,Admin,sofia.walsh@sterlingnetworks.com
003000000000001737,001000000000000884,Mei,Reyes,Ops Lead,mei.reyes@maplevector.com
003000000000001738,001000000000000884,Hana,Kim,Ops Lead,hana.kim@maplevector.com
003000000000001739,001000000000000885,Priya,Haddad,VP Eng,priya.haddad@sterlingvector.com
003000000000001740,001000000000000885,Ravi,Moreau,IT Director,ravi.moreau@sterlingvector.com
003000000000001741,001000000000000886,Liam,Reyes,Ops Lead,liam.reyes@vertexpulse.com
003000000000001742,001000000000000887,Kwame,Novak,CIO,kwame.novak@summitlogic.com
003000000000001743,001000000000000888,Priya,Nguyen,CIO,priya.nguyen@granitevision.com
003000000000001744,001000000000000889,Aisha,Patel,CIO,aisha.patel@larkmetric.com
003000000000001745,001000000000000889,Ravi,Reyes,VP Eng,ravi.reyes@larkmetric.com
003000000000001746,001000000000000890,Tomas,Silva,IT Director,tomas.silva@keystonetech.com
003000000000001747,001000000000000891,Diego,Tanaka,VP Eng,diego.tanaka@crownsystems.com
003000000000001748,001000000000000891,Sean,Walsh,IT Director,sean.walsh@crownsystems.com
003000000000001749,001000000000000892,Nadia,Haddad,Admin,nadia.haddad@brightfabric.com
003000000000001750,001000000000000893,Noah,Novak,Ops Lead,noah.novak@crownstream.com
003000000000001751,001000000000000893,Elena,Reyes,Admin,elena.reyes@crownstream.com
003000000000001752,001000000000000894,Diego,Novak,CIO,diego.novak@atlasmetric.com
003000000000001753,001000000000000894,Chen,Moreau,IT Director,chen.moreau@atlasmetric.com
003000000000001754,001000000000000895,Diego,Tanaka,VP Eng,diego.tanaka@emeraldmetric.com
003000000000001755,001000000000000895,Aisha,Larsson,Ops Lead,aisha.larsson@emeraldmetric.com
003000000000001756,001000000000000896,Noah,Patel,CIO,noah.patel@auroraforge.com
003000000000001757,001000000000000897,Diego,Walsh,VP Eng,diego.walsh@bluebyte.com
003000000000001758,001000000000000897,Aisha,Reyes,Ops Lead,aisha.reyes@bluebyte.com
003000000000001759,001000000000000898,Omar,Patel,CIO,omar.patel@cascadeanalytics.com
003000000000001760,001000000000000898,Ravi,Nguyen,CIO,ravi.nguyen@cascadeanalytics.com
003000000000001761,001000000000000899,Priya,Okafor,VP Eng,priya.okafor@sablegrid.com
003000000000001762,001000000000000900,Yara,Haddad,Ops Lead,yara.haddad@quantummicro.com
003000000000001763,001000000000000900,Chen,Costa,IT Director,chen.costa@quantummicro.com
003000000000001764,001000000000000900,Chen,Duarte,Ops Lead,chen.duarte@quantummicro.com
003000000000001765,001000000000000901,Mei,Andersen,Admin,mei.andersen@orchardbyte.com
003000000000001766,001000000000000902,Lucia,Mbeki,CIO,lucia.mbeki@harbordigital.com
003000000000001767,001000000000000902,Nadia,Duarte,CIO,nadia.duarte@harbordigital.com
003000000000001768,001000000000000903,Mei,Patel,VP Eng,mei.patel@sterlingtech.com
003000000000001769,001000000000000903,Liam,Nguyen,VP Eng,liam.nguyen@sterlingtech.com
003000000000001770,001000000000000904,Faisal,Okafor,VP Eng,faisal.okafor@larksystems.com
003000000000001771,001000000000000904,Noah,Novak,Admin,noah.novak@larksystems.com
003000000000001772,001000000000000905,Sofia,Rossi,IT Director,sofia.rossi@pacificsystems.com
003000000000001773,001000000000000905,Elena,Reyes,VP Eng,elena.reyes@pacificsystems.com
003000000000001774,001000000000000905,Liam,Larsson,Admin,liam.larsson@pacificsystems.com
003000000000001775,001000000000000906,Faisal,Haddad,IT Director,faisal.haddad@pacificstream.com
003000000000001776,001000000000000906,Ingrid,Costa,IT Director,ingrid.costa@pacificstream.com
003000000000001777,001000000000000906,Aisha,Reyes,CIO,aisha.reyes@pacificstream.com
003000000000001778,001000000000000907,Faisal,Haddad,VP Eng,faisal.haddad@maplebyte.com
003000000000001779,001000000000000908,Ravi,Reyes,Ops Lead,ravi.reyes@cobaltgrid.com
003000000000001780,001000000000000908,Ingrid,Novak,IT Director,ingrid.novak@cobaltgrid.com
003000000000001781,001000000000000909,Noah,Walsh,VP Eng,noah.walsh@aurorapulse.com
003000000000001782,001000000000000909,Elena,Silva,IT Director,elena.silva@aurorapulse.com
003000000000001783,001000000000000909,Priya,Moreau,CIO,priya.moreau@aurorapulse.com
003000000000001784,001000000000000910,Sofia,Tanaka,Admin,sofia.tanaka@pioneerbyte.com
003000000000001785,001000000000000910,Noah,Nguyen,CIO,noah.nguyen@pioneerbyte.com
003000000000001786,001000000000000911,Diego,Okafor,VP Eng,diego.okafor@novavision.com
003000000000001787,001000000000000912,Ravi,Larsson,Ops Lead,ravi.larsson@cedarlink.com
003000000000001788,001000000000000912,Lucia,Andersen,Admin,lucia.andersen@cedarlink.com
003000000000001789,001000000000000912,Liam,Larsson,Admin,liam.larsson@cedarlink.com
003000000000001790,001000000000000913,Yara,Khan,IT Director,yara.khan@granitedata.com
003000000000001791,001000000000000913,Aisha,Khan,IT Director,aisha.khan@granitedata.com
003000000000001792,001000000000000914,Hana,Okafor,Admin,hana.okafor@granitedata.com
003000000000001793,001000000000000915,Nadia,Nguyen,IT Director,nadia.nguyen@atlaswave.com
003000000000001794,001000000000000916,Omar,Haddad,Admin,omar.haddad@silvervision.com
003000000000001795,001000000000000917,Noah,Novak,VP Eng,noah.novak@vertexsphere.com
003000000000001796,001000000000000917,Noah,Novak,Admin,noah.novak@vertexsphere.com
003000000000001797,001000000000000917,Aisha,Moreau,Admin,aisha.moreau@vertexsphere.com
003000000000001798,001000000000000918,Mei,Andersen,Ops Lead,mei.andersen@ironsphere.com
003000000000001799,001000000000000918,Lucia,Okafor,IT Director,lucia.okafor@ironsphere.com
003000000000001800,001000000000000918,Diego,Larsson,IT Director,diego.larsson@ironsphere.com
003000000000001801,001000000000000919,Ingrid,Reyes,CIO,ingrid.reyes@ridgenetworks.com
003000000000001802,001000000000000920,Sofia,Rossi,Ops Lead,sofia.rossi@sterlingpulse.com
003000000000001803,001000000000000920,Tomas,Mbeki,VP Eng,tomas.mbeki@sterlingpulse.com
003000000000001804,001000000000000920,Faisal,Okafor,Admin,faisal.okafor@sterlingpulse.com
003000000000001805,001000000000000921,Sean,Haddad,Ops Lead,sean.haddad@helios.com
003000000000001806,001000000000000921,Kwame,Walsh,CIO,kwame.walsh@helios.com
003000000000001807,001000000000000921,Sofia,Duarte,Admin,sofia.duarte@helios.com
003000000000001808,001000000000000922,Noah,Tanaka,Admin,noah.tanaka@cascademetric.com
003000000000001809,001000000000000922,Ravi,Okafor,Ops Lead,ravi.okafor@cascademetric.com
003000000000001810,001000000000000922,Tomas,Novak,VP Eng,tomas.novak@cascademetric.com
003000000000001811,001000000000000923,Priya,Andersen,Admin,priya.andersen@apexlink.com
003000000000001812,001000000000000924,Mei,Reyes,IT Director,mei.reyes@maplepulse.com
003000000000001813,001000000000000924,Mei,Kim,IT Director,mei.kim@maplepulse.com
003000000000001814,001000000000000925,Nadia,Kim,VP Eng,nadia.kim@titanworks.com
003000000000001815,001000000000000925,Sean,Patel,Ops Lead,sean.patel@titanworks.com
003000000000001816,001000000000000926,Liam,Khan,Admin,liam.khan@beaconsystems.com
003000000000001817,001000000000000926,Liam,Moreau,VP Eng,liam.moreau@beaconsystems.com
003000000000001818,001000000000000927,Kwame,Rossi,IT Director,kwame.rossi@titanmetric.com
003000000000001819,001000000000000927,Liam,Costa,IT Director,liam.costa@titanmetric.com
003000000000001820,001000000000000928,Tomas,Duarte,CIO,tomas.duarte@meridian.com
003000000000001821,001000000000000929,Noah,Duarte,IT Director,noah.duarte@vanguardlabs.com
003000000000001822,001000000000000929,Nadia,Walsh,IT Director,nadia.walsh@vanguardlabs.com
003000000000001823,001000000000000929,Mei,Moreau,CIO,mei.moreau@vanguardlabs.com
003000000000001824,001000000000000930,Sean,Novak,Ops Lead,sean.novak@uniongrid.com
003000000000001825,001000000000000930,Noah,Nguyen,IT Director,noah.nguyen@uniongrid.com
003000000000001826,001000000000000930,Tomas,Andersen,Admin,tomas.andersen@uniongrid.com
003000000000001827,001000000000000931,Tomas,Khan,CIO,tomas.khan@deltalabs.com
003000000000001828,001000000000000931,Lucia,Larsson,CIO,lucia.larsson@deltalabs.com
003000000000001829,001000000000000931,Ravi,Novak,CIO,ravi.novak@deltalabs.com
003000000000001830,001000000000000932,Noah,Reyes,IT Director,noah.reyes@beaconfabric.com
003000000000001831,001000000000000933,Lucia,Larsson,IT Director,lucia.larsson@quantumtech.com
003000000000001832,001000000000000933,Elena,Andersen,VP Eng,elena.andersen@quantumtech.com
003000000000001833,001000000000000934,Diego,Okafor,VP Eng,diego.okafor@atlascompute.com
003000000000001834,001000000000000934,Priya,Larsson,CIO,priya.larsson@atlascompute.com
003000000000001835,001000000000000934,Mei,Haddad,Admin,mei.haddad@atlascompute.com
003000000000001836,001000000000000935,Noah,Costa,CIO,noah.costa@helios.com
003000000000001837,001000000000000935,Priya,Kim,VP Eng,priya.kim@helios.com
003000000000001838,001000000000000936,Hana,Rossi,Ops Lead,hana.rossi@granitelink.com
003000000000001839,001000000000000936,Sean,Patel,CIO,sean.patel@granitelink.com
003000000000001840,001000000000000937,Elena,Walsh,CIO,elena.walsh@keystonemetric.com
003000000000001841,001000000000000937,Hana,Kim,VP Eng,hana.kim@keystonemetric.com
003000000000001842,001000000000000938,Hana,Okafor,IT Director,hana.okafor@silvergrid.com
003000000000001843,001000000000000938,Chen,Okafor,Ops Lead,chen.okafor@silvergrid.com
003000000000001844,001000000000000938,Hana,Costa,Ops Lead,hana.costa@silvergrid.com
003000000000001845,001000000000000939,Elena,Haddad,CIO,elena.haddad@emeraldwave.com
003000000000001846,001000000000000940,Sofia,Mbeki,VP Eng,sofia.mbeki@summittech.com
003000000000001847,001000000000000941,Sofia,Andersen,VP Eng,sofia.andersen@emeraldmicro.com
003000000000001848,001000000000000941,Elena,Silva,VP Eng,elena.silva@emeraldmicro.com
003000000000001849,001000000000000942,Mei,Costa,Admin,mei.costa@sterlingbyte.com
003000000000001850,001000000000000942,Ravi,Kim,Admin,ravi.kim@sterlingbyte.com
003000000000001851,001000000000000943,Yara,Moreau,VP Eng,yara.moreau@cedarworks.com
003000000000001852,001000000000000944,Sofia,Larsson,Admin,sofia.larsson@cascadewave.com
003000000000001853,001000000000000944,Kwame,Khan,Admin,kwame.khan@cascadewave.com
003000000000001854,001000000000000945,Liam,Tanaka,CIO,liam.tanaka@summitsignal.com
003000000000001855,001000000000000945,Liam,Patel,Admin,liam.patel@summitsignal.com
003000000000001856,001000000000000946,Lucia,Khan,CIO,lucia.khan@silvermicro.com
003000000000001857,001000000000000947,Noah,Nguyen,Ops Lead,noah.nguyen@apexworks.com
003000000000001858,001000000000000947,Sean,Tanaka,CIO,sean.tanaka@apexworks.com
003000000000001859,001000000000000948,Ravi,Andersen,CIO,ravi.andersen@larkworks.com
003000000000001860,001000000000000948,Faisal,Tanaka,Admin,faisal.tanaka@larkworks.com
003000000000001861,001000000000000949,Omar,Khan,VP Eng,omar.khan@titanlink.com
003000000000001862,001000000000000950,Hana,Kim,VP Eng,hana.kim@silvercore.com
003000000000001863,001000000000000950,Sofia,Kim,IT Director,sofia.kim@silvercore.com
003000000000001864,001000000000000951,Hana,Tanaka,Ops Lead,hana.tanaka@beaconcore.com
003000000000001865,001000000000000952,Liam,Silva,Admin,liam.silva@orchardwave.com
003000000000001866,001000000000000953,Tomas,Walsh,IT Director,tomas.walsh@beaconlogic.com
003000000000001867,001000000000000953,Ravi,Costa,VP Eng,ravi.costa@beaconlogic.com
003000000000001868,001000000000000954,Ingrid,Kim,CIO,ingrid.kim@atlascloud.com
003000000000001869,001000000000000954,Priya,Reyes,IT Director,priya.reyes@atlascloud.com
003000000000001870,001000000000000955,Sofia,Okafor,Ops Lead,sofia.okafor@keystoneworks.com
003000000000001871,001000000000000955,Yara,Costa,Admin,yara.costa@keystoneworks.com
003000000000001872,001000000000000956,Tomas,Reyes,IT Director,tomas.reyes@cobalttech.com
003000000000001873,001000000000000956,Chen,Mbeki,IT Director,chen.mbeki@cobalttech.com
003000000000001874,001000000000000957,Diego,Haddad,Ops Lead,diego.haddad@ironanalytics.com
003000000000001875,001000000000000957,Hana,Haddad,CIO,hana.haddad@ironanalytics.com
003000000000001876,001000000000000957,Liam,Nguyen,CIO,liam.nguyen@ironanalytics.com
003000000000001877,001000000000000958,Aisha,Okafor,CIO,aisha.okafor@beaconsphere.com
003000000000001878,001000000000000958,Liam,Okafor,VP Eng,liam.okafor@beaconsphere.com
003000000000001879,001000000000000958,Diego,Novak,Admin,diego.novak@beaconsphere.com
003000000000001880,001000000000000959,Chen,Tanaka,IT Director,chen.tanaka@quantumstream.com
003000000000001881,001000000000000959,Ravi,Walsh,CIO,ravi.walsh@quantumstream.com
003000000000001882,001000000000000960,Liam,Okafor,Admin,liam.okafor@ridgedigital.com
003000000000001883,001000000000000960,Omar,Novak,Admin,omar.novak@ridgedigital.com
003000000000001884,001000000000000961,Ravi,Khan,IT Director,ravi.khan@orchardvision.com
003000000000001885,001000000000000961,Omar,Larsson,IT Director,omar.larsson@orchardvision.com
003000000000001886,001000000000000961,Diego,Walsh,IT Director,diego.walsh@orchardvision.com
003000000000001887,001000000000000962,Priya,Kim,VP Eng,priya.kim@larklogic.com
003000000000001888,001000000000000962,Omar,Andersen,VP Eng,omar.andersen@larklogic.com
003000000000001889,001000000000000963,Faisal,Khan,VP Eng,faisal.khan@emeraldsignal.com
003000000000001890,001000000000000963,Diego,Novak,VP Eng,diego.novak@emeraldsignal.com
003000000000001891,001000000000000964,Lucia,Khan,Admin,lucia.khan@emeraldcore.com
003000000000001892,001000000000000964,Yara,Tanaka,Ops Lead,yara.tanaka@emeraldcore.com
003000000000001893,001000000000000965,Elena,Walsh,Ops Lead,elena.walsh@atlaspulse.com
003000000000001894,001000000000000965,Sofia,Andersen,VP Eng,sofia.andersen@atlaspulse.com
003000000000001895,001000000000000965,Elena,Kim,Admin,elena.kim@atlaspulse.com
003000000000001896,001000000000000966,Kwame,Nguyen,Admin,kwame.nguyen@cedarcloud.com
003000000000001897,001000000000000966,Kwame,Mbeki,Admin,kwame.mbeki@cedarcloud.com
003000000000001898,001000000000000966,Sean,Nguyen,IT Director,sean.nguyen@cedarcloud.com
003000000000001899,001000000000000967,Sofia,Rossi,VP Eng,sofia.rossi@meridiansystems.com
003000000000001900,001000000000000967,Aisha,Tanaka,IT Director,aisha.tanaka@meridiansystems.com
003000000000001901,001000000000000968,Ingrid,Okafor,VP Eng,ingrid.okafor@aurorabyte.com
003000000000001902,001000000000000968,Yara,Larsson,VP Eng,yara.larsson@aurorabyte.com
003000000000001903,001000000000000969,Mei,Costa,VP Eng,mei.costa@keystonecompute.com
003000000000001904,001000000000000969,Priya,Larsson,IT Director,priya.larsson@keystonecompute.com
003000000000001905,001000000000000969,Hana,Khan,IT Director,hana.khan@keystonecompute.com
003000000000001906,001000000000000970,Sean,Nguyen,Ops Lead,sean.nguyen@cobaltsignal.com
003000000000001907,001000000000000970,Priya,Patel,Admin,priya.patel@cobaltsignal.com
003000000000001908,001000000000000971,Tomas,Haddad,CIO,tomas.haddad@sableloop.com
003000000000001909,001000000000000972,Yara,Costa,VP Eng,yara.costa@keystonecloud.com
003000000000001910,001000000000000972,Ingrid,Rossi,Admin,ingrid.rossi@keystonecloud.com
003000000000001911,001000000000000973,Ravi,Walsh,IT Director,ravi.walsh@northpulse.com
003000000000001912,001000000000000974,Lucia,Reyes,Admin,lucia.reyes@quantumlogic.com
003000000000001913,001000000000000974,Ravi,Novak,IT Director,ravi.novak@quantumlogic.com
003000000000001914,001000000000000974,Noah,Duarte,Admin,noah.duarte@quantumlogic.com
003000000000001915,001000000000000975,Nadia,Walsh,IT Director,nadia.walsh@granitesystems.com
003000000000001916,001000000000000975,Noah,Haddad,CIO,noah.haddad@granitesystems.com
003000000000001917,001000000000000976,Tomas,Duarte,Admin,tomas.duarte@ironcore.com
003000000000001918,001000000000000977,Mei,Novak,CIO,mei.novak@novamicro.com
003000000000001919,001000000000000978,Kwame,Tanaka,IT Director,kwame.tanaka@onyxanalytics.com
003000000000001920,001000000000000978,Sofia,Rossi,CIO,sofia.rossi@onyxanalytics.com
003000000000001921,001000000000000979,Sean,Mbeki,Ops Lead,sean.mbeki@harborcloud.com
003000000000001922,001000000000000980,Aisha,Walsh,Admin,aisha.walsh@bluebyte.com
003000000000001923,001000000000000981,Diego,Moreau,CIO,diego.moreau@sableanalytics.com
003000000000001924,001000000000000982,Yara,Silva,VP Eng,yara.silva@cascadeanalytics.com
003000000000001925,001000000000000982,Sean,Larsson,Admin,sean.larsson@cascadeanalytics.com
003000000000001926,001000000000000982,Sofia,Kim,IT Director,sofia.kim@cascadeanalytics.com
003000000000001927,001000000000000983,Diego,Tanaka,CIO,diego.tanaka@allied.com
003000000000001928,001000000000000983,Nadia,Moreau,IT Director,nadia.moreau@allied.com
003000000000001929,001000000000000983,Noah,Mbeki,Admin,noah.mbeki@allied.com
003000000000001930,001000000000000984,Omar,Patel,IT Director,omar.patel@vanguardmicro.com
003000000000001931,001000000000000985,Ravi,Larsson,IT Director,ravi.larsson@beaconanalytics.com
003000000000001932,001000000000000985,Diego,Haddad,Admin,diego.haddad@beaconanalytics.com
003000000000001933,001000000000000985,Ingrid,Khan,VP Eng,ingrid.khan@beaconanalytics.com
003000000000001934,001000000000000986,Diego,Reyes,IT Director,diego.reyes@summitwave.com
003000000000001935,001000000000000986,Noah,Costa,CIO,noah.costa@summitwave.com
003000000000001936,001000000000000987,Yara,Silva,VP Eng,yara.silva@onyxbyte.com
003000000000001937,001000000000000987,Kwame,Nguyen,VP Eng,kwame.nguyen@onyxbyte.com
003000000000001938,001000000000000987,Tomas,Novak,VP Eng,tomas.novak@onyxbyte.com
003000000000001939,001000000000000988,Tomas,Reyes,IT Director,tomas.reyes@larklogic.com
003000000000001940,001000000000000989,Sofia,Khan,Admin,sofia.khan@pioneermetric.com
003000000000001941,001000000000000989,Elena,Tanaka,Admin,elena.tanaka@pioneermetric.com
003000000000001942,001000000000000990,Aisha,Moreau,IT Director,aisha.moreau@brightcloud.com
003000000000001943,001000000000000990,Yara,Kim,Ops Lead,yara.kim@brightcloud.com
003000000000001944,001000000000000991,Sofia,Andersen,CIO,sofia.andersen@northlink.com
003000000000001945,001000000000000991,Chen,Mbeki,IT Director,chen.mbeki@northlink.com
003000000000001946,001000000000000992,Aisha,Silva,Admin,aisha.silva@silvernexus.com
003000000000001947,001000000000000992,Ingrid,Silva,CIO,ingrid.silva@silvernexus.com
003000000000001948,001000000000000992,Aisha,Tanaka,Ops Lead,aisha.tanaka@silvernexus.com
003000000000001949,001000000000000993,Faisal,Walsh,IT Director,faisal.walsh@allied.com
003000000000001950,001000000000000993,Lucia,Haddad,VP Eng,lucia.haddad@allied.com
003000000000001951,001000000000000993,Priya,Andersen,Ops Lead,priya.andersen@allied.com
003000000000001952,001000000000000994,Diego,Walsh,Admin,diego.walsh@sterlingnetworks.com
003000000000001953,001000000000000994,Lucia,Walsh,IT Director,lucia.walsh@sterlingnetworks.com
003000000000001954,001000000000000995,Lucia,Andersen,VP Eng,lucia.andersen@unionsignal.com
003000000000001955,001000000000000995,Ingrid,Tanaka,IT Director,ingrid.tanaka@unionsignal.com
003000000000001956,001000000000000996,Noah,Mbeki,Ops Lead,noah.mbeki@novafabric.com
003000000000001957,001000000000000996,Omar,Mbeki,Ops Lead,omar.mbeki@novafabric.com
003000000000001958,001000000000000997,Sean,Khan,Ops Lead,sean.khan@vanguardsignal.com
003000000000001959,001000000000000998,Elena,Walsh,CIO,elena.walsh@novacompute.com
003000000000001960,001000000000000998,Sean,Tanaka,Admin,sean.tanaka@novacompute.com
003000000000001961,001000000000000999,Yara,Patel,IT Director,yara.patel@standard.com
003000000000001962,001000000000000999,Liam,Rossi,IT Director,liam.rossi@standard.com
003000000000001963,001000000000000999,Priya,Andersen,IT Director,priya.andersen@standard.com
003000000000001964,001000000000001000,Nadia,Kim,IT Director,nadia.kim@crownstream.com
003000000000001965,001000000000001000,Chen,Novak,Ops Lead,chen.novak@crownstream.com
003000000000001966,001000000000001000,Noah,Patel,VP Eng,noah.patel@crownstream.com
003000000000001967,001000000000001001,Liam,Reyes,IT Director,liam.reyes@granitecloud.com
003000000000001968,001000000000001002,Elena,Rossi,VP Eng,elena.rossi@larkstream.com
003000000000001969,001000000000001003,Aisha,Okafor,VP Eng,aisha.okafor@beaconvector.com
003000000000001970,001000000000001003,Lucia,Silva,Ops Lead,lucia.silva@beaconvector.com
003000000000001971,001000000000001004,Kwame,Nguyen,CIO,kwame.nguyen@pan-atlantic.com
003000000000001972,001000000000001004,Diego,Duarte,Ops Lead,diego.duarte@pan-atlantic.com
003000000000001973,001000000000001004,Sofia,Nguyen,Ops Lead,sofia.nguyen@pan-atlantic.com
003000000000001974,001000000000001005,Tomas,Mbeki,VP Eng,tomas.mbeki@brightanalytics.com
003000000000001975,001000000000001005,Nadia,Larsson,VP Eng,nadia.larsson@brightanalytics.com
003000000000001976,001000000000001006,Elena,Walsh,Admin,elena.walsh@vertextech.com
003000000000001977,001000000000001006,Mei,Okafor,Admin,mei.okafor@vertextech.com
003000000000001978,001000000000001007,Elena,Andersen,IT Director,elena.andersen@beaconvector.com
003000000000001979,001000000000001007,Noah,Moreau,IT Director,noah.moreau@beaconvector.com
003000000000001980,001000000000001007,Elena,Khan,Ops Lead,elena.khan@beaconvector.com
003000000000001981,001000000000001008,Faisal,Haddad,IT Director,faisal.haddad@pacificsignal.com
003000000000001982,001000000000001008,Sofia,Andersen,Ops Lead,sofia.andersen@pacificsignal.com
003000000000001983,001000000000001009,Diego,Moreau,IT Director,diego.moreau@brighttech.com
003000000000001984,001000000000001009,Hana,Haddad,IT Director,hana.haddad@brighttech.com
003000000000001985,001000000000001010,Tomas,Tanaka,VP Eng,tomas.tanaka@coppergrid.com
003000000000001986,001000000000001010,Sofia,Novak,VP Eng,sofia.novak@coppergrid.com
003000000000001987,001000000000001010,Aisha,Khan,IT Director,aisha.khan@coppergrid.com
003000000000001988,001000000000001011,Mei,Andersen,Admin,mei.andersen@granitedata.com
003000000000001989,001000000000001011,Yara,Andersen,IT Director,yara.andersen@granitedata.com
003000000000001990,001000000000001011,Mei,Reyes,IT Director,mei.reyes@granitedata.com
003000000000001991,001000000000001012,Lucia,Novak,Ops Lead,lucia.novak@granitesphere.com
003000000000001992,001000000000001012,Yara,Rossi,VP Eng,yara.rossi@granitesphere.com
003000000000001993,001000000000001012,Tomas,Mbeki,IT Director,tomas.mbeki@granitesphere.com
003000000000001994,001000000000001013,Sean,Costa,VP Eng,sean.costa@cobaltlogic.com
003000000000001995,001000000000001013,Aisha,Moreau,VP Eng,aisha.moreau@cobaltlogic.com
003000000000001996,001000000000001014,Ravi,Reyes,VP Eng,ravi.reyes@unionsoft.com
003000000000001997,001000000000001014,Kwame,Mbeki,CIO,kwame.mbeki@unionsoft.com
003000000000001998,001000000000001014,Elena,Andersen,Admin,elena.andersen@unionsoft.com
003000000000001999,001000000000001015,Noah,Duarte,Ops Lead,noah.duarte@allied.com
003000000000002000,001000000000001015,Priya,Andersen,Ops Lead,priya.andersen@allied.com
003000000000002001,001000000000001016,Diego,Silva,VP Eng,diego.silva@vertexvision.com
003000000000002002,001000000000001016,Sean,Haddad,IT Director,sean.haddad@vertexvision.com
003000000000002003,001000000000001017,Hana,Kim,VP Eng,hana.kim@deltaloop.com
003000000000002004,001000000000001017,Ravi,Nguyen,Ops Lead,ravi.nguyen@deltaloop.com
003000000000002005,001000000000001018,Aisha,Reyes,VP Eng,aisha.reyes@silvernexus.com
003000000000002006,001000000000001018,Lucia,Silva,VP Eng,lucia.silva@silvernexus.com
003000000000002007,001000000000001019,Kwame,Moreau,Admin,kwame.moreau@summitstream.com
003000000000002008,001000000000001019,Sofia,Okafor,VP Eng,sofia.okafor@summitstream.com
003000000000002009,001000000000001019,Omar,Mbeki,VP Eng,omar.mbeki@summitstream.com
003000000000002010,001000000000001020,Omar,Larsson,VP Eng,omar.larsson@coppercompute.com
003000000000002011,001000000000001020,Sofia,Okafor,VP Eng,sofia.okafor@coppercompute.com
003000000000002012,001000000000001021,Omar,Khan,IT Director,omar.khan@emeraldsoft.com
003000000000002013,001000000000001022,Priya,Novak,Admin,priya.novak@sablesystems.com
003000000000002014,001000000000001022,Nadia,Rossi,Ops Lead,nadia.rossi@sablesystems.com
003000000000002015,001000000000001022,Tomas,Okafor,CIO,tomas.okafor@sablesystems.com
003000000000002016,001000000000001023,Noah,Mbeki,Ops Lead,noah.mbeki@ridgesphere.com
003000000000002017,001000000000001023,Kwame,Walsh,Ops Lead,kwame.walsh@ridgesphere.com
003000000000002018,001000000000001024,Elena,Duarte,VP Eng,elena.duarte@cedarcloud.com
003000000000002019,001000000000001025,Noah,Costa,CIO,noah.costa@unionfabric.com
003000000000002020,001000000000001025,Ravi,Khan,CIO,ravi.khan@unionfabric.com
003000000000002021,001000000000001026,Lucia,Khan,CIO,lucia.khan@sablefabric.com
003000000000002022,001000000000001026,Sofia,Khan,IT Director,sofia.khan@sablefabric.com
003000000000002023,001000000000001026,Mei,Andersen,Admin,mei.andersen@sablefabric.com
003000000000002024,001000000000001027,Tomas,Kim,CIO,tomas.kim@standard.com
003000000000002025,001000000000001027,Liam,Moreau,Admin,liam.moreau@standard.com
003000000000002026,001000000000001028,Hana,Walsh,Admin,hana.walsh@consolidated.com
003000000000002027,001000000000001028,Sean,Reyes,CIO,sean.reyes@consolidated.com
003000000000002028,001000000000001028,Chen,Larsson,VP Eng,chen.larsson@consolidated.com
003000000000002029,001000000000001029,Mei,Moreau,CIO,mei.moreau@unionsphere.com
003000000000002030,001000000000001030,Liam,Larsson,Admin,liam.larsson@onyxworks.com
003000000000002031,001000000000001031,Diego,Tanaka,CIO,diego.tanaka@meridiansoft.com
003000000000002032,001000000000001032,Faisal,Nguyen,Ops Lead,faisal.nguyen@consolidated.com
003000000000002033,001000000000001032,Priya,Duarte,IT Director,priya.duarte@consolidated.com
003000000000002034,001000000000001033,Elena,Moreau,VP Eng,elena.moreau@pioneerlogic.com
003000000000002035,001000000000001033,Sofia,Okafor,IT Director,sofia.okafor@pioneerlogic.com
003000000000002036,001000000000001033,Priya,Kim,IT Director,priya.kim@pioneerlogic.com
003000000000002037,001000000000001034,Elena,Khan,IT Director,elena.khan@meridian.com
003000000000002038,001000000000001034,Priya,Patel,Ops Lead,priya.patel@meridian.com
003000000000002039,001000000000001034,Ravi,Andersen,IT Director,ravi.andersen@meridian.com
003000000000002040,001000000000001035,Lucia,Costa,CIO,lucia.costa@onyxmicro.com
003000000000002041,001000000000001035,Diego,Costa,CIO,diego.costa@onyxmicro.com
003000000000002042,001000000000001036,Lucia,Mbeki,CIO,lucia.mbeki@sterlinglogic.com
003000000000002043,001000000000001036,Liam,Duarte,Ops Lead,liam.duarte@sterlinglogic.com
003000000000002044,001000000000001036,Kwame,Haddad,Admin,kwame.haddad@sterlinglogic.com
003000000000002045,001000000000001037,Kwame,Rossi,Admin,kwame.rossi@maplegrid.com
003000000000002046,001000000000001037,Tomas,Haddad,Admin,tomas.haddad@maplegrid.com
003000000000002047,001000000000001037,Lucia,Haddad,Ops Lead,lucia.haddad@maplegrid.com
003000000000002048,001000000000001038,Elena,Rossi,IT Director,elena.rossi@quantumlink.com
003000000000002049,001000000000001039,Priya,Haddad,CIO,priya.haddad@onyxsystems.com
003000000000002050,001000000000001039,Nadia,Larsson,VP Eng,nadia.larsson@onyxsystems.com
003000000000002051,001000000000001039,Nadia,Moreau,VP Eng,nadia.moreau@onyxsystems.com
003000000000002052,001000000000001040,Liam,Nguyen,IT Director,liam.nguyen@deltalink.com
003000000000002053,001000000000001040,Omar,Haddad,Ops Lead,omar.haddad@deltalink.com
003000000000002054,001000000000001040,Tomas,Novak,Ops Lead,tomas.novak@deltalink.com
003000000000002055,001000000000001041,Ingrid,Moreau,Admin,ingrid.moreau@coppersignal.com
003000000000002056,001000000000001041,Diego,Okafor,VP Eng,diego.okafor@coppersignal.com
003000000000002057,001000000000001042,Liam,Andersen,Ops Lead,liam.andersen@uniondigital.com
003000000000002058,001000000000001042,Nadia,Reyes,VP Eng,nadia.reyes@uniondigital.com
003000000000002059,001000000000001042,Faisal,Duarte,VP Eng,faisal.duarte@uniondigital.com
003000000000002060,001000000000001043,Liam,Khan,Admin,liam.khan@orchardwave.com
003000000000002061,001000000000001044,Sean,Moreau,Admin,sean.moreau@keystonedynamics.com
003000000000002062,001000000000001044,Sean,Nguyen,VP Eng,sean.nguyen@keystonedynamics.com
003000000000002063,001000000000001045,Sean,Nguyen,VP Eng,sean.nguyen@silvervector.com
003000000000002064,001000000000001045,Priya,Costa,Ops Lead,priya.costa@silvervector.com
003000000000002065,001000000000001046,Diego,Okafor,Ops Lead,diego.okafor@granitedynamics.com
003000000000002066,001000000000001047,Elena,Reyes,VP Eng,elena.reyes@ridgecompute.com
003000000000002067,001000000000001047,Ravi,Okafor,CIO,ravi.okafor@ridgecompute.com
003000000000002068,001000000000001048,Noah,Costa,Admin,noah.costa@helios.com
003000000000002069,001000000000001048,Ingrid,Tanaka,CIO,ingrid.tanaka@helios.com
003000000000002070,001000000000001048,Ingrid,Okafor,Ops Lead,ingrid.okafor@helios.com
003000000000002071,001000000000001049,Lucia,Nguyen,CIO,lucia.nguyen@mapleloop.com
003000000000002072,001000000000001049,Omar,Costa,IT Director,omar.costa@mapleloop.com
003000000000002073,001000000000001050,Omar,Kim,Ops Lead,omar.kim@summitlink.com
003000000000002074,001000000000001050,Sofia,Larsson,CIO,sofia.larsson@summitlink.com
003000000000002075,001000000000001050,Ingrid,Kim,Admin,ingrid.kim@summitlink.com
003000000000002076,001000000000001051,Hana,Moreau,Admin,hana.moreau@ridgefabric.com
003000000000002077,001000000000001051,Ingrid,Moreau,VP Eng,ingrid.moreau@ridgefabric.com
003000000000002078,001000000000001051,Aisha,Khan,CIO,aisha.khan@ridgefabric.com
003000000000002079,001000000000001052,Sean,Khan,Ops Lead,sean.khan@sterlingcore.com
003000000000002080,001000000000001052,Lucia,Khan,VP Eng,lucia.khan@sterlingcore.com
003000000000002081,001000000000001053,Chen,Nguyen,IT Director,chen.nguyen@harborvector.com
003000000000002082,001000000000001053,Faisal,Nguyen,Ops Lead,faisal.nguyen@harborvector.com
003000000000002083,001000000000001053,Mei,Duarte,Admin,mei.duarte@harborvector.com
003000000000002084,001000000000001054,Hana,Andersen,VP Eng,hana.andersen@sterlingdata.com
003000000000002085,001000000000001054,Chen,Novak,Ops Lead,chen.novak@sterlingdata.com
003000000000002086,001000000000001054,Diego,Reyes,Admin,diego.reyes@sterlingdata.com
003000000000002087,001000000000001055,Lucia,Andersen,Ops Lead,lucia.andersen@sterlinglink.com
003000000000002088,001000000000001055,Sean,Nguyen,Ops Lead,sean.nguyen@sterlinglink.com
003000000000002089,001000000000001055,Tomas,Costa,Admin,tomas.costa@sterlinglink.com
003000000000002090,001000000000001056,Faisal,Andersen,Admin,faisal.andersen@aurorasignal.com
003000000000002091,001000000000001057,Diego,Rossi,CIO,diego.rossi@silvercore.com
003000000000002092,001000000000001057,Ingrid,Andersen,VP Eng,ingrid.andersen@silvercore.com
003000000000002093,001000000000001057,Elena,Nguyen,VP Eng,elena.nguyen@silvercore.com
003000000000002094,001000000000001058,Noah,Silva,Admin,noah.silva@bluesphere.com
003000000000002095,001000000000001059,Liam,Novak,IT Director,liam.novak@maplecore.com
003000000000002096,001000000000001059,Kwame,Reyes,VP Eng,kwame.reyes@maplecore.com
003000000000002097,001000000000001059,Sofia,Reyes,CIO,sofia.reyes@maplecore.com
003000000000002098,001000000000001060,Mei,Reyes,IT Director,mei.reyes@larksignal.com
003000000000002099,001000000000001060,Hana,Andersen,CIO,hana.andersen@larksignal.com
003000000000002100,001000000000001061,Chen,Rossi,IT Director,chen.rossi@novasystems.com
003000000000002101,001000000000001061,Noah,Okafor,VP Eng,noah.okafor@novasystems.com
003000000000002102,001000000000001062,Elena,Duarte,VP Eng,elena.duarte@brightstream.com
003000000000002103,001000000000001062,Hana,Reyes,Admin,hana.reyes@brightstream.com
003000000000002104,001000000000001063,Ravi,Andersen,CIO,ravi.andersen@deltanetworks.com
003000000000002105,001000000000001064,Nadia,Silva,IT Director,nadia.silva@ridgestream.com
003000000000002106,001000000000001065,Kwame,Novak,IT Director,kwame.novak@atlasdynamics.com
003000000000002107,001000000000001066,Hana,Silva,CIO,hana.silva@cobaltcompute.com
003000000000002108,001000000000001067,Chen,Andersen,VP Eng,chen.andersen@pioneerlabs.com
003000000000002109,001000000000001067,Chen,Duarte,Admin,chen.duarte@pioneerlabs.com
003000000000002110,001000000000001068,Priya,Reyes,CIO,priya.reyes@blueforge.com
003000000000002111,001000000000001068,Noah,Patel,CIO,noah.patel@blueforge.com
003000000000002112,001000000000001069,Ingrid,Kim,IT Director,ingrid.kim@coppertech.com
003000000000002113,001000000000001069,Mei,Reyes,CIO,mei.reyes@coppertech.com
003000000000002114,001000000000001070,Nadia,Khan,Admin,nadia.khan@copperlink.com
003000000000002115,001000000000001070,Ravi,Andersen,IT Director,ravi.andersen@copperlink.com
003000000000002116,001000000000001071,Sean,Moreau,Ops Lead,sean.moreau@emeraldvision.com
003000000000002117,001000000000001071,Tomas,Moreau,Admin,tomas.moreau@emeraldvision.com
003000000000002118,001000000000001071,Ingrid,Haddad,Admin,ingrid.haddad@emeraldvision.com
003000000000002119,001000000000001072,Nadia,Nguyen,IT Director,nadia.nguyen@emeraldsystems.com
003000000000002120,001000000000001072,Ingrid,Tanaka,CIO,ingrid.tanaka@emeraldsystems.com
003000000000002121,001000000000001073,Ravi,Silva,Admin,ravi.silva@ironcompute.com
003000000000002122,001000000000001073,Elena,Novak,CIO,elena.novak@ironcompute.com
003000000000002123,001000000000001074,Tomas,Khan,IT Director,tomas.khan@vanguardfabric.com
003000000000002124,001000000000001074,Ingrid,Costa,Admin,ingrid.costa@vanguardfabric.com
003000000000002125,001000000000001074,Liam,Larsson,CIO,liam.larsson@vanguardfabric.com
003000000000002126,001000000000001075,Sofia,Okafor,CIO,sofia.okafor@harborstream.com
003000000000002127,001000000000001075,Ravi,Tanaka,VP Eng,ravi.tanaka@harborstream.com
003000000000002128,001000000000001075,Elena,Novak,Ops Lead,elena.novak@harborstream.com
003000000000002129,001000000000001076,Mei,Kim,Admin,mei.kim@aurorasystems.com
003000000000002130,001000000000001076,Elena,Silva,IT Director,elena.silva@aurorasystems.com
003000000000002131,001000000000001076,Aisha,Novak,Ops Lead,aisha.novak@aurorasystems.com
003000000000002132,001000000000001077,Liam,Haddad,Ops Lead,liam.haddad@beaconfabric.com
003000000000002133,001000000000001077,Aisha,Khan,Ops Lead,aisha.khan@beaconfabric.com
003000000000002134,001000000000001077,Hana,Okafor,Admin,hana.okafor@beaconfabric.com
003000000000002135,001000000000001078,Noah,Moreau,CIO,noah.moreau@onyxdata.com
003000000000002136,001000000000001079,Mei,Khan,IT Director,mei.khan@silverstream.com
003000000000002137,001000000000001080,Lucia,Khan,CIO,lucia.khan@novadata.com
003000000000002138,001000000000001081,Chen,Reyes,Admin,chen.reyes@orchardsphere.com
003000000000002139,001000000000001081,Lucia,Okafor,CIO,lucia.okafor@orchardsphere.com
003000000000002140,001000000000001081,Priya,Larsson,IT Director,priya.larsson@orchardsphere.com
003000000000002141,001000000000001082,Tomas,Nguyen,Admin,tomas.nguyen@brightforge.com
003000000000002142,001000000000001082,Sofia,Haddad,Admin,sofia.haddad@brightforge.com
003000000000002143,001000000000001082,Faisal,Costa,Ops Lead,faisal.costa@brightforge.com
003000000000002144,001000000000001083,Yara,Walsh,Ops Lead,yara.walsh@cedarvision.com
003000000000002145,001000000000001083,Liam,Costa,VP Eng,liam.costa@cedarvision.com
003000000000002146,001000000000001083,Omar,Duarte,Ops Lead,omar.duarte@cedarvision.com
003000000000002147,001000000000001084,Ingrid,Larsson,Admin,ingrid.larsson@emeraldlink.com
003000000000002148,001000000000001084,Priya,Okafor,Admin,priya.okafor@emeraldlink.com
003000000000002149,001000000000001085,Kwame,Costa,VP Eng,kwame.costa@cascadenetworks.com
003000000000002150,001000000000001085,Faisal,Haddad,Admin,faisal.haddad@cascadenetworks.com
003000000000002151,001000000000001086,Ravi,Silva,Admin,ravi.silva@novadigital.com
003000000000002152,001000000000001087,Hana,Mbeki,CIO,hana.mbeki@titandigital.com
003000000000002153,001000000000001088,Noah,Rossi,IT Director,noah.rossi@sterlingforge.com
003000000000002154,001000000000001088,Ravi,Reyes,CIO,ravi.reyes@sterlingforge.com
003000000000002155,001000000000001088,Yara,Haddad,Ops Lead,yara.haddad@sterlingforge.com
003000000000002156,001000000000001089,Priya,Silva,Ops Lead,priya.silva@pacificsphere.com
003000000000002157,001000000000001089,Faisal,Nguyen,Ops Lead,faisal.nguyen@pacificsphere.com
003000000000002158,001000000000001090,Ingrid,Moreau,Ops Lead,ingrid.moreau@keystonemetric.com
003000000000002159,001000000000001091,Priya,Haddad,CIO,priya.haddad@summitmetric.com
003000000000002160,001000000000001092,Sean,Khan,VP Eng,sean.khan@silversphere.com
003000000000002161,001000000000001092,Ravi,Duarte,VP Eng,ravi.duarte@silversphere.com
003000000000002162,001000000000001093,Ingrid,Kim,IT Director,ingrid.kim@consolidated.com
003000000000002163,001000000000001093,Omar,Reyes,CIO,omar.reyes@consolidated.com
003000000000002164,001000000000001093,Hana,Andersen,IT Director,hana.andersen@consolidated.com
003000000000002165,001000000000001094,Nadia,Reyes,CIO,nadia.reyes@pioneerdata.com
003000000000002166,001000000000001094,Nadia,Costa,IT Director,nadia.costa@pioneerdata.com
003000000000002167,001000000000001095,Elena,Haddad,IT Director,elena.haddad@meridianmetric.com
003000000000002168,001000000000001096,Priya,Patel,IT Director,priya.patel@orchardcloud.com
003000000000002169,001000000000001096,Ingrid,Patel,Admin,ingrid.patel@orchardcloud.com
003000000000002170,001000000000001097,Chen,Haddad,Ops Lead,chen.haddad@quantumdata.com
003000000000002171,001000000000001097,Liam,Walsh,Ops Lead,liam.walsh@quantumdata.com
003000000000002172,001000000000001098,Priya,Patel,Admin,priya.patel@atlaslabs.com
003000000000002173,001000000000001099,Sofia,Reyes,IT Director,sofia.reyes@onyxlabs.com
003000000000002174,001000000000001099,Liam,Reyes,Ops Lead,liam.reyes@onyxlabs.com
003000000000002175,001000000000001100,Priya,Okafor,CIO,priya.okafor@cobaltstream.com
003000000000002176,001000000000001100,Faisal,Andersen,Ops Lead,faisal.andersen@cobaltstream.com
003000000000002177,001000000000001100,Noah,Haddad,Ops Lead,noah.haddad@cobaltstream.com
003000000000002178,001000000000001101,Tomas,Mbeki,Ops Lead,tomas.mbeki@meridianvision.com
003000000000002179,001000000000001101,Sofia,Haddad,Admin,sofia.haddad@meridianvision.com
003000000000002180,001000000000001101,Omar,Novak,CIO,omar.novak@meridianvision.com
003000000000002181,001000000000001102,Noah,Larsson,IT Director,noah.larsson@coppercore.com
003000000000002182,001000000000001102,Hana,Kim,Ops Lead,hana.kim@coppercore.com
003000000000002183,001000000000001103,Nadia,Rossi,VP Eng,nadia.rossi@vertexsystems.com
003000000000002184,001000000000001104,Aisha,Mbeki,Ops Lead,aisha.mbeki@bluegrid.com
003000000000002185,001000000000001104,Kwame,Tanaka,Admin,kwame.tanaka@bluegrid.com
003000000000002186,001000000000001104,Noah,Okafor,Admin,noah.okafor@bluegrid.com
003000000000002187,001000000000001105,Aisha,Mbeki,Admin,aisha.mbeki@sablemicro.com
003000000000002188,001000000000001105,Sean,Andersen,CIO,sean.andersen@sablemicro.com
003000000000002189,001000000000001105,Tomas,Silva,Ops Lead,tomas.silva@sablemicro.com
003000000000002190,001000000000001106,Omar,Moreau,CIO,omar.moreau@bluegrid.com
003000000000002191,001000000000001106,Noah,Patel,Ops Lead,noah.patel@bluegrid.com
003000000000002192,001000000000001106,Mei,Duarte,Ops Lead,mei.duarte@bluegrid.com
003000000000002193,001000000000001107,Aisha,Patel,CIO,aisha.patel@sterlingdigital.com
003000000000002194,001000000000001108,Chen,Haddad,Admin,chen.haddad@keystonemicro.com
003000000000002195,001000000000001108,Mei,Larsson,Ops Lead,mei.larsson@keystonemicro.com
003000000000002196,001000000000001108,Sean,Larsson,Ops Lead,sean.larsson@keystonemicro.com
003000000000002197,001000000000001109,Sofia,Andersen,CIO,sofia.andersen@meridiansignal.com
003000000000002198,001000000000001110,Nadia,Patel,Ops Lead,nadia.patel@onyxsoft.com
003000000000002199,001000000000001110,Elena,Novak,IT Director,elena.novak@onyxsoft.com
003000000000002200,001000000000001111,Chen,Khan,VP Eng,chen.khan@onyxlogic.com
003000000000002201,001000000000001111,Aisha,Costa,VP Eng,aisha.costa@onyxlogic.com
003000000000002202,001000000000001112,Diego,Tanaka,Admin,diego.tanaka@northsystems.com
003000000000002203,001000000000001113,Kwame,Mbeki,VP Eng,kwame.mbeki@cascadeworks.com
003000000000002204,001000000000001113,Diego,Duarte,CIO,diego.duarte@cascadeworks.com
003000000000002205,001000000000001114,Mei,Walsh,VP Eng,mei.walsh@vanguardcompute.com
003000000000002206,001000000000001114,Yara,Mbeki,IT Director,yara.mbeki@vanguardcompute.com
003000000000002207,001000000000001114,Omar,Patel,Ops Lead,omar.patel@vanguardcompute.com
003000000000002208,001000000000001115,Lucia,Andersen,Admin,lucia.andersen@meridiancompute.com
003000000000002209,001000000000001115,Aisha,Costa,VP Eng,aisha.costa@meridiancompute.com
003000000000002210,001000000000001115,Priya,Mbeki,Admin,priya.mbeki@meridiancompute.com
003000000000002211,001000000000001116,Lucia,Mbeki,Ops Lead,lucia.mbeki@vertexanalytics.com
003000000000002212,001000000000001117,Faisal,Novak,VP Eng,faisal.novak@meridiandigital.com
003000000000002213,001000000000001117,Mei,Kim,Ops Lead,mei.kim@meridiandigital.com
003000000000002214,001000000000001118,Sean,Patel,VP Eng,sean.patel@emeraldgrid.com
003000000000002215,001000000000001119,Yara,Patel,Admin,yara.patel@novasystems.com
003000000000002216,001000000000001119,Mei,Mbeki,Ops Lead,mei.mbeki@novasystems.com
003000000000002217,001000000000001120,Liam,Costa,Admin,liam.costa@harborfabric.com
003000000000002218,001000000000001121,Nadia,Khan,CIO,nadia.khan@harborsignal.com
003000000000002219,001000000000001121,Liam,Okafor,Ops Lead,liam.okafor@harborsignal.com
003000000000002220,001000000000001122,Priya,Costa,CIO,priya.costa@meridiangrid.com
003000000000002221,001000000000001122,Diego,Rossi,Ops Lead,diego.rossi@meridiangrid.com
003000000000002222,001000000000001122,Kwame,Rossi,IT Director,kwame.rossi@meridiangrid.com
003000000000002223,001000000000001123,Hana,Silva,Ops Lead,hana.silva@ridgeanalytics.com
003000000000002224,001000000000001123,Yara,Larsson,CIO,yara.larsson@ridgeanalytics.com
003000000000002225,001000000000001123,Kwame,Reyes,IT Director,kwame.reyes@ridgeanalytics.com
003000000000002226,001000000000001124,Priya,Tanaka,VP Eng,priya.tanaka@granitedigital.com
003000000000002227,001000000000001124,Ingrid,Silva,Ops Lead,ingrid.silva@granitedigital.com
003000000000002228,001000000000001125,Ingrid,Moreau,IT Director,ingrid.moreau@emeraldgrid.com
003000000000002229,001000000000001126,Aisha,Rossi,Admin,aisha.rossi@summitstream.com
003000000000002230,001000000000001126,Hana,Haddad,VP Eng,hana.haddad@summitstream.com
003000000000002231,001000000000001127,Ravi,Tanaka,Admin,ravi.tanaka@beaconcloud.com
003000000000002232,001000000000001127,Ravi,Mbeki,Admin,ravi.mbeki@beaconcloud.com
003000000000002233,001000000000001127,Nadia,Nguyen,IT Director,nadia.nguyen@beaconcloud.com
003000000000002234,001000000000001128,Ingrid,Rossi,CIO,ingrid.rossi@silverworks.com
003000000000002235,001000000000001128,Ravi,Moreau,Ops Lead,ravi.moreau@silverworks.com
003000000000002236,001000000000001128,Lucia,Moreau,Admin,lucia.moreau@silverworks.com
003000000000002237,001000000000001129,Tomas,Okafor,CIO,tomas.okafor@cedartech.com
003000000000002238,001000000000001130,Tomas,Reyes,VP Eng,tomas.reyes@pan-atlantic.com
003000000000002239,001000000000001131,Nadia,Andersen,VP Eng,nadia.andersen@pioneerlabs.com
003000000000002240,001000000000001131,Sofia,Patel,Admin,sofia.patel@pioneerlabs.com
003000000000002241,001000000000001131,Omar,Nguyen,Admin,omar.nguyen@pioneerlabs.com
003000000000002242,001000000000001132,Faisal,Moreau,VP Eng,faisal.moreau@novanetworks.com
003000000000002243,001000000000001133,Chen,Walsh,Admin,chen.walsh@mapleforge.com
003000000000002244,001000000000001133,Hana,Nguyen,VP Eng,hana.nguyen@mapleforge.com
003000000000002245,001000000000001133,Sean,Novak,Admin,sean.novak@mapleforge.com
003000000000002246,001000000000001134,Sean,Silva,CIO,sean.silva@ridgelink.com
003000000000002247,001000000000001134,Priya,Andersen,Ops Lead,priya.andersen@ridgelink.com
003000000000002248,001000000000001134,Faisal,Haddad,VP Eng,faisal.haddad@ridgelink.com
003000000000002249,001000000000001135,Sean,Andersen,Ops Lead,sean.andersen@onyxlogic.com
003000000000002250,001000000000001136,Omar,Costa,CIO,omar.costa@novanexus.com
003000000000002251,001000000000001136,Mei,Rossi,IT Director,mei.rossi@novanexus.com
003000000000002252,001000000000001136,Ravi,Walsh,IT Director,ravi.walsh@novanexus.com
003000000000002253,001000000000001137,Tomas,Moreau,Admin,tomas.moreau@unionwave.com
003000000000002254,001000000000001137,Omar,Walsh,Admin,omar.walsh@unionwave.com
003000000000002255,001000000000001137,Sean,Reyes,IT Director,sean.reyes@unionwave.com
003000000000002256,001000000000001138,Tomas,Larsson,VP Eng,tomas.larsson@quantumtech.com
003000000000002257,001000000000001139,Elena,Reyes,CIO,elena.reyes@keystonegrid.com
003000000000002258,001000000000001140,Ravi,Novak,Admin,ravi.novak@crownmicro.com
003000000000002259,001000000000001141,Sean,Moreau,IT Director,sean.moreau@emeraldnetworks.com
003000000000002260,001000000000001142,Aisha,Reyes,VP Eng,aisha.reyes@atlasdynamics.com
003000000000002261,001000000000001143,Tomas,Costa,CIO,tomas.costa@deltatech.com
003000000000002262,001000000000001143,Yara,Rossi,CIO,yara.rossi@deltatech.com
003000000000002263,001000000000001143,Lucia,Duarte,CIO,lucia.duarte@deltatech.com
003000000000002264,001000000000001144,Tomas,Duarte,Ops Lead,tomas.duarte@brightmetric.com
003000000000002265,001000000000001144,Aisha,Rossi,IT Director,aisha.rossi@brightmetric.com
003000000000002266,001000000000001144,Liam,Rossi,VP Eng,liam.rossi@brightmetric.com
003000000000002267,001000000000001145,Yara,Rossi,Admin,yara.rossi@deltaanalytics.com
003000000000002268,001000000000001145,Chen,Novak,Admin,chen.novak@deltaanalytics.com
003000000000002269,001000000000001146,Mei,Larsson,Admin,mei.larsson@novavector.com
003000000000002270,001000000000001147,Kwame,Andersen,Ops Lead,kwame.andersen@summitforge.com
003000000000002271,001000000000001147,Liam,Andersen,Ops Lead,liam.andersen@summitforge.com
003000000000002272,001000000000001147,Yara,Andersen,VP Eng,yara.andersen@summitforge.com
003000000000002273,001000000000001148,Elena,Nguyen,IT Director,elena.nguyen@novaforge.com
003000000000002274,001000000000001148,Lucia,Patel,VP Eng,lucia.patel@novaforge.com
003000000000002275,001000000000001149,Nadia,Novak,CIO,nadia.novak@irongrid.com
003000000000002276,001000000000001150,Kwame,Haddad,CIO,kwame.haddad@quantumpulse.com
003000000000002277,001000000000001151,Sofia,Haddad,Ops Lead,sofia.haddad@unionstream.com
003000000000002278,001000000000001151,Kwame,Moreau,CIO,kwame.moreau@unionstream.com
003000000000002279,001000000000001151,Sean,Walsh,IT Director,sean.walsh@unionstream.com
003000000000002280,001000000000001152,Mei,Andersen,VP Eng,mei.andersen@summitdynamics.com
003000000000002281,001000000000001152,Hana,Nguyen,IT Director,hana.nguyen@summitdynamics.com
003000000000002282,001000000000001153,Liam,Mbeki,CIO,liam.mbeki@consolidated.com
003000000000002283,001000000000001153,Mei,Nguyen,Admin,mei.nguyen@consolidated.com
003000000000002284,001000000000001154,Ingrid,Khan,Ops Lead,ingrid.khan@keystonemetric.com
003000000000002285,001000000000001154,Priya,Costa,VP Eng,priya.costa@keystonemetric.com
003000000000002286,001000000000001155,Mei,Costa,VP Eng,mei.costa@onyxstream.com
003000000000002287,001000000000001155,Liam,Nguyen,CIO,liam.nguyen@onyxstream.com
003000000000002288,001000000000001155,Faisal,Patel,VP Eng,faisal.patel@onyxstream.com
003000000000002289,001000000000001156,Omar,Walsh,CIO,omar.walsh@pioneerpulse.com
003000000000002290,001000000000001157,Lucia,Patel,CIO,lucia.patel@summitlabs.com
003000000000002291,001000000000001158,Noah,Silva,Ops Lead,noah.silva@apexworks.com
003000000000002292,001000000000001158,Faisal,Novak,Ops Lead,faisal.novak@apexworks.com
003000000000002293,001000000000001158,Ingrid,Nguyen,CIO,ingrid.nguyen@apexworks.com
003000000000002294,001000000000001159,Omar,Haddad,VP Eng,omar.haddad@ridgelabs.com
003000000000002295,001000000000001159,Omar,Okafor,Ops Lead,omar.okafor@ridgelabs.com
003000000000002296,001000000000001160,Liam,Novak,VP Eng,liam.novak@deltacompute.com
003000000000002297,001000000000001160,Chen,Silva,Admin,chen.silva@deltacompute.com
003000000000002298,001000000000001160,Sean,Walsh,IT Director,sean.walsh@deltacompute.com
003000000000002299,001000000000001161,Lucia,Silva,Ops Lead,lucia.silva@unionsystems.com
003000000000002300,001000000000001161,Priya,Duarte,Ops Lead,priya.duarte@unionsystems.com
003000000000002301,001000000000001162,Ingrid,Kim,VP Eng,ingrid.kim@cobaltanalytics.com
003000000000002302,001000000000001163,Mei,Reyes,Admin,mei.reyes@pioneertech.com
003000000000002303,001000000000001163,Omar,Andersen,Admin,omar.andersen@pioneertech.com
003000000000002304,001000000000001163,Mei,Walsh,CIO,mei.walsh@pioneertech.com
003000000000002305,001000000000001164,Sofia,Okafor,VP Eng,sofia.okafor@titandynamics.com
003000000000002306,001000000000001164,Yara,Reyes,CIO,yara.reyes@titandynamics.com
003000000000002307,001000000000001164,Chen,Tanaka,IT Director,chen.tanaka@titandynamics.com
003000000000002308,001000000000001165,Yara,Kim,CIO,yara.kim@meridian.com
003000000000002309,001000000000001165,Kwame,Mbeki,Admin,kwame.mbeki@meridian.com
003000000000002310,001000000000001166,Sofia,Rossi,Admin,sofia.rossi@cascademicro.com
003000000000002311,001000000000001166,Ingrid,Larsson,Ops Lead,ingrid.larsson@cascademicro.com
003000000000002312,001000000000001167,Liam,Costa,Ops Lead,liam.costa@maplemetric.com
003000000000002313,001000000000001167,Chen,Khan,IT Director,chen.khan@maplemetric.com
003000000000002314,001000000000001167,Ravi,Patel,Ops Lead,ravi.patel@maplemetric.com
003000000000002315,001000000000001168,Kwame,Walsh,Admin,kwame.walsh@bluegrid.com
003000000000002316,001000000000001168,Priya,Haddad,CIO,priya.haddad@bluegrid.com
003000000000002317,001000000000001168,Elena,Silva,IT Director,elena.silva@bluegrid.com
003000000000002318,001000000000001169,Sean,Costa,VP Eng,sean.costa@granitegrid.com
003000000000002319,001000000000001169,Ingrid,Reyes,VP Eng,ingrid.reyes@granitegrid.com
003000000000002320,001000000000001169,Tomas,Rossi,VP Eng,tomas.rossi@granitegrid.com
003000000000002321,001000000000001170,Lucia,Novak,VP Eng,lucia.novak@apexsoft.com
003000000000002322,001000000000001170,Priya,Mbeki,IT Director,priya.mbeki@apexsoft.com
003000000000002323,001000000000001171,Sean,Novak,IT Director,sean.novak@emeraldlogic.com
003000000000002324,001000000000001171,Elena,Moreau,Admin,elena.moreau@emeraldlogic.com
003000000000002325,001000000000001171,Nadia,Patel,VP Eng,nadia.patel@emeraldlogic.com
003000000000002326,001000000000001172,Liam,Novak,Admin,liam.novak@summitbyte.com
003000000000002327,001000000000001172,Diego,Mbeki,IT Director,diego.mbeki@summitbyte.com
003000000000002328,001000000000001173,Lucia,Silva,IT Director,lucia.silva@atlaswave.com
003000000000002329,001000000000001174,Liam,Khan,IT Director,liam.khan@bluepulse.com
003000000000002330,001000000000001174,Aisha,Silva,Ops Lead,aisha.silva@bluepulse.com
003000000000002331,001000000000001175,Lucia,Walsh,Admin,lucia.walsh@onyxsoft.com
003000000000002332,001000000000001175,Lucia,Novak,CIO,lucia.novak@onyxsoft.com
003000000000002333,001000000000001175,Chen,Okafor,VP Eng,chen.okafor@onyxsoft.com
003000000000002334,001000000000001176,Nadia,Tanaka,Ops Lead,nadia.tanaka@consolidated.com
003000000000002335,001000000000001176,Nadia,Moreau,VP Eng,nadia.moreau@consolidated.com
003000000000002336,001000000000001177,Aisha,Walsh,IT Director,aisha.walsh@crownlink.com
003000000000002337,001000000000001177,Ravi,Novak,Ops Lead,ravi.novak@crownlink.com
003000000000002338,001000000000001178,Ravi,Kim,Admin,ravi.kim@novasignal.com
003000000000002339,001000000000001178,Kwame,Patel,Admin,kwame.patel@novasignal.com
003000000000002340,001000000000001179,Aisha,Patel,IT Director,aisha.patel@keystonecompute.com
003000000000002341,001000000000001179,Diego,Andersen,IT Director,diego.andersen@keystonecompute.com
003000000000002342,001000000000001180,Tomas,Walsh,IT Director,tomas.walsh@atlasdynamics.com
003000000000002343,001000000000001181,Tomas,Moreau,IT Director,tomas.moreau@ridgevision.com
003000000000002344,001000000000001182,Aisha,Costa,IT Director,aisha.costa@apexlink.com
003000000000002345,001000000000001183,Sofia,Khan,Admin,sofia.khan@brightpulse.com
003000000000002346,001000000000001184,Elena,Nguyen,VP Eng,elena.nguyen@apexmetric.com
003000000000002347,001000000000001184,Noah,Walsh,Admin,noah.walsh@apexmetric.com
003000000000002348,001000000000001185,Mei,Larsson,VP Eng,mei.larsson@summitcloud.com
003000000000002349,001000000000001185,Hana,Tanaka,VP Eng,hana.tanaka@summitcloud.com
003000000000002350,001000000000001186,Liam,Okafor,Admin,liam.okafor@pioneervector.com
003000000000002351,001000000000001187,Omar,Costa,Admin,omar.costa@meridianlogic.com
003000000000002352,001000000000001187,Tomas,Costa,Admin,tomas.costa@meridianlogic.com
003000000000002353,001000000000001188,Liam,Larsson,Ops Lead,liam.larsson@larkdata.com
003000000000002354,001000000000001188,Mei,Novak,Ops Lead,mei.novak@larkdata.com
003000000000002355,001000000000001189,Mei,Okafor,IT Director,mei.okafor@keystoneanalytics.com
003000000000002356,001000000000001189,Ravi,Tanaka,Ops Lead,ravi.tanaka@keystoneanalytics.com
003000000000002357,001000000000001190,Chen,Khan,CIO,chen.khan@cedardata.com
003000000000002358,001000000000001190,Liam,Tanaka,Admin,liam.tanaka@cedardata.com
003000000000002359,001000000000001191,Faisal,Rossi,VP Eng,faisal.rossi@brightpulse.com
003000000000002360,001000000000001191,Ingrid,Silva,VP Eng,ingrid.silva@brightpulse.com
003000000000002361,001000000000001192,Noah,Moreau,VP Eng,noah.moreau@granitepulse.com
003000000000002362,001000000000001192,Nadia,Khan,VP Eng,nadia.khan@granitepulse.com
003000000000002363,001000000000001192,Noah,Patel,IT Director,noah.patel@granitepulse.com
003000000000002364,001000000000001193,Noah,Novak,Admin,noah.novak@cobaltwave.com
003000000000002365,001000000000001194,Aisha,Mbeki,IT Director,aisha.mbeki@larkforge.com
003000000000002366,001000000000001195,Nadia,Khan,Ops Lead,nadia.khan@vanguardsoft.com
003000000000002367,001000000000001195,Yara,Andersen,Admin,yara.andersen@vanguardsoft.com
003000000000002368,001000000000001195,Sofia,Costa,Ops Lead,sofia.costa@vanguardsoft.com
003000000000002369,001000000000001196,Lucia,Khan,VP Eng,lucia.khan@meridianvision.com
003000000000002370,001000000000001197,Lucia,Tanaka,Ops Lead,lucia.tanaka@onyxcompute.com
003000000000002371,001000000000001197,Diego,Larsson,Admin,diego.larsson@onyxcompute.com
003000000000002372,001000000000001198,Lucia,Larsson,CIO,lucia.larsson@cascadecompute.com
003000000000002373,001000000000001199,Tomas,Larsson,IT Director,tomas.larsson@emeraldfabric.com
003000000000002374,001000000000001199,Hana,Costa,Ops Lead,hana.costa@emeraldfabric.com
003000000000002375,001000000000001199,Mei,Silva,CIO,mei.silva@emeraldfabric.com
